Time_Gyr,E_sum,R_1,x_1,y_1,z_1,vx_1,vy_1,vz_1,R_2,x_2,y_2,z_2,vx_2,vy_2,vz_2,R_3,x_3,y_3,z_3,vx_3,vy_3,vz_3,R_4,x_4,y_4,z_4,vx_4,vy_4,vz_4
0,-1802773.80939944,7.99121954738625,7.91514938927352,1.100000000005,0.142868745425502,-33.7763911989629,217.664365505987,6.6836796540152,4.03895272965904,3.85657090592258,1.20000000000489,0.53250569415728,-55.7565827613684,231.576735518423,-7.17411667611884,11.9826374764421,11.9449194594118,0.950000000000289,0.0736379267412824,-22.0136124360854,189.125349556846,4.33666747990998,6.31128545641786,6.00444116612508,1.94396769390184,1.19460088259351,-37.1336173011926,222.958875029167,-9.74643249751182
0.00489385495495496,-1802746.62442596,7.96540265583108,7.66223608801037,2.17664365505987,0.166836796540152,-66.9432050670364,210.681122187842,2.66461610749954,4.14887110845227,3.44243417238632,2.31576735518423,0.428258833238812,-106.301243583749,207.362294975872,-32.8213104929922,11.9307180300721,11.7798638756391,1.89125349556846,0.0933666747990998,-43.9550190744511,186.493658987283,3.45850239639635,6.48043187129805,5.72866382698807,3.02958875029167,1.10253567502488,-71.7718458469883,208.336683602785,-26.4914241747628
0.00978770990990991,-1802874.62448779,7.92363918687189,7.24571733860316,3.20681122188342,0.169514906500497,-98.9352504520147,199.115320302119,-1.64328686627169,4.30355389683958,2.79355847008508,3.27362294976361,0.204292589227357,-148.140248176351,170.050023600972,-52.2535754480793,11.844719921273,11.5053692686673,2.81493658987312,0.108222950705246,-65.7511744383877,182.081475557296,2.40880231915952,6.64596572392614,5.2867227076552,4.02733452992968,0.929686640845878,-103.35567314091,188.14721021952,-41.888236817294
0.0146815648648649,-1803062.2206686,7.86752222551952,6.67288358349022,4.16779685808106,0.150403927877435,-129.176096201507,183.072319028589,-5.85643576964895,4.46945753483594,1.96103169062281,4.01626759119395,-0.0942769212419818,-178.669733495994,123.615819651056,-55.7462552597216,11.7254495706037,11.1223521312553,3.71206825114142,0.117454697990695,-87.3204230516217,175.849551144474,1.22870557627168,6.79430271152126,4.69510709557897,4.91106085248688,0.683653306851942,-131.431242992413,163.034229490322,-55.5141440362407
0.0195754198198198,-1802557.38661464,7.79912491809844,5.95395637658809,5.03753441216932,0.110950548804008,-157.063775928066,162.712952993527,-9.5359778263231,4.62081111199273,1.00686113512514,4.50978114627418,-0.353169963369859,-196.604656465542,72.8561510520542,-42.4625576179254,11.5740751070592,10.6321650381511,4.57343210131786,0.120510006467963,-108.567146012226,167.743401549228,-0.0415324587202043,6.91298419417221,3.97241027773107,5.65767682483291,0.374545200483471,-155.571154527263,133.611245381526,-66.5177251122629
0.0244692747747748,-1802510.89292589,7.72101575527417,5.10224582420956,5.79492638801633,0.0550441496142041,-181.963319605966,138.279491443011,-12.1008464752968,4.74483175185783,-0.00501487403261103,4.74482910171449,-0.518902497421236,-202.348302765949,21.5590095419641,-22.4412259002434,11.392176858544,10.036680671133,5.3895022666337,0.117039373403493,-129.375631540831,157.694539907365,-1.35893192665529,6.99163634210599,3.13939555030634,6.24717330630214,0.0184760557293127,-175.278487633486,100.635585982902,-71.6190550629808
0.0293631297297297,-1802343.68052184,7.63631172903826,4.13432318052843,6.42032932659942,-0.0100579159489604,-203.211888296689,110.129937707938,-12.8375579457472,4.83349288239955,-1.01662189253435,4.72537124169382,-0.577582222372293,-197.080409838805,-28.2522923907609,-0.87985300933131,11.1818165281997,9.33840872274279,6.15037750039151,0.10692068720141,-149.602948855415,145.622817529716,-2.67250067397011,7.02396387695479,2.21962540139621,6.66403268466193,-0.341645350146337,-189.948989725873,65.3730687607469,-67.6888489971679
0.0342569846846847,-1802332.64418773,7.54874885252609,3.07012694124267,6.89622576509571,-0.0733314298432676,-220.146365605605,78.7657860360359,-11.4029797194353,4.88016772624373,-1.97581897242066,4.46230617780688,-0.527701027514549,-181.750486001449,-75.3984476675719,20.2944698508596,10.9456268850196,8.54065118257886,6.84573044193086,0.0903143666637919,-169.070672261219,131.440534001646,-3.91662384124652,7.01140798710338,1.23990565304761,6.90090399390961,-0.658412434242366,-199.217774835384,29.1532358279823,-57.5213683933873
0.0391508396396396,-1802410.59300029,7.46264197377309,1.93285952447238,7.20798718695978,-0.124087713143313,-232.151703977493,44.8317591622791,-8.16766206748231,4.87895350324985,-2.83412675254884,3.9713867650181,-0.374637523863697,-156.908445780962,-118.857025249386,39.4469533448446,10.6869232586957,7.6477020001306,7.46478284040797,0.0677544487889447,-187.555491545759,115.05926684634,-5.00397874689791,6.95928282953551,0.227447653042368,6.95556504294175,-0.91685903408021,-203.0849918111,-7.21427481963439,-45.0342406028532
0.0440446945945946,-1802715.42643003,7.38259669109003,0.748609901467742,7.3445433567185,-0.155008050518091,-238.706116748307,9.10030239535967,-3.78720822823221,4.82531731996389,-3.54490343023028,3.27373592531302,-0.133231494066104,-122.946073293138,-157.270017033011,52.9587823313931,10.4098362876569,6.66509626712128,7.99632311039425,0.0402745791948127,-204.779148756474,96.4006721947808,-5.82081753044096,6.87441437370428,-0.790944265063396,6.82876124571327,-1.1087548402709,-201.612662723436,-43.1955367172725,-31.1438019439287
0.0489385495495495,-1802757.97524121,7.31310858879608,-0.454201643010693,7.29899021091338,-0.161959795425635,-239.415579243862,-27.538498493709,1.13388029913763,4.71873294769764,-4.06358748548022,2.39868659468799,0.154950299450235,-80.8713170818981,-188.507090942421,52.2311143030575,10.1194610150553,5.59991051256586,8.42878956235577,0.00954627348453511,-220.398880024255,75.4126730565146,-6.23123335415875,6.76438139629218,-1.78867897419199,6.52360967576903,-1.2282970535195,-194.806751830387,-78.3185751888798,-16.2213793099381
0.0538324045045045,-1802611.19937648,7.25815550705676,-1.64554589097088,7.06915837178141,-0.143669247526714,-234.050213962522,-64.0893527667937,6.01182688490494,4.56972297139391,-4.35361660104927,1.38866501588881,0.389079648964472,-32.6812230316843,-210.082056496632,36.8785690471374,9.82200856496203,4.46110746687873,8.7504498409594,-0.0220377543467748,-234.000677350376,52.0921793443453,-6.10540247899948,6.63710543843894,-2.73901178336727,6.04557549382447,-1.27096863337028,-182.602316664659,-112.081996498147,-0.494560515121314
0.0587262594594595,-1802650.95652097,7.22084625761575,-2.79470378263591,6.65809668324544,-0.101841526576586,-222.584975723164,-99.4766292297549,10.1883461454431,4.40049245382072,-4.39039971579706,0.297866029721665,0.523735989921609,19.3796401784072,-219.973715113096,14.902076755807,9.52493074725862,3.2599037390621,8.94971135579923,-0.0515077513054597,-245.099021528122,26.5144344150362,-5.37706652966395,6.50047753830247,-3.61470214083858,5.40278971078756,-1.23324265867071,-164.878060493498,-143.892495370442,15.8302747819668
0.0636201144144144,-1802789.6524772,7.20318980731576,-3.87139564820252,6.07439207948386,-0.0417857860722837,-205.23915750973,-132.587039533789,12.8436720591081,4.23815314715985,-4.15982019926519,-0.811072135242148,0.538100416522541,73.0381498061204,-216.538395546973,-9.96563156607016,9.23696432145079,2.01011725159751,9.01559418510976,-0.0758084196434143,-253.147519162306,-1.13192480143496,-4.06625020084374,6.36191411775038,-4.38779238830225,4.60665054012005,-1.11266588555061,-141.491598203292,-173.009018054867,32.4944291367786
0.0685139693693694,-1803050.56912611,7.20603709346623,-4.84709535773321,5.33222628790755,0.0265951940144954,-182.502958807005,-162.334938356105,13.1355358670774,4.10893618314385,-3.66001821773586,-1.86751792574807,0.424079674260907,125.343229805794,-198.337611482937,-34.8818383336045,8.9680243990098,0.728428547439038,8.93839210778488,-0.0921702533138971,-257.565551436262,-30.5066188035582,-2.26040913226153,6.22782307884018,-5.0296181228715,3.67269953023889,-0.908298367302924,-112.344787799851,-198.488498734385,49.0873748202821
0.0734078243243243,-1803591.20694497,7.229179867272,-5.69642523627257,4.45104269592281,0.0895695725984899,-155.123161366508,-187.756380884875,10.9596674799605,4.03187693941812,-2.90638790120725,-2.79444825007152,0.189282033186496,172.117082343312,-164.818921815796,-54.6891727784867,8.72886771090412,-0.565538262765112,8.71052799707418,-0.0984125109660295,-257.786350008293,-61.0830132016372,-0.105728112878907,6.10306676078665,-5.51124026630076,2.6217655527762,-0.621792137347791,-77.5073534907523,-219.138312239388,64.7990585686686
0.0783016792792793,-1804044.82444457,7.27140157584076,-6.39832697139829,3.45466247905881,0.136191868814101,-124.030389900903,-208.103910982523,7.07110002143785,4.01488803581201,-1.93884739430273,-3.51570714390603,-0.12281205352396,207.950273469633,-118.063824141107,-56.7681256218437,8.5304570864829,-1.84943495264389,8.32756197576851,-0.0932275344426862,-253.328997734291,-92.129258752333,2.19213827216855,5.99072145421903,-5.80469165777902,1.48131640784501,-0.260307781616238,-37.484297447556,-233.501445867297,77.410684179769
0.0831955342342342,-1803633.07679889,7.33042482359515,-6.9367291352816,2.37000358609758,0.160280572812868,-90.2460424552827,-222.888414175021,2.32486470768623,4.06017877603476,-0.826885166510926,-3.97508649148259,-0.378399223031941,228.280949012865,-63.5680566687854,-39.5082053843005,8.38301405981714,-3.09882824010802,7.78923540955085,-0.076491128244344,-243.888832478426,-122.721377500019,4.36418156892513,5.89306389811932,-5.88608324077632,0.286751094103232,0.152314704449899,6.02936798366239,-239.999821581174,78.8098691055703
0.0880893891891892,-1803294.86199957,7.40297434367388,-7.30078739595111,1.2257783373086,0.159440515890963,-54.8090066103386,-231.867635091195,-2.59881376916515,4.1656127816967,0.343962095825913,-4.15138771059388,-0.517894107366965,231.870850561438,-7.51768783190255,-14.9479726154328,8.29485750955892,-4.28832327742815,7.10034820076832,-0.0495857187534349,-229.428589215242,-151.80225170789,6.08632179650498,5.81739498343354,-5.7443979779424,-0.918681807966737,0.527790909439464,49.9258028234566,-237.633965849305,67.4200636187207
0.0929832441441441,-1803142.4704693,7.48499518787375,-7.48481920138499,0.0513272351856295,0.134292435121217,-18.724882442574,-235.014214376489,-7.12240814206533,4.31626809174899,1.49182333910346,-4.05026336980161,-0.527878949186269,220.193357657358,45.6883246293879,10.413554683166,8.27126297407437,-5.39311413226044,6.27121289247195,-0.0156279102792942,-210.241421784109,-178.288695882636,7.02518351610547,5.77791192723671,-5.38682521254176,-2.08958856438982,0.826515340637105,91.2764647644087,-226.515562430983,50.6128088967539
0.0978770990990991,-1803080.95451505,7.57197995288845,-7.48803622037686,-1.12436380645629,0.0882164344703097,17.06580231149,-232.479087859143,-10.672406797209,4.48675250169598,2.5458956723995,-3.69450446430001,-0.413758560535305,195.581488199746,93.2572850814001,33.3540460839788,8.313658628606,-6.39073749526924,5.31746124194195,0.0206661164076199,-186.955447250778,-201.208648679991,6.95535900729116,5.78632019798551,-4.83163333029831,-3.18383743227657,1.033918998407,128.228224845001,-207.522406817179,31.7638141918509
0.102770954054054,-1803167.17672293,7.65934662223882,-7.31416117827009,-2.2734636434058,0.027568367149127,51.7048357069269,-224.557662406021,-12.6174050090664,4.64824735527071,3.44763822110091,-3.11769051898761,-0.194338488346481,160.489412111451,133.321320793795,50.3537945496902,8.41941286564441,-7.26266860476822,4.25912640567204,0.0539256797936174,-160.46490242513,-219.83099932072,5.91685332416947,5.84747271976705,-4.10454296409175,-4.16481263256161,1.14415348255561,159.542070372572,-181.863651107758,12.249818644582
0.107664809009009,-1803329.84373203,7.74281410700344,-6.97098786330759,-3.3699404305165,-0.0379576156203545,84.4278583415053,-211.660553205492,-12.4591515925026,4.77543215921994,4.15078979351401,-2.36129125636206,0.0897793849615966,117.677846554585,164.33699695431,53.3546946356518,8.58226718932791,-7.99538651952054,3.11915124873476,0.0798346496493145,-131.804756396664,-233.744925922368,4.18472668039617,5.95800450808197,-3.23621262657259,-5.00247394335415,1.15641718485282,184.436887235464,-150.882940474323,-7.05966425072914
0.112558663963964,-1802914.80107396,7.8187011809212,-6.46988259485503,-4.39006917546073,-0.0970231487758994,114.584014145872,-194.279916813554,-10.3462218739852,4.85374605580591,4.62441668664677,-1.47432054944451,0.339208458010037,70.3420282913705,185.167851431332,41.4228010802048,8.79326634553792,-8.58071616873486,1.92167714644836,0.0957729465975791,-102.012381252981,-242.866107857078,2.09048807332397,6.10725805025727,-2.26017409173711,-5.67364203730484,1.07355684004832,202.500611382325,-115.926476337105,-25.5035860590287
0.117452518918919,-1802780.32559977,7.88400583614995,-5.82514772184887,-5.31273959865204,-0.141419834360207,141.65149791154,-172.947112548339,-6.94426495208305,4.88088727722233,4.85421007642771,-0.509612742048738,0.504007395763645,21.1008151406772,195.551230906387,22.8385227205386,9.04191369248787,-9.01551033205035,0.690490170163973,0.100739530382554,-72.0175634568189,-247.381734194921,-0.0747075123713057,6.27965326323691,-1.21120651274933,-6.1617387067252,0.901381324262536,213.598748887795,-78.2610726998508,-42.505022097953
0.122346373873874,-1802737.473754,7.93632772475313,-5.05336761573964,-6.11954030094411,-0.16646579829673,165.224622575452,-148.19845323201,-2.86556874144371,4.85930847693277,4.83542483805354,0.481191759619361,0.567593685215423,-28.494477757252,195.699183336779,2.02341417691201,9.31726607606746,-9.30089180330305,-0.552140195500857,0.095025871473866,-42.5796886242634,-247.665493434646,-2.08632854010621,6.4574470240881,-0.124186602859161,-6.45625276430335,0.648506619068793,217.785838320567,-39.0507420348079,-57.4153190982541
0.127240228828829,-1802768.20549839,7.97379350824446,-4.17290149609434,-6.79472413097214,-0.170075521774644,184.983664863239,-120.560485267364,1.43053247644765,4.79302530822755,4.56926529885519,1.44737909131906,0.524241537532765,-77.3044612854099,185.612146238347,-19.2544180171786,9.60878070074441,-9.44130721829299,-1.78616476418249,0.0798762449814922,-14.2698585370465,-244.191642688234,-3.78162487925362,6.62316730487789,0.966651870456336,-6.55224612707328,0.327228133279995,215.248124978911,0.591015687552986,-69.0400693158171
0.132134083783784,-1802997.29210067,7.99502108682552,-3.20353096710724,-7.32514515361775,-0.152160473532253,200.667680936301,-90.550119010631,5.56004916646372,4.6867863394698,4.06238022519944,2.33731322200283,0.375049505043637,-124.041515931448,164.946678393405,-39.2416749852879,9.90685492409591,-9.44359038867352,-2.99405662238319,0.0572096226813299,12.515614462456,-237.465566547626,-5.04781952246826,6.76172307388904,2.02829464692995,-6.45034260742782,-0.0418940740893781,206.355615603766,39.3757288565341,-72.8692133456598
0.137027938738739,-1803273.10224156,7.9991249139379,-2.16622468673134,-7.70022532107845,-0.114475030110006,212.05567183038,-58.6843774316391,9.12826655785214,4.54661386381034,3.32885013954072,3.09684587525311,0.131824787679886,-166.713846937027,133.293146866319,-53.7028310996779,10.2030925446787,-9.31615107366843,-4.16082042965874,0.0293980497568096,37.5256578405015,-227.976388498247,-5.81542307697604,6.86361023498971,3.030208026494,-6.15848883850794,-0.401464000176604,191.870308072778,75.6709925372713,-66.983292575339
0.141921793693694,-1803331.5822438,7.98576245698079,-1.08297424880344,-7.91198892793414,-0.0608778079537319,218.957350995129,-25.4963255981716,11.6511914143258,4.38267944963235,2.39524175582917,3.67024469066602,-0.161978805953142,-202.032017794652,91.2196268256498,-52.562625159072,10.4903699095108,-9.0683338102685,-5.27382050736566,-0.000944608088430502,60.6205763230153,-216.169585581505,-6.06079490959097,6.92793217203383,3.94699772765774,-5.6936326820551,-0.711726999842768,172.756289800505,108.264349642298,-55.8990116780525
0.146815648648649,-1803163.80371318,7.95522284189037,0.0233488232199515,-7.95518857706016,0.00203688403325192,221.214464388379,8.44670591648912,12.5490415726356,4.21718740024982,1.3085299615942,4.00904214350961,-0.393801463910834,-226.063567611056,41.0396641192721,-35.1271505653801,10.7627765697754,-8.70994531043827,-6.32251628547379,-0.0312098993391001,81.7407166419021,-202.434449960985,-5.82047525978872,6.95705326318363,4.75777092449904,-5.07584534208495,-0.960454116957129,149.79214318992,136.746442334622,-42.9852341924027
0.151709503603604,-1803180.06160476,7.90854755231242,1.12917039508035,-7.82752186876925,0.0646126077726237,218.71194476266,42.5334125352785,11.5094956805918,4.08286082005879,0.134606079718604,4.08064133185874,-0.513250311606943,-235.71565977905,-13.9002940003071,-10.6208831795576,11.0154892288644,-8.25092664384948,-7.29816500697551,-0.0591493606863177,100.880405594782,-187.101185224428,-5.18693221734362,6.95434227348428,5.44491915955694,-4.32616825870888,-1.14157934176679,123.550635208111,160.96275033529,-29.0881138377187
0.156603358558559,-1803268.99509344,7.84760333097416,2.21046827084655,-7.52985445170738,0.11713184083917,211.390656797323,76.1192209421005,8.81049214222579,4.00959115856191,-1.0486266361963,3.87003920350653,-0.50001029570641,-229.156350722766,-69.7635709639472,16.1027875467956,11.2446200453903,-7.70114125449045,-8.19352813771807,-0.0830792215125363,118.067279672657,-170.443883412665,-4.27040875603188,6.92344124113986,5.99327727658015,-3.46621783873205,-1.25133525533432,94.4657599003017,180.784410187494,-14.556490321361
0.161497213513514,-1803437.76677833,7.77499601561785,3.24307696305358,-7.06632965934824,0.152717529194882,199.254422036762,108.539690129413,5.00414842408077,4.01213065391117,-2.15695742750906,3.38300562221927,-0.352222436138987,-205.939031704136,-122.073386489467,40.9256702753278,11.447067981915,-7.0702538471229,-9.00260384110216,-0.101853448246637,133.346479943731,-152.686804614172,-3.16925914453867,6.86794348494678,6.38957675855996,-2.51832415683394,-1.28714424498041,62.8865210947026,196.031975476053,0.407196657419497
0.166391068468468,-1803870.95430922,7.69391624079575,4.20301249121416,-6.44445755041325,0.167173325079977,182.377667436008,139.108524211996,0.584124701416178,4.08394272227342,-3.10801695323766,2.64930533861187,-0.0907535929531319,-167.68958812463,-165.938309375908,56.6207610787904,11.6203874895562,-6.36767645505315,-9.7203961838598,-0.114771812957923,146.76923553337,-134.011972703678,-1.96278961328949,6.79120756304958,6.62214248752718,-1.50589808397152,-1.24726328876012,29.124408423624,206.439473535502,15.6391621103958
0.171284923423423,-1803156.56351569,7.60798297699546,5.06685363741366,-5.67524441722828,0.158558776209043,160.92198738899,167.111278692413,-4.0021962705743,4.20348733953963,-3.83385330875536,1.72362252846019,0.213985174648917,-118.947499371615,-196.924438511123,53.0053488230813,11.7626793748795,-5.60256149178921,-10.3427235681389,-0.121481344379531,158.385002666449,-114.566828278252,-0.712689782584539,6.69622423857089,6.6808208427962,-0.453929421478922,-1.13075262387645,-6.49740694881059,211.632581846815,30.9546947420435
0.176178778378378,-1802733.27726744,7.521094687417,5.81223236510406,-4.77334476348912,0.127151362374234,135.162752258276,191.806093613677,-8.26794364646432,4.35096770093839,-4.29749194695381,0.680060953500638,0.439299895277681,-65.7278029339506,-212.984945346441,33.7374747717472,11.8725040446477,-4.78382642838865,-10.8660644666423,-0.121898710783768,168.236219306045,-94.4713196488614,0.532079997399905,6.58552045639308,6.55716841803907,0.610427734496632,-0.937716341339687,-43.5831973077582,211.116372035189,46.0755395830864
0.181072633333333,-1802590.48051068,7.43729306346172,6.41848115999642,-3.75718348109151,0.0758793397444001,105.523733778514,212.437792903633,-11.5876676816828,4.50946571232293,-4.49113133809486,-0.406226925004213,0.551359922366389,-12.5897247819115,-214.893355886596,10.5645751873914,11.9488154750678,-3.92019929872876,-11.2874367646276,-0.116160544405532,176.354856516343,-73.824233704897,1.72984239224772,6.46113856098679,6.24498886971862,1.65723429887297,-0.669997228045583,-81.5754499630982,204.282248154356,60.4597421182581
0.185966488288288,-1802585.36115945,7.3606497953735,6.8674697028892,-2.64896683445279,0.0112746855574068,72.6139904595906,228.271549234116,-13.1435616245775,4.66089676985305,-4.42338919477293,-1.46887260536532,0.544945647151594,37.9171652206012,-204.437022089676,-12.505140373294,11.990913841959,-3.02027786322522,-11.6043068036913,-0.104600286861291,182.760142218516,-52.7088055068296,2.84128023021701,6.32483758616832,5.74141391840809,2.65325021604019,-0.333118920157106,-119.597449155102,190.477129389667,72.6656933310013
0.190860343243243,-1802815.4269004,7.29518101259083,7.14462106459232,-1.47446798875035,-0.0555562765013748,37.2485925487369,238.652005206447,-12.312298893917,4.78681928109608,-4.11195968588885,-2.45059714590097,0.42630851863345,84.273636822664,-183.240917586172,-33.4139122545799,11.9984150031629,-2.09259787654361,-11.8145248196959,-0.0877477421033623,187.457021106717,-31.1977625971988,3.82540540801003,6.17903148024554,5.0490143781676,3.56200559276964,0.0566597052644295,-156.081003259158,169.333760819278,76.4460462790641
0.195754198198198,-1802841.96588851,7.24471088549761,7.23995562837657,-0.262446782388318,-0.111848303381763,0.418902478998078,243.080227500464,-9.30701684845916,4.870270635531,-3.58065282654629,-3.30128178122704,0.210806524605795,125.25377706559,-152.626354470171,-49.4662296674819,11.97123555164,-1.14570765215805,-11.9162844296633,-0.0663462327811908,190.435069873656,-9.35800876717647,4.63688631277822,6.03077727692496,4.18060388581652,4.34658782423298,0.431341542633535,-188.554781660733,141.453267900869,68.3587172448432
0.200648053153153,-1803183.06585733,7.21249339418205,7.1488100893823,0.956334286254295,-0.148626444985966,-36.7775653895008,241.274888063365,-4.90980260911234,4.89813379173899,-2.85942191523296,-3.97686069060269,-0.0683537780413699,159.382431038282,-114.064410464621,-53.1873067628794,11.9095927505866,-0.188247177807046,-11.9081049073676,-0.04137887897558,191.667708486932,12.7448379274375,5.22574874382812,5.89690205587514,3.16346656156027,4.97653827177834,0.740246877712862,-214.750463395597,108.177561855402,53.2827602736598
0.205541908108108,-1802853.58874426,7.20074001165045,6.87217997448156,2.15030209824533,-0.160946329472886,-73.2040700657306,233.199529310789,0.134497740100747,4.86602436576629,-1.98682851616347,-4.44192588587325,-0.321066543023,184.968570974839,-69.6503574372768,-42.3564221737015,11.8140191843895,0.770969432711273,-11.7888360503889,-0.0140887453429096,191.111641049805,35.0418517741612,5.54083826345309,5.79660437108677,2.03309925186055,5.428363442787,0.964169145370133,-233.354946785771,70.9235110631543,35.2807786934986
0.210435763063063,-1802784.40757817,7.21027328265624,6.416769388725,3.28832957936218,-0.147281467584959,-107.741970946809,219.06800847769,5.16428734054555,4.78120285679409,-1.00973620548457,-4.67336426497546,-0.491917999778385,200.783751363627,-21.4554960781206,-23.8251238054741,11.6853922943947,1.72286923269101,-11.557686389626,0.0140295036589509,188.706528253062,57.4559723588944,5.53868532278095,5.74602308893206,0.829917093702554,5.68577338240988,1.09305466464785,-243.599239828771,31.1837483605851,15.7997471472033
0.215329618018018,-1802799.57107079,7.24039866597797,5.79476026501348,4.34098218302223,-0.109303456067431,-139.345810754998,199.335652599875,9.51403950531182,4.65652824035618,0.0210089974727996,-4.65648084665446,-0.559317781077741,206.033355209161,29.0174487211068,-2.12533074642862,11.5249790490593,2.65803471524189,-11.2142763268,0.0412981078848999,184.374940428324,79.8968009384125,5.20039405515207,5.75432268497338,-0.402893146427168,5.74020092639285,1.12216661684217,-245.133207985867,-9.47182165957501,-4.19693924006471
0.220223472972973,-1802884.5088707,7.28902355210511,5.02331128117502,5.28168610536094,-0.0521410725318407,-167.094838724495,174.677113117092,12.4287939049947,4.5073392830578,1.05059734660705,-4.38318977776439,-0.513171307242671,199.764175549181,80.3311638413152,20.7443472689598,11.3344955638514,3.56661863697425,-10.7587183802419,0.0660334442104716,178.022732854602,102.254709372342,4.53605103585916,5.82141601541313,-1.62141498615612,5.59105516581413,1.0510852722472,-238.008402020862,-49.470305046697,-23.8748687459407
0.225117327927928,-1803112.31843458,7.35299699562665,4.12381187776852,6.08775331419315,0.0149844829825166,-190.239178690804,145.950113178814,13.1297420966001,4.34992687407312,2.01865075296461,-3.85316920824131,-0.351874308388143,180.778829982324,130.497352370731,42.4157755218244,11.1161825610088,4.43826204378791,-10.1917292330765,0.0866586182434914,169.540228042234,124.393714580678,3.57358931182097,5.93803080796648,-2.78297716663579,5.24549787592588,0.883417929382759,-222.647855145395,-87.3277550620721,-42.413429360017
0.230011182882883,-1803778.38667058,7.42857616613017,3.12091949426698,6.74118723714908,0.0791563484341602,-208.242031567842,114.133503303565,11.4477960666649,4.2006884924331,2.85838564643028,-3.07821625405708,-0.0890135520244269,148.210481104414,176.244968373652,56.6791954988407,10.8728986969565,5.26202091739659,-9.5147812344351,0.101769337328681,158.804896842567,146.142738672123,2.35167449656955,6.08799723252248,-3.84789353761007,4.71777761519341,0.626950978647031,-199.794586262664,-121.714275176568,-58.8493099030351
0.234905037837838,-1803513.08008558,7.51179058825604,2.0413915620901,7.22908834722881,0.129462443649165,-220.803609786826,80.2350716818747,8.04170605621304,4.07754799470021,3.50075556400875,-2.09071952450479,0.214917646600264,103.256093486896,212.559961850314,52.4907639689297,10.6082324043359,6.02631101221358,-8.7303018463553,0.110175363209187,145.686535890944,167.28518739178,0.917476999562113,6.25178934530583,-4.78092302926243,4.0283551241602,0.294924830352408,-170.495128357159,-151.459262405474,-71.4718722405002
0.239798892792793,-1803399.17763568,7.59857361340756,0.912883396398716,7.54353795396783,0.159573408996291,-227.841037719966,45.2111249915069,3.72622058997809,4.00586367127719,3.89094658129924,-0.952616635553943,0.435894087664871,49.9246466418095,234.503592333514,31.5258298205152,10.3266300838791,6.71888627630603,-7.8419293605173,0.110944107324302,130.056306613407,187.547099187359,-0.67016752255448,6.41049761684535,-5.55284482118166,3.20318499113866,-0.0877677437579713,-136.321833162093,-175.453480335568,-74.4772799822086
0.244692747747748,-1803187.75429318,7.68485557248015,-0.237018815109558,7.68119959714388,0.166724649548946,-229.437276936737,9.92966878445145,-0.878570786980874,4.0080784765437,4.00000203042684,0.254316398830353,0.530175944805416,-6.63798210869127,239.577841413592,5.06078080269473,10.0335332661788,7.32687407834765,-6.85483085448171,0.103473687983642,111.801400410822,206.584731080914,-2.3325025202352,6.55139160131809,-6.14414136088336,2.27382032080452,-0.449847969469678,-99.5072798932294,-192.812673881408,-66.7005850419158
0.249586602702703,-1803123.17660991,7.76668746955303,-1.38148937296865,7.64283464181234,0.150787701126482,-225.791636556477,-24.8368607162759,-5.28611771616721,4.08778996799993,3.82456676021233,1.44316177858197,0.486501895691818,-61.5942758529624,227.76684255445,-21.6825460590583,9.73550871039197,7.83690028041425,-5.77608204970816,0.0876190821219504,90.8473742931799,223.973516254219,-3.95845125055391,6.67090688786913,-6.54791762011395,1.27505825232458,-0.754773594177129,-61.9872151048034,-203.407062626215,-54.2054932595669
0.254480457657658,-1803169.10509853,7.84038762315934,-2.49493518067433,7.43283098998112,0.113863472387274,-217.183150356824,-58.4040625554448,-9.04426722646072,4.22644109228771,3.38405927189722,2.53198482437486,0.313350484214834,-110.798136183679,200.782771760905,-44.5653819811275,9.44034225985535,8.23534782127945,-4.61509569193952,0.063889175478103,67.1899878592822,239.202013017752,-5.39062688908782,6.76826112865215,-6.76401351193139,0.239749694542374,-0.991902902065348,-24.8141356224397,-207.714076216261,-40.2171449492244
0.259374312612613,-1803546.05285762,7.9026996789446,-3.55332087653689,7.05879401625789,0.0603450288618746,-203.948043536795,-90.161508802059,-11.6509814593217,4.39194316100379,2.71658539837554,3.45098949619102,0.0408480758805431,-150.893860525106,161.698164302241,-56.4321434879289,9.15704948229157,8.50880015900708,-3.38406191953064,0.0337128132310723,40.9369436392655,251.676712130756,-6.41822314428468,6.84322686767413,-6.79605897633835,-0.802082509838022,-1.15694504366937,11.3857390560824,-206.266264359977,-25.6169407954327
0.264268167567568,-1802770.49868956,7.95095630330278,-4.53441561604228,6.53121590196053,-0.0026463422059432,-186.469277878692,-119.558711379955,-12.5542029006585,4.55302100391273,1.87512066664616,4.14896646739727,-0.250970950664455,-179.434424568953,114.943316981752,-50.5107978926024,8.89573601538536,8.6447172576721,-2.09832857063196,-0.000293055964743785,12.3562012448135,260.745674264458,-6.79746797739579,6.89547591239674,-6.65015612137057,-1.8229129490574,-1.24807231001967,46.1802110252507,-199.506217702598,-10.7790560919318
0.269162022522523,-1802527.72425052,7.98323663374138,-5.41801365532382,5.86320690245834,-0.0651970001447107,-165.170167520166,-146.100247228399,-11.5183987996972,4.69195241340242,0.922241152686011,4.60042266600855,-0.464259903045481,-195.655143708895,64.9544230209019,-32.2738871203743,8.6672251764874,8.63236217145521,-0.776605176886063,-0.0342618665428856,-18.0792479710591,265.748863669482,-6.34702146846252,6.92436484053282,-6.33425686608584,-2.797144686864,-1.26473560458869,79.2220549232432,-187.762270255855,4.08274947288523
0.274055877477478,-1802468.30855358,7.9984443089578,-6.18611729124394,5.07021342967653,-0.117830330202915,-140.499386609914,-169.353097367696,-8.89846132536438,4.79920158832872,-0.0814307704427932,4.79851069760629,-0.573709821868198,-200.30923898924,14.5648421853579,-10.9414074517815,8.48237482232837,8.46392477796151,0.559160066062863,-0.0637632706493689,-49.6674554751754,266.097348651294,-5.05941634051832,6.92887965519694,-5.85793557213814,-3.70053565161595,-1.20724481529082,110.181885946512,-171.254529877617,18.805521719989
0.278949732432432,-1802472.04418382,7.99622592154906,-6.82300752142295,4.16967592878138,-0.154181613398355,-112.914133520889,-188.946685487434,-5.27499590128932,4.86758976989756,-1.08085123720639,4.74607108786213,-0.573673977563296,-194.375268397453,-34.6774440114647,10.7166172236566,8.35106322110592,8.13568761670346,1.88436830962688,-0.0848560299480688,-81.4917921528372,261.371816353402,-3.0958960728172,6.9076559888078,-5.23243800662072,-4.50968998564018,-1.0766803873888,138.696975852566,-150.111599129981,33.2175566836647
0.283843587387387,-1802523.24954181,7.97685135532863,-7.31525862645282,3.18074657480219,-0.170580289215808,-82.8770558957756,-204.557236526649,-1.12473188780824,4.89073856695606,-2.02518345441733,4.45173625749164,-0.466543649631632,-178.481965324848,-81.6940130016642,31.1848576445591,8.28096987976717,7.64900685643314,3.17287822959688,-0.0947222313775409,-112.483608391542,251.418680115907,-0.716107324271875,6.85906080456645,-4.47096581361248,-5.20165164291576,-0.875069248454176,164.323549521415,-124.397314004903,47.0685245298801
0.288737442342342,-1802692.21604141,7.94112861877525,-7.65177808038071,2.1241035635149,-0.165428932276437,-50.8657917830386,-215.891754023364,3.16157235673916,4.86314093321386,-2.86567089045487,3.92913095784548,-0.261825401117705,-152.923532097226,-125.326120613792,48.2421236566652,8.27643197745367,7.01085153278804,4.39855511078595,-0.0920171031907875,-141.530849734015,236.414756483657,1.76962258485476,6.78137257727393,-3.58920251140657,-5.75366312568921,-0.60599514209,186.484246864416,-94.1608794083531,59.8621022924779
0.293631297297297,-1803299.84967352,7.89036150425288,-7.82391654428321,1.02182903456854,-0.138964565648417,-17.389708810273,-222.680122099161,7.1993795708994,4.7816456879378,-3.55441877538958,3.19847505135373,0.0158775869350202,-118.103517377308,-163.809861130711,54.8487100598184,8.33772450254745,6.23369835909299,5.53702579443346,-0.0770260055289933,-167.611699824003,216.874416606413,4.03474558658317,6.67319471362777,-2.60612334496832,-6.14326043699929,-0.276448225529396,204.404108490376,-59.5606217181732,70.2058971782321
0.298525152252252,-1803043.39009041,7.82634899882886,-7.82567516848344,-0.102697657476714,-0.0934351365674429,16.9890573344559,-224.677772393337,10.524376100811,4.65023216443485,-4.04670606422796,2.29103234653838,0.286661699480479,-75.3536821693861,-194.568684760126,45.9221912744088,8.46101721696716,5.33473453454802,6.56729927685008,-0.0516696473249558,-189.917813293076,193.590304394406,5.76947985688109,6.53458070745728,-1.54516142650281,-6.34926934287094,0.0960638296923214,217.039876082915,-21.2828042343107,72.3633117228782
0.303419007207207,-1802895.63131362,7.75142650454611,-7.65402597093865,-1.22494868936483,-0.0337208046403063,51.6332879529452,-221.680966165527,12.5186206451177,4.48641947547305,-4.30795559708344,1.25278820375246,0.475099499679108,-26.6811391797957,-215.084432163655,26.468707875386,8.63902373040286,4.33452022616223,7.47292883837751,-0.0193312069601824,-207.932830213368,167.523213429947,6.72624936177517,6.3710059386609,-0.43572458413917,-6.3560884793424,0.447184891699385,223.28778988567,19.0646790051957,64.2016399266657
0.308312862162162,-1802923.16571348,7.66854607475224,-7.30934228895399,-2.31950731913199,0.031751069883734,85.8148911789018,-213.555703207212,12.5371432537514,4.31579488921405,-4.31351745602591,0.14018802490183,0.55134877823434,25.9131988002992,-223.398358717294,2.61808096174579,8.86211000844771,3.25540623241434,8.24253141114955,0.0155928462927959,-221.449494083489,139.673993623321,6.78843601048149,6.19690129778081,0.687716472353891,-6.15862255281898,0.738080228958978,222.433064826969,59.6884205147055,50.4278621127802
0.313206717117117,-1803055.70625806,7.58135500467342,-6.79587705914963,-3.36050572143695,0.0916506278972072,118.725033647921,-200.271993440394,10.4793717284414,4.16601932279399,-4.04882360908045,-0.981195383420473,0.501280309296566,80.0615075884053,-217.703734044455,-22.786751701517,9.11951376893153,2.12002528532734,8.86966877461073,0.0485531531446324,-230.531493982405,110.971321052005,6.04525788589695,6.03055101334484,1.78860606413052,-5.75920427419535,0.951463512827187,214.184116951232,99.1833368305327,33.8466586681788
0.318100572072072,-1803361.61741381,7.49410823952824,-6.12209195247478,-4.32222725353592,0.136544787168148,149.510280993994,-181.92843199734,6.86545667669807,4.06069430844446,-3.51290238014186,-2.03684931554272,0.32348126121917,132.37289669596,-196.525915349551,-46.2419544715274,9.40038046718343,0.950091292590294,9.35224462166959,0.0760454251517654,-235.441262036078,82.1981259397425,4.7370169446761,5.89084942311809,2.82955764186621,-5.16678918451365,1.07654681564077,198.482966599807,136.208695196054,15.4937702764913
0.322994427027027,-1804149.50168245,7.41137183753308,-5.3007742492097,-5.17979004141035,0.160305194664188,177.305241665554,-158.768518713887,2.31800073311003,4.01344429967934,-2.72509464212085,-2.94645453691598,0.0388607645812919,177.942542949637,-159.884497259431,-58.9921005923599,9.69448388541207,-0.234387335033441,9.69165003400815,0.0959233225913934,-236.559126804128,53.9631077515572,3.11576465776218,5.79426077726129,3.7734357301286,-4.39711732223481,1.1064012155921,175.518278440984,169.382913270675,-3.89612445481517
0.327888281981982,-1803291.93176252,7.33765697893827,-4.34903953581924,-5.90991244067479,0.159724794499248,201.256949205523,-131.198865423351,-2.59750389754054,4.02780527026958,-1.73347695064549,-3.63569428813703,-0.266439744704429,211.009264161619,-111.241642582013,-51.405591297881,9.99263954261494,-1.41549997545098,9.89187569918516,0.107203071729387,-234.313948031332,26.7074877044835,1.38357804261268,5.75163422844121,4.58474042627605,-3.4729600518069,1.03758557109261,145.79069930833,197.307729723206,-23.5899410296149
0.332782136936937,-1802910.54071147,7.27705168032966,-3.28820475715446,-6.49177869564386,0.134330155688783,220.557406389282,-99.8083005634973,-7.30540544881448,4.10519925859478,-0.615002000504667,-4.05887096273611,-0.475195148397518,227.934552397147,-56.6552038295873,-29.0113015661245,10.2868773851864,-2.57752681534676,9.95872491105299,0.10975910301752,-229.134077587493,0.730640747822969,-0.313765366075946,5.76566706726268,5.2313427232119,-2.42404002500275,0.870501805295951,110.170170122402,218.657648346803,-42.729093135303
0.337675991891892,-1802736.05011574,7.23290020085838,-2.14346547192642,-6.90799544630977,0.0866707400111031,234.490219508098,-65.3813340933308,-11.1206410636245,4.23755196869181,0.545868573325986,-4.20224632643291,-0.556552760365674,228.650738140464,-1.55115096661942,-3.2566503584572,10.5704529106645,-3.70684075132592,9.89918210666339,0.104065418068628,-221.418027592065,-23.7783679966351,-1.87428572084351,5.83012922277884,5.68644212750007,-1.28638356833888,0.610294639739585,69.9283631239276,232.302601974817,-60.1380370895818
0.342569846846847,-1802695.23713377,7.20758664719402,-0.943302562073482,-7.14559203657717,0.0231237450525372,242.490937496489,-28.897079164042,-13.1813400581062,4.40392129468689,1.67150538089997,-4.0743824724023,-0.50776165198209,214.937755110876,50.4104735180443,21.6201742947092,10.8377652339743,-4.79170709126741,9.72094123108664,0.0910162458090851,-211.520194831623,-46.7108303810102,-3.22504073320702,5.93148655780053,5.93062635445117,-0.101014005254574,0.269121434400133,26.7891185808336,237.449442797392,-73.5446653430811
0.347463701801802,-1802806.10049926,7.20246719539578,0.281443903038468,-7.19696623795019,-0.0451426605699584,244.214989218711,8.50247072626437,-12.7581623378705,4.57609035096903,2.69524612443475,-3.69814159125246,-0.340351017418582,189.017946780248,96.8315535164161,42.7527783018078,11.0842319273339,-5.82204269964214,9.43207380285329,0.0718150107365575,-199.746522891718,-68.0132515290095,-4.31088925315566,6.0529389926572,5.95433331330841,1.08811085963504,-0.125152013691225,-16.772550128052,233.893457459846,-75.7972446764709
0.352357556756757,-1802952.83032362,7.21790512065464,1.49884733011363,-7.06056732931453,-0.104457878326168,239.591447664947,45.6006770280277,-10.0007256566487,4.72580689195829,3.56168484870245,-3.10606693723814,-0.0802338689640117,153.22303289757,135.912924325257,55.2263667265162,11.3061524414269,-6.78917232018459,9.04080871579654,0.0479073532775285,-186.35597119339,-87.6677279121583,-5.08866600771,6.18217718268957,5.76290085317065,2.23792056934389,-0.488851012364576,-57.7785032555067,222.392564299647,-66.1010155197747
0.357251411711712,-1802419.09488607,7.2531911899559,2.67735837968794,-6.74095946766991,-0.145149917136445,228.82964778202,81.2250693654505,-5.763411798293,4.83141138056322,4.22747645341045,-2.3390123479999,0.21191264984658,110.421269029302,165.991057741042,51.9634297461209,11.5005779901318,-7.68560241157605,8.55539652373171,0.0209283506594575,-171.564913566268,-105.677355099332,-5.5274535020276,6.31481252374409,5.37654828075334,3.31203650263151,-0.786162168888972,-94.2242038279539,204.379453050415,-51.8192160540008
0.362145266666667,-1802180.12489093,7.30642997649586,3.78714380793383,-6.24831663566002,-0.162091996309098,212.378748669187,114.331632073748,-0.857722708718362,4.88487134543727,4.66589753899547,-1.44615635982772,0.439400428497197,63.6290593800793,186.026894862532,35.9802835352179,11.6651963339094,-8.50482145584726,7.98403516480322,-0.00736718174274748,-155.552646240638,-122.05573134532,-5.61407491366075,6.44762247699523,4.82065881489112,4.28171509984804,-1.00704317290458,-125.450825686591,181.258483194461,-36.2323542675293
0.367039121621622,-1802111.20584395,7.37459222131337,4.80114586637981,-5.59764314693243,-0.153727144223629,190.870187375792,144.044114421888,4.06126207371053,4.88727174730265,4.86376704721124,-0.47874339937458,0.571715485198758,14.9478033651331,195.906553166255,15.8352311608328,11.7982341520327,-9.24112887398243,7.33483921027851,-0.03521239847715,-138.466946777207,-136.819562524158,-5.36501877148028,6.57669809108816,4.12204002388743,5.12462133457612,-1.14848571156426,-151.31025065483,154.176635130721,-20.337308281971
0.371932976576577,-1802104.19216737,7.45374568729353,5.69584568169174,-4.80787549144114,-0.121479375571992,165.061623554485,169.668267086569,8.40597005156638,4.84261476107648,4.8153755726468,0.512909171834831,0.597752740105525,-34.3530656982251,195.702283887454,-5.75855566280182,11.8983765086493,-9.88949092361934,6.61583953956164,-0.0610173694575502,-120.429225513193,-149.983409651884,-4.82533660325907,6.69722815385646,3.30755630834282,5.82348145115525,-1.21041625572429,-171.835740427814,124.033490020503,-4.58587504285535
0.376826831531532,-1802153.15877651,7.53941157224264,6.45176210192467,-3.90096047606674,-0.069667443707965,135.789243029737,190.690777390369,11.5623009633729,4.75582244462498,4.52023639022899,1.47827943949996,0.51412992857074,-83.1939334427079,185.170872995002,-27.3510353021714,11.9647025555235,-10.4454211291144,5.83500511375967,-0.0834657645097407,-101.539313688827,-161.555725215042,-4.05095970986382,6.80370178700472,2.40368261960929,6.36495623478115,-1.19434446199282,-187.10562123048,91.5307649887535,10.757242735895
0.381720686486486,-1802333.0227504,7.62698072966768,7.05373811198911,-2.90096771753745,-0.00585636593826373,103.929895733028,206.770184168841,12.8694395709821,4.63240564776051,3.98343623821972,2.36461790178485,0.324242387083811,-130.164764968814,163.730514910764,-46.8478434955192,11.9966378342814,-10.9048840605076,5.00028228741123,-0.101526966556188,-81.8800128030213,-171.535691000363,-3.09670841403235,6.89019673697713,1.43650009603802,6.73878910104278,-1.10284382836534,-197.175428358772,57.2268473709909,25.4918668913536
0.386614541441441,-1802988.15335557,7.71212247140879,7.49106105925494,-1.83325863437834,0.0590269520018555,70.3647806290012,217.72658724461,11.9941149807088,4.47952908345348,3.21858874054085,3.11558458860761,0.0456514936155478,-172.889463796618,130.910869594565,-57.8041298110957,11.9939227049626,-11.2642212571446,4.11964820375605,-0.114432848650064,-61.5214300527604,-179.910648524615,-2.01172828239862,6.95065815182687,0.431928336021572,6.93722470849106,-0.939425793079282,-202.041063405053,21.5909478129096,39.4081146386668
0.391508396396396,-1802555.12671923,7.7910705712183,7.75738591827913,-0.723701845091349,0.114084783868824,35.9309045035304,223.528487213383,9.32542889252943,4.31036250704581,2.25454160025354,3.67372659773049,-0.253798911027146,-207.524162112285,87.6510620999483,-51.3420806034849,11.9565962031129,-11.5200983610352,3.20117580216508,-0.121644249380175,-40.525185884432,-186.653940659481,-0.839170885521356,6.97916784749711,-0.583910538012512,6.95469857917188,-0.708762681978675,-201.62016901977,-14.9380696940831,52.184885649469
0.396402251351351,-1802478.14298756,7.86065747060498,7.85037010429025,0.402026237755496,0.15228124092715,1.3810019096375,224.263974379748,5.58259666023679,4.15259759645085,1.14334711941801,3.99209520960709,-0.467769312419301,-229.978911393618,36.6487907692539,-30.3437110666874,11.8849948277916,-11.6694731159889,2.25310879716123,-0.122824557505278,-18.9486452362299,-191.723021149777,0.381475143285707,6.9702760623874,-1.58427335417613,6.78784401155023,-0.417576936584592,-195.754917969143,-51.8699323065953,63.1024193907322
0.401296106306306,-1802598.74477815,7.91824845765825,7.7711959373755,1.51893789870613,0.169910750471192,-32.6223100247905,220.101095338462,1.34005297718,4.04046786737936,-0.0452475136826476,4.04021450542303,-0.55723602169402,-237.402819085962,-18.60182982862,-3.97414095825348,11.7797662447921,-11.7095848133975,1.28394559066731,-0.117829497947318,3.1506117491589,-195.057745492805,1.61068728273118,6.91961732477366,-2.54145971770394,6.43599925610593,-0.0777384880713528,-184.280266320557,-88.4933728288777,69.5593556170082
0.406189961261261,-1802596.00978175,7.96169521878965,7.52414700404234,2.60303719114012,0.16568177069895,-65.490974617614,211.25644640986,-2.96673199435341,4.00009966807012,-1.23068107144162,3.80607691132089,-0.507510722001836,-228.272010588242,-74.0883832309386,23.5292385050597,11.6418985166143,-11.6379669984973,0.302531342233187,-0.106717684677966,25.7098051621808,-196.578837390507,2.80446561232969,6.82562816458285,-3.42707601738169,5.90291028326146,0.27801661958549,-167.309415984032,-123.521487418937,67.0349330073575
0.411083816216216,-1802758.06909874,7.98932654021045,7.11628619119936,3.63150236280473,0.140243430527658,-96.6905763224341,197.977977097864,-6.95293423785375,4.03794701900508,-2.32796761956507,3.29933067311365,-0.321943636643423,-202.602077744933,-125.237459435333,47.8486634637429,11.4727661272119,-11.4524867617757,-0.68184278323776,-0.0897848418240206,48.6551308638454,-196.186635895983,3.9094648559756,6.69407369050495,-4.21455387754426,5.20078438191656,0.592610842002222,-145.295109723457,-155.480622830774,56.7657735152991
0.415977671171171,-1803331.26565491,7.99997649987597,6.557241240818,4.58281696211875,0.0961524283204124,-125.720008452708,180.540591732401,-10.1989829888012,4.13853868608899,-3.25670184889094,2.55370231696756,-0.0290240873644069,-162.635098116823,-167.248461251838,60.093428659742,11.2741946313591,-11.1514156898589,-1.65933501672664,-0.06762303611821,71.8947337325357,-193.76038084922,4.85838989655242,6.53610537798274,-4.88002711461626,4.34810405495371,0.845674354738481,-118.724120641692,-183.340204441874,43.2811546880326
0.420871526126126,-1802319.70652362,7.99305083506496,5.85908610667228,5.43690828012874,0.0382536006396454,-152.094892790283,159.252484432583,-12.1838365789473,4.2758933219831,-3.9543186007333,1.62684606059526,0.278990649953997,-113.424605401131,-196.108534917928,52.4552618289853,11.0485460139855,-10.7335394244503,-2.61944659172996,-0.0412009428584964,95.3101228159412,-189.158500622319,5.56757532950372,6.36542645358498,-5.40179508396118,3.36738233749782,1.02542238888255,-88.0322156951337,-206.318798418196,27.7707514178757
0.425765381081081,-1801981.80677476,7.96863141872873,5.03629231291517,6.17534180644458,-0.0256859374690605,-175.338874573914,134.468469350953,-12.3726726104521,4.43075821463012,-4.39094790290225,0.592616967788272,0.495528530925446,-60.7844705709095,-210.427933020925,31.6711171198898,10.7988263653554,-10.1983144616994,-3.55092002294983,-0.0119472828231727,118.745778840141,-182.220625134926,5.94050963978632,6.19697225916983,-5.7603492715676,2.28491607077175,1.12338186891724,-53.7029093206927,-223.636327947181,10.7822493528132
0.430659236036036,-1801870.49502557,7.92759446993054,4.10569736093314,6.78159297363827,-0.0854731254648758,-194.989831257012,106.597806150464,-10.6800889118196,4.58707712618653,-4.56216330644239,-0.477433269613988,0.595701821152895,-8.61443555814406,-211.327993586655,8.13575558285085,10.5288154405206,-9.54608163604894,-4.44165284307922,0.0182041535393668,141.99698631044,-172.772321165229,5.88459657442464,6.04556339119312,-5.93882417716811,1.13101905802601,1.13324488241068,-16.3514615324606,-234.463278126974,-7.25295097106195
0.435553090990991,-1801851.58762365,7.8716288883129,3.08639400034506,7.24131986794923,-0.132486826587257,-210.614902834485,76.0985540317818,-7.55339010638243,4.72829471939506,-4.47709225848369,-1.52066296807827,0.576886086753955,40.9760160208137,-200.507212681112,-14.9897838325099,10.2432127913997,-8.77834459859504,-5.27864323460212,0.0468986829210737,164.796442843947,-160.633745496596,5.34725214554547,5.92416487244728,-5.92386388689221,-0.0597167104979888,1.05085235920662,23.19192166278,-237.943524894852,-25.8479614797216
0.440446945945946,-1801906.42389541,7.80312015629316,1.99954833258828,7.54257851395608,-0.1610070265287,-221.816776680712,43.4745916063968,-3.52760351183719,4.83790088076801,-4.15240314623425,-2.48250539642511,0.445803982827796,86.6878353413385,-179.365286680784,-35.9426513829141,9.94778578731897,-7.89811720760947,-6.04799029804518,0.0716766749948215,186.800467791814,-145.633769810776,4.33099152549434,5.84185819875808,-5.70690496054031,-1.24841619092251,0.874765267613464,63.8027738473036,-233.274882434502,-44.3311151836279
0.445340800900901,-1802117.06481341,7.72501150245756,0.86822623353794,7.67606578401319,-0.167762861705629,-228.233756053807,9.286376146772,0.940623389512021,4.90085032353977,-3.61021390507031,-3.31431583488612,0.217459572924813,127.368922381575,-148.982630271879,-52.1011535527967,9.64949563362078,-6.9103399206769,-6.73498093270988,0.090208598176017,207.576146734308,-127.631725790805,2.88039089958564,5.80206472933097,-5.28583614841917,-2.39246553484301,0.60754120737034,103.993917894168,-219.857010837336,-61.5979917321296
0.450234655855856,-1802615.78667953,7.6406772271032,-0.282789227949789,7.6354422754238,-0.15160079263358,-229.547297150545,-25.8314794024037,5.41845174839848,4.90575304873264,-2.8787139224185,-3.9723316991439,-0.0752075527001702,161.493467999638,-110.63773134365,-55.6657465859686,9.35656494341842,-5.82235574026639,-7.32430755595323,0.100480583990678,226.5926257863,-106.54895487606,1.07621011041046,5.80192072973648,-4.66696578159863,-3.44698629929587,0.258785350292168,141.847466064193,-197.555279155325,-75.1536953550176
0.455128510810811,-1802419.07205779,7.55381115732476,-1.42724673796751,7.41775098998916,-0.113578344221644,-225.502472889054,-61.1518717491723,9.40624367933044,4.85012031785173,-1.99527922507393,-4.42069314832262,-0.339197892934872,187.221184132273,-66.3328681433373,-44.325366653209,9.07843147265125,-4.64441366281389,-7.80047048147048,0.100970699280122,243.222339250097,-82.4111180102491,-0.96134246461269,5.83404396425636,-3.86736148777724,-4.36801832639626,-0.143995746179836,174.855401674576,-167.338482092678,-76.9246429371622
0.460022365765766,-1802264.74741587,7.46833326969323,-2.53781395684033,7.02392355793208,-0.0575383558402755,-215.943616052142,-95.8417571807634,12.2406961765749,4.74366879148449,-1.00650208109577,-4.63566038057727,-0.51846121923226,203.156742641898,-18.1165414837225,-25.1471085727937,8.82551557890356,-3.39013234776541,-8.14841873605572,0.090867159344551,256.760201049736,-55.3991254727857,-3.06099049839966,5.89366843638508,-2.91841176485286,-5.12037112022265,-0.510461079079454,200.525731438047,-131.634555719533,-65.9008567614088
0.464916220720721,-1802280.92303021,7.38832067668625,-3.58668289848892,6.45933341818152,0.00882861754410488,-200.86445878247,-128.963028779051,13.1000847105966,4.6020016372101,0.0362882013450472,-4.60185856315985,-0.590668978662809,208.355160189406,32.4904911312612,-2.63822533849899,8.60872682461233,-2.07681165231654,-8.35446173619834,0.0703607942961251,266.469419990379,-25.9009655395934,-4.98697169547268,5.98159048361404,-1.86210417339676,-5.68436388359158,-0.803004313793924,217.711533943696,-93.1088723121076,-50.0013869555083
0.469810075675676,-1802383.89834978,7.31795084749471,-4.54645854466502,5.73429327014157,0.0734624912656901,-180.459048727476,-159.507644295358,11.5833282344432,4.44327001048181,1.0770495207983,-4.31075546926466,-0.54484347261725,201.719583907603,83.966612690985,21.2166934502198,8.43866770667979,-0.725438147861629,-8.40742839145166,0.0409974423898242,271.659070869941,5.45075416107607,-6.43867793332924,6.0966947296003,-0.741296425415901,-6.05145984334373,-1.01047494863454,226.580581994259,-53.6717914763741,-32.684332717812
0.474703930630631,-1802634.81318882,7.26132389038649,-5.39127338576369,4.86425697522794,0.124661899888537,-155.143788684234,-186.475563896746,8.12642343690856,4.2861274632984,2.05348404042108,-3.76219243625,-0.378502044160611,181.94539042439,134.155621586102,44.0364715891208,8.32457547705816,0.639779056382876,-8.29995419458758,0.00597401496283266,271.788377510472,37.7769732168092,-7.09344012394765,6.23416664529043,0.403701646545829,-6.22108179835532,-1.12984764097204,227.751553441473,-14.6916498095181,-15.1453756077181
0.479597785585586,-1803331.36114362,7.22202619549824,-6.09789643150737,3.86953763117411,0.154726725634776,-125.546959379123,-208.955880362899,3.50228428026728,4.14799666076214,2.89650342504219,-2.96919925340364,-0.104478756726042,148.180653902377,179.534437306028,59.5699771409305,8.27316491810285,1.9924456272431,-8.02965865928357,-0.0299369588496524,266.576258291357,70.006246390405,-6.74219653096848,6.38590936523239,1.53621910899883,-6.19837634143891,-1.16192870471172,221.966096517316,22.8486932756773,2.00519416187652
0.484491640540541,-1803006.95737793,7.20264827544266,-6.64674297955492,2.77469817159895,0.15968474269121,-92.4856738597736,-226.182985482168,-1.59098163726807,4.04558658105158,3.53529057944485,-1.96684806318972,0.217197727248695,101.951804898925,214.827118851846,55.8951706084316,8.28763897905999,3.30554163929644,-7.59989173068353,-0.0614479503468521,256.079667600164,100.988669482347,-5.44192081072655,6.54165304917367,2.62336261171898,-5.99259486559855,-1.10979569935328,209.950324700048,58.2392849520104,18.379733056327
0.489385495495496,-1802675.88223962,7.20442824812388,-7.0227531701051,1.60770777635243,0.138816909262095,-56.9344463718948,-237.580049934789,-6.50532625767621,4.00114322072974,3.91602147403145,-0.820928064885182,0.454472949358274,47.8747874981689,235.110621564717,34.5182636579832,8.36715088336988,4.55324230324473,-7.0197719644601,-0.0843561669569179,240.706763710691,129.642432668242,-3.4698018043167,6.69012314022826,3.6357223559993,-5.6159834919188,-0.978131374148448,192.355651022901,90.9485949209269,33.6736708195695
0.49427935045045,-1802509.12334104,7.22710435388213,-7.21608744327386,0.398897672251065,0.0946314801144475,-19.9831988647478,-242.794833525846,-10.5500418871968,4.03238875126705,4.01403845442654,0.384258152457452,0.562380363828526,-8.50820713524134,238.34615995227,7.5733620599942,8.50691519048792,5.71260927640336,-6.30346740400111,-0.0961459683900191,221.156913786933,155.085804085212,-1.16469831267184,6.82000511417789,4.546919121948,-5.08310891638928,-0.773058991157584,169.745558616461,120.542024900493,47.5569408926514
0.499173205405405,-1802409.43653486,7.26901169003789,-7.22258515875258,-0.820240558906028,0.033316490390127,17.2148470183783,-241.725039843151,-12.9214912216909,4.1373430790624,3.83093940267903,1.56253353463751,0.530206569958216,-62.4633272025422,225.114225356121,-19.637148179944,8.6989478293447,6.76481144111406,-5.46891392360798,-0.0960031500836363,198.31008125867,176.717303372762,1.15739420483809,6.92068313698342,5.33317794216391,-4.41056324291388,-0.502561965221934,142.621578514451,146.608366942472,59.468793727123
0.50406706036036,-1802426.75467334,7.32740226709967,-7.04393897309008,-2.01835272618045,-0.0345834321024619,53.5072586623707,-234.528363452619,-12.9096530997001,4.29341388530513,3.38940518240112,2.63540040601866,0.366008882029087,-110.299094879048,197.473504643153,-43.3999832112527,8.93319206037563,7.69571008899005,-4.53629437027348,-0.0845720263416383,173.10298690991,194.232095285297,3.23575360639884,6.98292290201646,5.9731349070925,-3.61702524696456,-0.178371053886354,111.521091797572,168.681171887791,67.8162071473643
0.508960915315315,-1802675.76773845,7.39887611881605,-6.68751257212887,-3.16552419343222,-0.0957800406068737,87.8285618845356,-221.603555508453,-10.5958861635546,4.46698687950739,2.72794845388856,3.53726858106904,0.0962067378456886,-149.227696549121,158.412654902436,-57.9981075393694,9.19870521050127,8.49584131021316,-3.52659297075501,-0.063645614019648,146.425015268261,207.586100812103,4.8715395926232,7.00003866105474,6.44838886013963,-2.72375152403597,0.175600106251709,77.350773552861,186.131100228053,67.8628970663328
0.51385477027027,-1801988.41776509,7.47966078116003,-6.16565335424473,-4.23438828126498,-0.140542293738008,119.284019579388,-203.531576341116,-6.78392728005067,4.62639202789068,1.89712821690991,4.21952695504302,-0.213972193364607,-177.164481239207,111.984890363237,-55.0949334287596,9.48465096662059,9.15996024167267,-2.46043336215245,-0.0358566304154063,119.05079571676,216.931449296654,5.92895634729102,6.9713499020075,6.74664264262111,-1.75571424468403,0.500257916776974,41.3911243173111,198.359255842621,59.6535083740863
0.518748625225225,-1801649.11882291,7.56572275331032,-5.494672376335,-5.20083995684338,-0.16361931340738,147.180901836732,-180.999997404457,-2.25580381826335,4.75428858201214,0.956303641496482,4.65711748470141,-0.454742596441907,-193.320426701305,62.4112023689202,-38.071608157807,9.78097985868265,9.68634926738077,-1.35727847778847,-0.00435605054673778,91.6099887971841,222.546149705594,6.34302969446562,6.90210098464942,6.86230010331274,-0.740158965609755,0.772135189992572,4.68286353856461,205.100901443332,47.9913396175615
0.52364248018018,-1801540.44543804,7.65289514042708,-4.6938443358774,-6.04438825530955,-0.163100331920641,171.012075164519,-154.742375416998,2.39866983407666,4.84377332641456,-0.0360760501031433,4.84363897873222,-0.594688274942677,-198.29107332204,12.4839732672075,-17.0483421461055,10.0787995075603,10.0760601296445,-0.234971865096511,0.0275736665292499,64.5851490302996,224.772805863098,6.14023772536168,6.79988610243907,6.79347127800676,0.295294769749294,0.980171312952588,-32.1211038007414,206.292887582065,34.4900292692423
0.528536335135135,-1801507.86677644,7.7370468599668,-3.78455162468981,-6.74826371101336,-0.139632615066614,190.42516800806,-125.499873480617,6.69434145581282,4.89091371315915,-1.02660709172391,4.78195721737349,-0.625226017902962,-192.953902174012,-36.3359016395489,4.86975851492282,10.3705001303266,10.3322007576838,0.890449580842507,0.0570463267068791,38.326442907334,223.972396550518,5.43941331615168,6.67349731367416,6.54108906530532,1.3227699102109,1.11703548268499,-68.46468731757,201.857360313648,19.6980448573627
0.53343019009009,-1801525.58999794,7.8142739660666,-2.7895926557968,-7.29938699011573,-0.0961569173625129,205.191676408681,-94.0017343425765,10.1530690500682,4.89249947895485,-1.96561507184326,4.48027996233674,-0.545990689793449,-177.832520135986,-83.0582371631144,26.266769991166,10.6497183628813,10.4593245587178,2.00475210040867,0.0819677996907668,13.0747267346748,220.493357220238,4.39594592361053,6.53235963921925,6.10882440483106,2.31386837288577,1.17715176152622,-103.766783582887,191.661642946749,3.91594969089867
0.538324045045045,-1801637.21042645,7.88109694980492,-1.73263486060301,-7.68828105443912,-0.0381019245659318,215.181983279317,-60.9594312744013,12.2331474351205,4.84572062136784,-2.80493229308378,3.95137484574234,-0.362558317991302,-153.068667295396,-126.622777553779,45.4689193605901,10.9112179997764,10.4629480250305,3.09538315304488,0.101005785942984,-11.0129644204467,214.653714271107,3.14748244152129,6.38602138163873,5.50342122947646,3.23938633967838,1.15619497959398,-137.346973424589,175.529012009224,-12.6011503146105
0.5432179,-1802084.72049055,7.9346543354293,-0.637772823003631,-7.90898130285974,0.0261745569886924,220.349178957004,-27.066792307772,12.4281107544748,4.74913227338839,-3.49630174479722,3.21405218679895,-0.091301496187548,-118.754393607189,-165.408257973103,57.7976187087078,11.1507415788651,10.3491949145134,4.15128924311974,0.11344262410598,-33.8399251115406,206.733055170535,1.80136345491723,6.24352742423767,4.73535467058516,4.06915849297802,1.05114025838011,-168.363992907748,153.278957844872,-29.5449229507167
0.548111754954955,-1801821.51170573,7.9728649226155,0.470856928967032,-7.95894897751684,0.0861791829788161,220.720053332266,7.00925912167672,10.7315353942568,4.60623688012769,-3.99247622915567,2.29729226601131,0.215417869095775,-75.9117293351475,-196.772260027491,54.3281497279962,11.3648625452577,10.1245487739151,5.16271370475024,0.119019420492157,-55.3503825362464,196.970933361124,0.437251042035124,6.11264199642266,3.81978130039898,4.77217591812711,0.860745750086814,-195.761048411712,124.803961838209,-46.4392798629321
0.55300560990991,-1801721.2513867,7.99445305017428,1.56942771031903,-7.83888871164297,0.133489910931261,216.383476832541,40.6479423434124,7.66734802310986,4.43417733390124,-4.25541903814869,1.24632958652403,0.451980001092414,-26.7427552268975,-217.762270658763,36.1497847373597,11.5508522408701,9.79569108915092,6.12099857673098,0.117815134526331,-75.5144668328635,185.568944528314,-0.885162747062368,5.9990381329767,2.77774418646805,5.31719811136011,0.586747459750789,-218.225702750261,90.2101450839233,-62.370271620071
0.557899464864865,-1801842.23080329,7.99883720956541,2.63469169729244,-7.55246955408272,0.162852663209915,207.472877377637,73.278938676045,3.79950147421848,4.26158433337282,-4.25990378142465,0.119669559423678,0.576915716469372,26.2520567454908,-226.094677461762,11.8952663860292,11.7065672197352,9.36940410558647,7.01840315003338,0.110167793021533,-94.3169708753828,172.694597929785,-2.11830498898475,5.90583689279414,1.63752427289637,5.67427736896634,0.237043033886104,-234.19400134643,50.1050763951222,-74.9048593327675
0.56279331981982,-1802062.6803917,7.98602054190135,3.6441564840954,-7.10609932488252,0.171484925673445,194.152955728063,104.367036663736,-0.43074354951551,4.119792013639,-3.99289847069378,-1.01461718809358,0.570932664952706,80.348517600836,-220.009854712173,-14.8741334172985,11.8303579212503,8.85252138039709,7.84794455602883,0.0966320846364834,-111.749075198736,158.485858855062,-3.2203278774934,5.83454756191678,0.435804173003743,5.81824887531133,-0.162301133576886,-242.025100410488,6.35086236061337,-75.9121311914136
0.567687174774775,-1802201.77679844,7.95652360225844,4.57622125457307,-6.50879918744536,0.15854522771476,176.61722268443,133.392581247596,-4.64697106678169,4.03423032916097,-3.45641860541629,-2.08042898769806,0.428174382296387,132.00381834733,-198.290631858677,-40.9946273152005,11.920997715707,8.25191335359911,8.603261738584,0.077964514246599,-127.802253737253,143.055762959145,-4.15062903048862,5.7909281840055,-0.782726731208508,5.73778599257247,-0.522078278028032,-240.738680194272,-37.8458692015834,-64.2516361987064
0.57258102972973,-1802702.15386166,7.9113616917536,5.4103287109397,-5.77217351240656,0.125015215005628,155.096271573524,159.834541772593,-8.45471996141225,4.01613362428364,-2.67286028722048,-2.99752350668036,0.1609863918007,176.560187947585,-161.159446962188,-60.3661592526748,11.9776306309529,7.57449884302456,9.27850218562028,0.0551257943315972,-142.463717122242,126.49682962827,-4.86779422897925,5.78605697353664,-1.97158262893898,5.4397901832955,-0.80481749556395,-230.535542325604,-79.562995855619,-47.5140721663742
0.577474884684685,-1802514.94450599,7.85206594665091,6.12718397030831,-4.91045376971943,0.0739980281006371,129.875961390515,183.159197149967,-11.3565227755077,4.06077559218933,-1.69081672594044,-3.69202345731994,-0.175487210230361,208.715951942625,-112.026221421669,-60.0295813441054,11.9997360009082,6.82727618237669,9.8682300348667,0.0292865719568065,-155.712905070909,108.885185520793,-5.33082754360901,5.82762023962491,-3.08808215446454,4.94215603401628,-0.997218999691774,-212.39011776146,-116.986815909748,-28.9755843366958
0.58236873963964,-1801920.77288214,7.78074861636755,6.70908832484485,-3.94058154090689,0.0114499872505515,101.324005077922,202.818092570444,-12.7085934999885,4.15923125500594,-0.585700767794233,-4.11778572089704,-0.439309421640354,224.994045967907,-57.235249607531,-40.6912077733048,11.9871084513884,6.01736979231547,10.3673540408282,0.00181751889550714,-167.518670240214,90.2844027006634,-5.50415646043209,5.91652108104703,-4.09548380655358,4.26992202419802,-1.09457333893091,-187.568239648612,-148.951447955165,-9.97815342112653
0.587262594594595,-1801676.33185204,7.7002046692455,7.14042402108754,-2.88227284401499,-0.0530879068992481,69.916476839215,218.261777429484,-12.0124657697324,4.30087451822597,0.559123733738629,-4.26437595339525,-0.58239928796341,225.458735674421,-2.5769098877218,-15.6502307964955,11.9398518607236,5.15208947997455,10.7710740618733,-0.0257549926475144,-177.836889702327,70.7490993425046,-5.3687623786116,6.04646113200857,-4.96376455095066,3.45264155446463,-1.09700053390304,-157.413168051136,-174.754210527438,8.658908934451
0.59215644954955,-1801563.98925398,7.61397731137783,7.408253093237,-1.75796376661206,-0.108674670446773,36.2435074242956,228.972364577907,-9.40852349113004,4.46701566946564,1.66888658894997,-4.14355481977426,-0.595811729605309,212.150594699926,48.500827297763,9.69570636155879,11.8583861095434,4.2390008952922,11.0748450342533,-0.0518701048906089,-186.608288650341,50.3283973550861,-4.93186311825197,6.20539605718731,-5.66961548706494,2.52237991892364,-1.0079842495864,-123.221822936345,-194.037453040828,26.3305052730453
0.597050304504505,-1801537.64688172,7.52622143952153,7.50285909533049,-0.59254919823592,-0.147173141810549,0.997539700744216,234.498460821585,-5.4869895099141,4.63350790967688,2.68062968073789,-3.77936768041762,-0.485442224347822,187.308383052145,94.0423632748656,32.8658404627593,11.7434657764763,3.28600659347114,11.2743580354242,-0.0750736238300341,-193.756236104407,29.0695773733381,-4.22090258162832,6.37786438911939,-6.19598278031411,1.51226702405635,-0.833695481172586,-86.1839551033844,-206.681795717987,42.5049283956325
0.601944159459459,-1801645.79751782,7.44141837299527,7.41822849024444,0.587020841603793,-0.163544565545914,-35.0321097914726,234.481240995425,-0.827442135520568,4.77552131748007,3.54197041947142,-3.2031311870256,-0.267153324977716,152.919933027457,132.744584833526,51.2520275054445,11.5962121912688,2.30143853424813,11.3655408079866,-0.0940791307068921,-199.184396355634,7.02239708741828,-3.27207238557846,6.54732324050782,-6.53145503809878,0.455561961743769,-0.582934965630073,-47.3818084687377,-212.715948109164,56.5412711021793
0.606838014414414,-1802165.7741548,7.36404957666757,7.15253799741577,1.75226321171833,-0.155447563165754,-70.9594598857252,228.682511081769,4.03435705086682,4.87181495672858,4.20982901101246,-2.45192183208236,0.0270780507066227,111.054658400461,163.356434701336,57.716189597059,11.4181608768793,1.2941626299148,11.3445820062984,-0.107794347685819,-202.774351959513,-15.7555656109492,-2.1250819291223,6.6980845256307,-6.66980086500149,-0.614892457035281,-0.268282770150793,-7.86537165069111,-212.265161574335,67.1221594858564
0.611731869369369,-1801753.80127552,7.29827097653397,6.70863389138719,2.87384595242148,-0.123200995037246,-105.809409300646,217.021838103825,8.52071545626299,4.91013793420303,4.65251700347603,-1.56956684001224,0.310008570992874,64.4214993325784,184.606772990787,48.6670846389112,11.2113264213359,0.273695014653001,11.2079851518771,-0.115329949998115,-204.383452485158,-39.1921658032563,-0.821766043022532,6.81709070367905,-6.6101087546057,-1.66708965399958,0.0882866292284903,31.0852083201567,-205.610561316145,69.4840565716539
0.616625724324324,-1801561.74322036,7.24762777393444,6.09444390440931,3.92248159275658,-0.0702404086031243,-138.540551243144,199.620713207597,11.9114041832925,4.89170751263541,4.85404400433825,-0.605854102174494,0.513748897095735,15.574156665057,195.829360402446,30.5809376790626,10.9782865992163,-0.749671894936772,10.9526603482658,-0.116012008116044,-203.843321237338,-63.1920962903462,0.591421158935122,6.89713420926035,-6.35894878179992,-2.67099807019673,0.426557795565746,67.897750548251,-193.361400144007,62.6309014409174
0.621519579279279,-1801536.15362984,7.2148581011925,5.32322837895575,4.87005308449745,-0.00408695320432037,-168.090224282518,176.84600746527,13.315709031349,4.82394641079845,4.8082585701266,0.388726764012218,0.615817947783499,-33.8931132759874,196.916373233527,9.25927519346066,10.722286819321,-1.76473819772038,10.5760641889737,-0.109415738408764,-200.959741316265,-87.6259588994636,2.05769297549155,6.93854341404751,-5.93113124912319,-3.60070365543966,0.714595643637665,101.445139929235,-176.299608032179,51.4641499408996
0.626413434234234,-1801572.38608885,7.20181692771996,4.41354166158413,5.69094166740927,0.0629166817103654,-193.451056383572,149.331619371698,12.1876521263802,4.71644541903983,4.51511287157837,1.36330963016078,0.606341649030342,-82.7932710775921,187.620367369105,-13.378608022267,10.4473642310422,-2.75926930809942,10.0764007592712,-0.0954350783611286,-195.51508132089,-112.316578000184,3.50150819896131,6.94434708222902,-5.34449738250758,-4.43399415051852,0.941199294974743,131.28858138726,-155.074862865276,38.5799356806551
0.631307289189189,-1801692.57100479,7.20942972789354,3.38871781512003,6.36336927821443,0.117789568059481,-213.774182624078,117.943114908842,8.92043131951339,4.57961830661142,3.98032585935068,2.26493043770327,0.482031867560829,-129.749368510256,167.354816913252,-35.8120501541967,10.1584872192652,-3.71988901092928,9.45289840897184,-0.0744006564191507,-187.275021614576,-137.022433995654,4.81828559620218,6.91850067106262,-4.61824543525059,-5.15145228409242,1.10039500044422,157.186401357238,-130.177523630027,24.7092495125493
0.636201144144144,-1802050.63626942,7.23749179814521,2.27579983534334,6.87037281649769,0.152120994905499,-228.448318088171,83.6957992984663,4.39744941863974,4.42442973978634,3.21761918647581,3.0368577992933,0.248221147488375,-172.631849618563,135.423614571032,-54.8904708868398,9.861699281423,-4.63201952424519,8.70617641931464,-0.0472522223991067,-176.002026420346,-161.418859363396,5.86546215518839,6.86526132023909,-3.7726333689352,-5.73576938681879,1.18829179010024,178.909099793874,-101.984111714376,10.1757629864161
0.641094999099099,-1802966.33150084,7.28450732306756,1.10423463423832,7.2003272711991,0.161764062245879,-237.122165020793,47.6735720627778,-0.614976185871417,4.26367399688342,2.25400736316505,3.61916658341359,-0.0668728413075687,-207.905263884352,92.0832022558125,-59.8710817319165,9.56424472881996,-5.47990927513274,7.83870981533789,-0.0157460348672669,-161.478477187706,-185.079172902052,6.46418299735693,6.78888629116017,-2.82915443731185,-6.17129340123617,1.20215263030838,196.169058767986,-70.803198309557,-4.81611646859764
0.645988854054054,-1802587.63284634,7.34772816447737,-0.0954218148645816,7.34710853712547,0.145971233046785,-239.692423248271,10.9644563857125,-5.47729819377952,4.11820865296717,1.13856654763229,3.95768982185142,-0.35048966983079,-231.032861691504,40.0886486151327,-45.7806113535369,9.27463547348199,-6.24680429612225,6.85538469029412,0.0173896075744626,-143.54192694672,-207.460456653955,6.43251976534426,6.6934363261251,-1.81094278125533,-6.44380136991436,1.14013062541426,208.582827671272,-36.9220334165661,-20.0812758387169
0.650882709009009,-1802538.1701974,7.42339104632946,-1.29268959824439,7.30997183505622,0.106991080308083,-236.277279481845,-25.3887263972373,-9.58165946631736,4.02044758276268,-0.0563212537499911,4.02005306956491,-0.524678954842938,-238.578674696563,-15.9986840433602,-21.1592064392422,9.00259285978119,-6.91532854459994,5.76410524879834,0.0485791627861758,-122.132463605026,-227.901771494596,5.67268981759936,6.58261754198215,-0.743326160599127,-6.54051373540183,1.00133987192121,215.646437764824,-0.661233798871521,-35.3846559877432
0.655776563963964,-1802568.87894976,7.50709722655744,-2.45819460968304,7.0932212731531,0.0501546383836116,-227.184187164854,-60.4233248678295,-12.2673672464968,3.99726233323445,-1.24722019933333,3.79770298141782,-0.562081734223212,-229.317124883958,-71.4562437994143,6.69410665405316,8.75877185686494,-7.4681289321725,4.57636697534817,0.0741165057504562,-97.3482050289011,-245.643708931693,4.21866241892255,6.45966115029866,0.34552159639291,-6.45041370790308,0.786284065536827,216.723420253817,37.5498373389203,-50.3314565248188
0.660670418918919,-1802656.33287893,7.59426195154571,-3.56453146989293,6.70573858637793,-0.0156825921568847,-212.876560832776,-93.2816656346546,-12.8804170851219,4.05541407690099,-2.34949250258957,3.30549063157077,-0.457737888302407,-203.879443976327,-121.761787770753,33.6102848498603,8.55418033801482,-7.88881059488895,3.30766815948141,0.0907657869754013,-69.5003721945631,-259.876417037527,2.20803355312241,6.32731606020676,1.42390804193904,-6.16501536201263,0.498025306673021,211.06459682978,77.0509860920343,-64.052709560086
0.665564273873874,-1802954.6704173,7.68054614492909,-4.5869602180108,6.16040461680655,-0.0786495324676073,-193.934187296241,-123.237811364293,-11.3142099464233,4.17788599063508,-3.2860146390966,2.58008510371029,-0.225978885724609,-164.619871548131,-162.892372658202,54.648259076587,8.39926470489926,-8.16313265411814,1.9776028049729,0.0961968412816804,-39.1531228362012,-269.819292180077,-0.144758327057673,6.1882200039113,2.45616756469071,-5.67990384698274,0.145756969935967,197.9397055141,116.7068199526,-73.7406772692867
0.670458128828829,-1803226.94765573,7.76210645628437,-5.50387334285534,5.473360472735,-0.128824691621117,-170.998911482784,-149.723888354376,-8.16589744934941,4.33317722890171,-3.99569121807088,1.67656690498875,0.0887447024634633,-115.781822219099,-191.677481162077,59.0112628913224,8.3027417625279,-8.28034182325096,0.609475237680638,0.0893182037048245,-7.12832935286496,-274.826270289433,-2.56483209298328,6.04664877620812,3.40330509708004,-4.99794716248663,-0.239381466019846,177.185931621244,154.368786047148,-72.2460743696568
0.675351983783784,-1802536.77256011,7.83560371357647,-6.29694933283864,4.66316573326279,-0.160308506961101,-144.722660299427,-172.326978229602,-4.14742837304928,4.49306477169552,-4.44383286128759,0.66331029208952,0.364133743188615,-62.9394129724789,-206.635053067528,45.2128358337975,8.27040039400294,-8.23441594764678,-0.770659897921426,0.0705485203518476,25.5415037917544,-274.496236512643,-4.73229229637348,5.91476914111708,4.22802688090315,-4.13621598651126,-0.576703773760601,149.600531279882,187.356872083273,-59.746940929435
0.680245838738739,-1802321.0737293,7.89816248526881,-6.95109994584961,3.75009069043897,-0.17029897535161,-115.738853703678,-190.75668793358,0.203990935650904,4.64148098662997,-4.62508534779567,-0.389783625686533,0.540873060801439,-10.5747761393895,-208.45493685141,24.0881992057154,8.30420105617924,-8.02492678533342,-2.13548712744579,0.0419952807410898,57.7145259576463,-268.756517117223,-6.3127321937751,5.81076441950791,4.89931040987887,-3.1243784416539,-0.836850875314196,116.483173996486,213.70201014339,-42.9530990932144
0.685139693693694,-1802232.49986073,7.9473566751482,-7.45433786987542,2.75559885392698,-0.158268597604592,-84.6544073502583,-204.81046603606,4.46800578230226,4.76640371293023,-4.54958062268148,-1.42123907642458,0.605015735245769,39.0242583798875,-198.817709500234,1.53868357339857,8.40197090085944,-7.65727068807032,-3.45822506909366,0.00742119841409657,88.2756214260097,-257.888628157337,-7.02244588410444,5.75149617852439,5.39285862086801,-1.99919588507736,-1.00623476469274,79.2498480141272,232.250485051725,-24.1300191487983
0.690033548648649,-1802194.54751705,7.98122852066779,-7.79764401935219,1.70198603007838,-0.125618917528588,-52.0544921754066,-214.347305210387,8.24990836076288,4.85680866669824,-4.23484276399679,-2.37796072068887,0.556259896535424,84.6654574339325,-179.149241100701,-20.3694911631959,8.55779861331013,-7.14217057107332,-4.71437340901916,-0.0282291780999547,116.27087055741,-242.483105455998,-6.74739794657301,5.74801615313272,5.69180889002014,-0.801873591136649,-1.07815106680218,39.438727390119,242.331594971231,-4.44680811077118
0.694927403603604,-1802218.81873831,7.99834067400769,-7.97488279162949,0.61212580182311,-0.0757695139969636,-18.5149127292311,-219.271754951239,11.0975233355947,4.90237747728847,-3.70292604834216,-3.2127314874316,0.40132082361381,125.4420559863,-150.418439131783,-40.0571955157727,8.76297236664272,-6.49456198249622,-5.88305612365364,-0.0600527810516335,141.002460120666,-223.33678816348,-5.6294968151093,5.80276596768721,5.7872458947692,0.424120064634951,-1.05070284580046,-1.35513937749773,243.700593407321,15.2007712996369
0.699821258558559,-1802439.744223,7.99786245482382,-7.9827931466445,-0.490731519434013,-0.0146436841726406,15.382147700108,-219.528611623924,12.4628109919862,4.89427902612542,-2.98042220413379,-3.8821451120067,0.155687941377698,160.234394344299,-113.388911234418,-54.2625332408384,9.00714196966589,-5.73214596986666,-6.94774129065396,-0.0845241462510477,162.060925630326,-201.328197436496,-3.96448274675352,5.90899872842951,5.67825749624516,1.63513234293656,-0.92614335380581,-41.5743057631375,236.507504185394,33.995973220593
0.704715113513514,-1802516.79282604,7.97968650188209,-7.82106131462841,-1.58316031441613,0.0488585959228988,49.0372101928027,-215.107153404764,11.9374319930901,4.82758281314964,-2.10058210489917,-4.34662059977577,-0.141304508794573,187.336206835716,-69.3715249046002,-54.5137723336277,9.27941649757051,-4.87395272619296,-7.8963380980186,-0.0996976085191687,179.29847280345,-177.309606185048,-2.04234706361483,6.05249139375194,5.37150283713783,2.78919510648889,-0.710743113594527,-79.777960289464,221.244173210449,51.0729017709405
0.709608968468468,-1802293.5973754,7.94452619636283,-7.49242104471648,-2.64180305348165,0.104730635758261,81.8405844615753,-206.047322484923,9.6691411332618,4.70787427488024,-1.10706013577662,-4.5758603610527,-0.38944978195858,204.8229611979,-20.5578085599245,-40.1133334472192,9.56922125452167,-3.93916124183217,-8.72083735250444,-0.104947616887196,192.768518687168,-152.036706608836,-0.0921667649091698,6.21473175047895,4.88047789335052,3.84757407504105,-0.415414336096405,-114.668033032362,198.696986361315,65.1724865300215
0.714502823423423,-1802355.92572826,7.8938741439269,-7.00265547001266,-3.64363353926536,0.145550007255517,113.185948408575,-192.44012348158,6.19291634919666,4.55249971495277,-0.0523524929201731,-4.55219868537502,-0.542437843266765,211.241767269608,30.8389469606421,-18.9920742361636,9.86685504915203,-2.94626753932129,-9.41670516410695,-0.10061927616826,202.657712413302,-126.136567090127,1.72099928261473,6.37658819712498,4.2248225068142,4.77616497010204,-0.059018248294312,-145.02103878119,170.01556728782,72.753059580782
0.719396678378378,-1802233.76134451,7.82987643382954,-6.36056156063073,-4.56620428829745,0.166659799250227,142.468646026211,-174.427846999632,2.00933119572285,4.38429601947474,1.00535753691945,-4.26747089144628,-0.579370524320215,205.433793032936,82.8732710063855,5.2011529684238,10.163776621304,-1.91258411769915,-9.98220302340571,-0.0877376240610487,209.226630825204,-100.103985806254,3.28170130877468,6.52257928395679,3.43026750553861,5.54772974791925,0.312116259711414,-169.58333736391,137.052715082545,69.4165563451287
0.724290533333333,-1802351.93607923,7.75521334930791,-5.57796900975054,-5.38791200926167,0.165643319212745,169.074932085995,-152.212954687406,-2.45488795891773,4.22754592652739,2.00198543740918,-3.72346597531116,-0.490426313582527,186.218620592946,133.178442144731,30.1838736141721,10.4526900580475,-0.854001231069251,-10.4177450221695,-0.0678022630805137,212.76537387883,-74.3143958701154,4.509052086118,6.64662395996568,2.52898913317511,6.14669212092749,0.635147315156976,-187.642541159835,101.838741756467,58.1944765347213
0.729184388288288,-1802728.15327056,7.67300171010063,-4.66981223977077,-6.08833383517152,0.14211091966105,192.375038338857,-126.077134584158,-6.77193413996379,4.10378632086113,2.86754374284891,-2.93568646999897,-0.277531788178494,152.808223017762,178.341818830496,52.2269238783928,10.7275031031692,0.215069621089158,-10.7253469821069,-0.0426471031998687,213.563985778121,-49.0438869069327,5.34767870728464,6.7474676645215,1.55384209394026,6.56611716548392,0.894061025058627,-199.327272752508,65.7233922047537,44.7651574359282
0.734078243243243,-1803717.45788215,7.58671893018832,-3.65421862636198,-6.64868335510325,0.0979239778131074,211.725982094933,-96.4093898691869,-10.4201902057617,4.02804706447299,3.53006766758681,-1.94004778700621,0.0318429252014003,106.263671421418,213.549277208375,60.1695314704147,10.983217806024,1.28163862671196,-10.9081838912388,-0.0143254760076673,211.894829813698,-24.4903425789066,5.76696561933355,6.82498363848268,0.53571640565002,6.80392604297502,1.08279888951626,-205.046568570892,29.5087334299568,30.4624176529869
0.738972098198198,-1802982.05031901,7.50015071796538,-2.55255241882145,-7.05242773386338,0.0379090176034329,226.489307107868,-63.7403287622658,-12.6970986904311,4.01081392977334,3.93018045706308,-0.800193697915224,0.324163526525654,51.2476505984901,233.82945452139,47.5898444429376,11.2157939379791,2.33401791922614,-10.9702504078959,0.0150225529934669,208.003444110073,-0.792567784623715,5.76796835521177,6.87915417618695,-0.496623591768654,6.86120449978349,1.1986852015885,-205.185835078417,-6.25831242513558,15.783589531118
0.743865953153153,-1802689.47774007,7.41736368690872,-1.3893255552833,-7.28608664272591,-0.029047009091204,236.069761480628,-28.7731447951251,-12.839276492606,4.06211322782877,4.04254417357171,0.398246758207691,0.507741369630776,-5.74744481729857,236.908010673201,23.4132389985093,11.4220091901175,3.36167306781268,-10.9161095690851,0.0433542075444504,202.104835844487,21.9537909164483,5.39449554765919,6.90973159722003,-1.51614194513415,6.74134291872367,1.24063478482744,-200.03872404285,-41.1573368350537,0.985482510995525
0.748759808108108,-1802535.52717509,7.34266607440386,-0.191854804015168,-7.34015918181463,-0.0904837473226269,239.975908852366,7.61705980792256,-10.6933487960528,4.17842750266934,3.8727060088901,1.56888640881679,0.558295916510747,-59.5499213448594,223.764193628858,-3.18170163859578,11.5993284940676,4.35506627767101,-10.7507124987314,0.0689675084700588,194.38301349503,43.6834011994224,4.72068245604776,6.91612643230725,-2.49701083219715,6.44963113143295,1.20854002669845,-189.795158386593,-74.8179527228141,-13.7544972728181
0.753653663063063,-1802468.58301161,7.28037535405629,1.01043353324036,-7.20991604464668,-0.135980497051732,237.88179328857,44.42869484965,-6.85461490217418,4.33935803626336,3.44704496012311,2.63588869449627,0.475924353244818,-106.775458702431,196.850282746874,-28.260724459303,11.7457899025979,5.30550320276299,-10.4792755570908,0.090561032104928,184.992429048559,64.350797116686,3.8238875937191,6.89739386014184,-3.41409352900009,5.99316339149552,1.10308981209926,-174.547116612292,-106.863097932094,-28.2677047472698
0.758547518018018,-1802530.92432832,7.23435287951087,2.18696312887053,-6.89587223331813,-0.159029896344369,229.666966339969,80.5893537329907,-2.05900624411136,4.51451825647163,2.80495142186579,3.53738923628553,0.275688671917717,-145.29056439031,159.022618858926,-48.4562357028083,11.8599111005494,6.2049905681566,-10.1072045275646,0.10720638440725,174.060515121151,83.9219283179215,2.77288540267196,6.85228546859362,-4.24248199832007,5.38100015211201,0.925862979225754,-154.304867622072,-136.857501007007,-42.3304571860911
0.763441372972973,-1802975.31542064,7.20752633206752,3.30710319664005,-6.40402250731678,-0.156570559492845,215.438629700627,115.002812170022,3.03485727644924,4.67296892965612,1.99413931622001,4.22611488308554,-0.00863800378326435,-173.636247148943,113.429021396504,-56.4725354096634,11.9406167303089,7.0461083539745,-9.64005627391162,0.118289886131648,161.690743351485,102.367448676843,1.62482815666174,6.7793861477568,-4.95714220522081,4.62458838142546,0.679785240238346,-129.030972985928,-164.250858311553,-55.5377157000669
0.768335227927928,-1802382.41166358,7.20153035073623,4.3413494258768,-5.74584411161791,-0.128681323579876,195.543612073411,146.598862905506,7.78225530693814,4.79233463259401,1.06858895037636,4.67167945025057,-0.289036682178918,-190.899761745535,63.8014322155372,-48.173621247921,11.9871850886936,7.82189800167145,-9.08353004079616,0.123454665973867,147.965848502684,119.657373452016,0.426860289928918,6.67743240466481,-5.53279172817935,3.73849156899648,0.370485822225085,-98.7255194122189,-188.30375869948,-66.8753234945875
0.773229082882883,-1802370.09243005,7.21654340039394,5.26253931737417,-4.93803387826171,-0.0787480064234639,170.568249348253,174.38885528912,11.4578310817857,4.86487430815495,0.0851416987646622,4.86412920524091,-0.490374216262475,-197.128693076845,13.3960952241608,-30.2116177748943,11.9992123735695,8.52576683900134,-8.44348253939146,0.122558489030937,132.951047907552,135.756720824283,-0.780233265965755,6.54614093949703,-5.944397399343,2.74155079443065,0.0110320052924706,-63.7044371003198,-207.974159074485,-72.1709132324315
0.778122937837838,-1802203.12153838,7.25136148097543,6.04703191935933,-4.00195555872672,-0.0141030127620192,141.322018432095,197.524269757508,13.2160542490858,4.8896874462351,-0.902697980392084,4.80564040249218,-0.59115285992786,-193.013603144816,-35.9433949055093,-9.39961315918934,11.976592957577,9.15140848074697,-7.72596283255333,0.11565233331421,116.697229284338,150.62179193134,-1.95780709249776,6.38892236461877,-6.16983609918255,1.65874997825162,-0.351223310099229,-25.1989689142793,-221.907225623857,-67.1200087772943
0.783016792792793,-1802190.45828634,7.30369060850931,6.67575950169512,-2.96279118068663,0.0534125360673939,108.794769761612,215.355843268661,12.4890451274958,4.86788284973429,-1.8449943326835,4.50469525618582,-0.584370347854368,-179.070792479244,-83.1117187609053,12.1410250454721,11.9195147672622,9.69273913184473,-6.93726462007806,0.102980418105959,99.2441860842707,164.1968072866,-3.06513709631554,6.21837573432361,-6.19638708848579,0.522478538192082,-0.660168082480473,15.0613564964119,-228.972014774686,-54.3868988951871
0.787910647747748,-1802251.76377049,7.37051599755462,7.13497961697545,-1.84839712604011,0.110787438512938,74.0691137528564,227.483602117297,9.60969491507189,4.80117383102588,-2.69340590518452,3.97452321488312,-0.469742609473139,-155.431562611745,-127.063523888108,33.000554292244,11.8284695539394,10.1438503415897,-6.08399475968733,0.0850009623510542,80.6240610556887,176.410689724108,-4.05552486925,6.05220317497982,-6.01922253421843,-0.630970169495239,-0.895092299051101,55.6239484768149,-228.57319868394,-38.3691835652729
0.792804502702703,-1802479.07327832,7.44828989671742,7.41645063922368,-0.687955159513662,0.149509485218113,38.2152663701627,233.765408272389,5.45411044167785,4.69195613700005,-3.39930995880095,3.23406001730473,-0.254364804931928,-122.011948808762,-166.329649570181,50.6496236496539,11.7042785534482,10.4989797424016,-5.17315772283699,0.0624251694134592,60.8652256332831,187.173862257885,-4.87341753522712,5.90934240976849,-5.64014760371764,-1.76325344864732,-1.0438599181332,95.1483461059025,-220.412556259537,-20.3599564869631
0.797698357657658,-1803214.47193938,7.53303724236519,7.51713228067708,0.489256956683779,0.165328542929717,2.22258622126963,234.276496845445,0.763984120255727,4.54504674907128,-3.91352539327214,2.31122671918131,0.0367536270233999,-79.2198527752157,-198.517929746851,56.5538496210176,11.5481346494981,10.7525025979225,-4.21225613710849,0.036266786998783,39.996876317384,196.375019976156,-5.45410788522148,5.8068706825402,-5.06773907315941,-2.83509573209061,-1.09869186392073,132.240617378207,-204.433412121673,-1.15348082593249
0.802592212612613,-1802864.88500495,7.62051859106639,7.43867650143638,1.65480980894079,0.15714932642067,-33.0276277890827,229.253894627322,-3.89235984954581,4.37360794370339,-4.19150848655311,1.24888071983622,0.311173691278248,-29.0738307403093,-220.371795932701,45.4528251461821,11.3616625181511,10.8989485055755,-3.20940752307542,0.00788409056124434,18.0546606425206,203.877946149418,-5.72830610223826,5.75678852816094,-4.31774142993558,-3.80758756986405,-1.05539472639253,165.448071387606,-180.875115611048,18.5153159261437
0.807486067567568,-1802849.1721767,7.7064445531317,7.18685600278625,2.781795902957,0.126404944434259,-66.7664286410725,219.048416023285,-8.02135151866064,4.20563804888875,-4.20426370067523,0.1075087598543,0.491281878485221,25.2118246752146,-228.984326403431,23.5258114747185,11.1469980606497,10.9330492043477,-2.17347667561431,-0.0210162740235995,-4.91235704594988,209.518575362481,-5.63620212450781,5.76330170546993,-3.41325835928335,-4.64384688820109,-0.913538704659294,193.328036224036,-150.338517317299,37.8238034774813
0.812379922522523,-1802945.40651825,7.78671253645528,6.77101221502566,3.84529396917364,0.0769358112340637,-98.3293103937519,204.08985438219,-11.1099806554577,4.07460408872597,-3.93939023980096,-1.04096254419809,0.546431806025432,80.1630865990852,-222.509874774382,-2.62168920608995,10.9068873320568,10.849824935116,-1.11422176945062,-0.0484779306838337,-28.833120501408,213.102654151105,-5.15035020366155,5.82169099666382,-2.38446106769521,-5.31097274303704,-0.677156691617714,214.556449233689,-113.831402120406,55.7092526906407
0.817273777477478,-1803136.48857132,7.85764432683006,6.20356289884874,4.82269444677891,0.0153051378796812,-127.143898721243,184.865350060517,-12.5849739958226,4.00775467868009,-3.40263283468438,-2.11758998788952,0.465064986424321,131.808877103389,-200.104705426767,-29.3161734104916,10.644802642568,10.6447179993336,-0.0424501341032602,-0.072519776060215,-53.6038186259994,214.404504622728,-4.27985022707717,5.91949596862323,-1.26769386694646,-5.78216090940515,-0.356446177752888,228.050076454326,-72.8155000880215,70.3496149010182
0.822167632432432,-1803616.05858772,7.91620764486888,5.49957322781322,5.69394746977881,-0.0489139287241626,-152.722063850301,161.905034315763,-12.065504575038,4.01560005320726,-2.62130146876707,-3.04200959846576,0.253270071920516,175.575513732363,-162.475627691963,-51.757125311302,10.3650727485275,10.313786748856,1.02982327677666,-0.0912764329546054,-79.0740750672728,213.167843261691,-3.05800238253892,6.04002248770504,-0.103960303151955,-6.03912774391726,0.0263394573924677,233.124859802283,-29.4265368302385,75.789418995808
0.827061487387387,-1804054.67581862,7.96016663610567,4.67634226034573,6.44174478993653,-0.105349907870699,-174.663403525582,135.760578717456,-9.78158956309569,4.08868704057858,-1.64687769736075,-3.74234626480915,-0.0525062666886991,206.811752731463,-112.964556804657,-58.4839521089993,10.0730205251671,9.8539772486609,2.08922829851365,-0.103099799885604,-105.029632930572,209.110399477397,-1.5372093763695,6.1688009348989,1.06355473107637,-6.07642627770754,0.401448012205192,229.861895716307,13.3431186023796,68.9277547520437
0.831955342342342,-1803212.70228911,7.98805082098775,3.7529391925574,7.05155325695337,-0.14672982435512,-192.654515174898,106.979198606401,-6.34668312035834,4.20817291723734,-0.553183941452438,-4.17165516651233,-0.331569449169477,222.468377661461,-57.7360261348431,-45.502432587453,9.77509292986044,9.26349041955024,3.12092727155064,-0.1066485267183,-131.171881457096,201.934909347167,0.209486786456049,6.30029986917611,2.19465865401111,-5.90569655789346,0.715617004912905,219.216214059603,52.9948287140014,55.4007691101756
0.836849197297297,-1802916.86340291,7.9990354965868,2.74979710859675,7.51153677600054,-0.168816739074282,-206.450586467079,76.092460729401,-2.29153291649869,4.35817901621206,0.577806079253864,-4.31970652615758,-0.507530592563229,222.613016329377,-2.80872758913855,-23.1513388759491,9.4789549709192,8.54225843408995,4.10857739198532,-0.101004932021044,-157.095886807599,191.349793957943,2.07935830652556,6.43141589763423,3.25571687167241,-5.54647799056752,0.955455703306949,202.469134509151,88.441167723283,40.1111201814224
0.841743052252252,-1802807.24353311,7.99284789559226,1.68843332788661,7.81247786424738,-0.169645153520106,-215.853072869889,43.6218867625731,1.97122701826463,4.52068420083734,1.67294622184134,-4.19974244240371,-0.563082837928968,209.349157126399,48.2905296424956,0.791380786744934,9.19350199199896,7.69253155147425,5.03442521113007,-0.0858549436530448,-182.270824428001,177.103097639503,3.92524713751047,6.55867488656652,4.21934999910262,-5.02128488066063,1.11672820672713,180.763341948267,119.27566198755,24.3257909240296
0.846636907207207,-1802790.41888249,7.96971867149593,0.591266379897858,7.94775564362627,-0.149104468891636,-220.695295777957,10.0931133736648,6.07057279819496,4.67513366805057,2.67129765051785,-3.83680122973262,-0.49961678469578,184.937310631825,93.7493052071484,23.4715870406764,8.92872607480503,6.71955018980994,5.87960836838036,-0.061752460645939,-206.029957471715,159.032153631508,5.54021940942742,6.67775455857436,5.06335029115508,-4.35372137069202,1.19871361254724,155.026526862474,145.355872066583,8.57554938611345
0.851530762162162,-1802869.3650012,7.93037858969917,-0.518519629892961,7.91340899798403,-0.108939425538157,-220.83829606594,-23.9455581419409,9.59336632654031,4.80093788069057,3.52231932815959,-3.26224939033223,-0.328366967522204,151.254910950372,132.460664438597,42.7100555271292,8.69536120628638,5.6322319767571,6.62474674744515,-0.0304527495587705,-227.580908004657,137.127540788321,6.65567001032836,6.78359272733144,5.76961526772736,-3.5677261599948,1.20248370058826,125.992107843585,166.635835567384,-6.84608246596774
0.856424617117117,-1803204.88901784,7.87610029677075,-1.61711658076154,7.70830006220686,-0.053170805626233,-216.177912418568,-57.9029282662468,12.0044246841983,4.8801327180711,4.18384676002157,-2.51219458534665,-0.0725162294244879,110.017901389113,163.393561635616,53.9704959854779,8.50424309315551,4.44374110976337,7.25088377626357,0.00480423945734462,-246.04865912979,111.601859176554,6.98361678567098,6.87063903781708,6.32327136959093,-2.68736301501819,1.13025278788757,94.2408864873636,183.080949654673,-21.73078185232
0.861318472072072,-1802832.76209708,7.80878525890141,-2.68029875407864,7.33437971532156,0.0111048213038258,-206.66376222456,-91.1277129753009,12.663692760181,4.90090773926441,4.62249834205072,-1.62831377397607,0.211337992332575,63.4800130337267,185.318534837153,50.4556624107712,8.36537009503508,3.1717453854592,7.74076533921069,0.0393834182979392,-260.55916651856,82.9425452647705,6.35920467789118,6.93311960464997,6.712024132601,-1.73691666344807,0.985175882065064,60.247726308898,194.618597091379,-35.8772425076009
0.866212327027027,-1802685.85764705,7.73107791788935,-3.68375420300714,6.79702293245385,0.0734661219755765,-192.32498142333,-122.907953928241,11.2847070654934,4.86350193054176,4.81864689035884,-0.659009236975128,0.432040394683224,14.1761865627154,197.287284870899,34.6317181567839,8.28674789138841,1.83814944457777,8.08030922891127,0.0683962862362564,-270.356080676619,51.9213857708916,4.85525324195313,6.96529522229854,6.92574863267991,-0.741177044104393,0.771480362811558,24.4339125145802,201.107521929122,-49.0044048038774
0.871106181981982,-1802675.27949583,7.64639455301324,-4.60354856831194,6.10530017603915,0.12395189195876,-173.288838341348,-152.495322992178,8.21989896268163,4.77670349534526,4.76426020767787,0.344559074732921,0.557655173900414,-36.0074797200913,198.896209367679,14.2156160655075,8.273237161672,0.468184578693012,8.2599791969196,0.0879359507174705,-274.921999291303,19.5435853561417,2.72443184361335,6.96176361904595,6.9563632577468,0.274158555843147,0.49513183402629,-12.7611220190641,202.322877220165,-60.5392760614246
0.876000036936937,-1802757.32746982,7.55875226855478,-5.41664258642062,5.27206970253207,0.155665111602393,-149.791519472133,-179.131012257286,4.06033491048619,4.65270240945362,4.45857209315792,1.32995285670166,0.574196555338299,-85.6696993429336,189.761053671672,-8.17703670129415,8.32574358325518,-0.911070548335265,8.27574508247269,0.09564060467239,-274.066257145146,-13.0588354290517,0.289834069632173,6.91797144491096,6.79813741248927,1.28205172809726,0.166087602197312,-50.7383367952406,197.977879243863,-68.6999380505277
0.880893891891892,-1802854.21793299,7.47250762682877,-6.10146376303327,4.31399005346629,0.164555241063622,-122.193106502927,-202.059735639284,-0.656973195718833,4.50514981325334,3.90756321424854,2.24216961144964,0.475884806887472,-133.228292328769,169.23067777428,-30.8204241215966,8.44103972859938,-2.27247799275845,8.12939084262909,0.0908342914137922,-267.95068359472,-44.7635431569621,-2.12053534086713,6.83151338935613,6.4489798897944,2.25393734828178,-0.191867546478987,-88.3598515153437,187.901412537223,-68.3182206358615
0.885787746846847,-1803122.11391578,7.39207227666456,-6.63857365144988,3.25147234613923,0.149095379645204,-90.9987627817435,-220.547382187983,-5.41600538806217,4.34830280358214,3.12628916987023,3.02225963444446,0.265992314122333,-176.330629830181,136.61022111981,-50.6648932213506,8.61229044209973,-3.59057738428246,7.82810965090307,0.0744352512637187,-257.046913704752,-74.5864928174767,-4.20973476984106,6.70627375657073,5.91453889733583,3.16106585346949,-0.517094604161303,-124.072013395623,172.24169338307,-59.2481792194414
0.890681601801802,-1804030.39659709,7.3216317378796,-7.01145139085071,2.10851623158646,0.110395187183,-56.8810113572663,-233.912406126352,-9.62736906908803,4.1973161982032,2.14425691594672,3.60827182264774,-0.0307641253260336,-211.258713715952,92.2096294368334,-57.7836644716805,8.83009579967932,-4.84294712980597,7.38352591445432,0.0487369437153816,-242.043476661165,-101.769791125993,-5.73480280614055,6.55266076194684,5.20825975583817,3.97635428211248,-0.784349338673401,-156.627202876655,151.322089969514,-46.3359526216479
0.895575456756757,-1803540.65165473,7.26489918231672,-7.20738376502254,0.912348284875707,0.0528216889543241,-20.6957078902975,-241.574247207522,-12.530336513003,4.07253428521878,1.01370203271071,3.94435592881279,-0.311844330594471,-233.353890000925,39.0343501431055,-45.7905173481373,9.08372033594527,-6.01101215089411,6.81041173964314,0.0170872232023132,-223.734585353029,-125.814976670383,-6.53172880108947,6.3840724785287,4.34826686856928,4.67428675316463,-0.980454130377782,-185.141612021096,125.458034708343,-31.1928968510366
0.900469311711712,-1803397.96778039,7.22494351528485,-7.21840846975368,-0.307226240488755,-0.0149081779470303,16.5207044381551,-243.117913649507,-13.2403412645677,4.0030928267339,-0.18928198406253,3.99861532407879,-0.488669298807407,-239.23866675494,-17.8389963375148,-22.0128232791427,9.36219961768127,-7.08029298333626,6.12537614775049,-0.0165803442955131,-202.920017155719,-146.468312770583,-6.5522736317163,6.21539027648078,3.35684363562721,5.23093462919591,-1.09627830718377,-208.762263978794,95.002412677366,-14.4598641842614
0.905363166666667,-1803336.95950307,7.20410300596603,-7.04217672064099,-1.51883085161937,-0.0795817236913529,53.5995257601848,-238.362576539333,-11.4445676174078,4.01039536394792,-1.37868463483869,3.76596596543765,-0.531972563385899,-228.087291601571,-73.2807342182878,5.14307901960692,9.65514518702763,-8.0402123224513,5.34572861193731,-0.0484355131148498,-180.332805997187,-163.675995944381,-5.89977319570809,6.06163222270327,2.26064422878134,5.62431087993829,-1.1250527722204,-226.577969523362,60.4186450162677,3.41030204753559
0.910257021621622,-1803327.49482941,7.20384139577636,-6.68241321215183,-2.69085200588209,-0.129353854121109,89.3436895867857,-227.401285484161,-7.74278784272365,4.09477313229874,-2.47015490007824,3.26580798189591,-0.437238508611337,-201.095939659378,-122.769335129357,31.2578926438862,9.95321044322061,-8.88362104330813,4.48861618830668,-0.075578076252594,-156.599064996566,-177.527485049166,-4.77469400839533,5.93624953424316,1.09106394039359,5.83512107935859,-1.06217528670841,-237.617834775674,22.3645589449484,21.9386002747109
0.915150876576577,-1803460.10635416,7.2244491011005,-6.14873982477314,-3.79284370646097,-0.157009602118589,122.632121834227,-210.592018249709,-2.99589174315538,4.23467997888147,-3.38964403143247,2.53827261414407,-0.219393636947037,-161.018790281214,-162.639619018705,51.5610139139531,10.248281593023,-9.60620297241695,3.57045376144565,-0.0961824531988031,-132.225981343967,-188.200608804641,-3.37427720494525,5.84909762275359,-0.115534118975406,5.84795646938777,-0.905666769473286,-240.908964529959,-18.2185377461883,40.4900268489924
0.920044731531532,-1803752.79429172,7.26484433915282,-5.45609199380956,-4.79677218837918,-0.159312771552662,152.483756223881,-188.517745121534,2.07039174898329,4.39737062480449,-4.08034280289038,1.63941179170887,0.078371630528194,-112.090640412434,-190.238251901529,56.0827470491341,10.5334904128171,-10.2058808567478,2.60661010026028,-0.109320848302046,-107.608817124261,-195.917020650032,-1.85463031184414,5.80455629730399,-1.318025704906,5.65293570189671,-0.657275018218487,-235.598705842705,-60.018302006287,58.0659019416384
0.924938586486487,-1803207.84754292,7.32259492260018,-4.62390226253432,-5.67802115767631,-0.136305684628757,178.094115475464,-161.936347834345,6.82209486581155,4.55515328444441,-4.51055043555682,0.635890095128788,0.341433833544304,-59.5117955423036,-204.444457823294,43.2629859869677,10.8031281938309,-10.6822911436596,1.61128355494533,-0.114728756317244,-83.0472138767755,-200.910774784953,-0.329101063276959,5.80065023129202,-2.47152117740245,5.2477734493249,-0.325007750056903,-221.174691586176,-101.255586450532,72.5928126600525
0.929832441441441,-1803224.97379814,7.39415516361378,-3.67515083905492,-6.41613566672263,-0.0910918228945469,198.85413604404,-131.729256104135,10.6212394817392,4.69297185807545,-4.67546075831342,-0.405032786524077,0.511001490397871,-7.40201908220977,-205.968590006758,23.0955657290254,11.0525153925594,-11.0363529955156,0.597502352410741,-0.112611858934816,-58.7641197529556,-203.40852646503,1.12140271899837,5.83030186093227,-3.52977262076776,4.64037983739139,0.0686531083820378,-197.963420760138,-139.472024713945,76.7374680404976
0.934726296396396,-1802992.68443464,7.47526194240475,-2.63536090209392,-6.99531371871766,-0.0300932898113641,214.355709803709,-98.8534675251574,12.7607957426058,4.80057104128432,-4.58457062637891,-1.42379580493879,0.572389490834558,42.1066730403343,-196.321262887448,1.34359027625645,11.2778604469425,-11.2699323411891,-0.422801709704973,-0.103514729127261,-34.9237335110979,-203.618419784916,2.43687499040558,5.88717277140057,-4.45115538500384,3.85305320218545,0.442366930348073,-167.755166877169,-171.766732771204,67.785743760165
0.939620151351351,-1802935.91979875,7.56141007093501,-1.53159374101783,-7.4046703419742,0.0365161345315109,224.388934424057,-64.2950610030767,12.6642528351024,4.86913286861975,-4.25439402791008,-2.36824541539856,0.524437393160436,87.8529486351796,-176.744949299314,-19.9191391850959,11.4761262030901,-11.3855903306265,-1.43868184543842,-0.0882431090307602,-11.646959643513,-201.724829618835,3.5690447928616,5.97147173405884,-5.20732428953945,2.92271250967935,0.746510545983688,-133.016841549251,-196.292751680802,52.4976707616482
0.944514006306306,-1802970.7270578,7.6482894778139,-0.39147155785335,-7.63826432874843,0.0965492385396595,228.932049369695,-29.0097560125056,10.4704304059118,4.89068374393051,-3.70604114002712,-3.19124529793193,0.373198098983599,128.885443756572,-148.054193814837,-39.03200744911,11.6449127569249,-11.3864019376242,-2.44005000589332,-0.0678242811986447,10.9759551930084,-197.886754127946,4.47555607490492,6.08245673989623,-5.78132380049635,1.89012568537743,0.967343637964555,-95.7512606610038,-212.745060779549,35.4294995853536
0.949407861261261,-1803222.39428077,7.73198570219207,0.757726752679121,-7.69476790209926,0.141220438590629,228.122370932058,6.13849669452824,6.91358248619509,4.8587641591996,-2.96553959034436,-3.84878735354693,0.134117318669336,163.976302704075,-110.903958432537,-52.4688412821476,11.7823598468411,-11.2758307786964,-3.41754938671787,-0.043487548281711,32.8753793413606,-192.238320191827,5.11808127349631,6.21591951755442,-6.16483689614949,0.795261901883859,1.10080554183722,-57.4746378760988,-221.45315986436,17.978929444972
0.954301716216216,-1803227.76737864,7.80898610943146,1.88975215146723,-7.57687936180315,0.16568506340161,222.208603191426,40.403298997601,2.67593372400129,4.77094909936977,-2.06627811298637,-4.3002848822573,-0.151490313837877,191.260700153742,-66.5566272404843,-51.8895825310504,11.887068855432,-11.0576481442106,-4.36243320781159,-0.0166434684636816,53.9944226732865,-184.890395408141,5.46483508353798,6.36434343198153,-6.35607017925734,-0.324405913266173,1.14713293241427,-19.3274654782967,-222.967951056279,0.821618414368501
0.959195571171171,-1803041.50435063,7.87617291519675,2.97981278459338,-7.29073491212325,0.167979775830642,211.5064723076,73.1463332377116,-1.73619593385106,4.63552108146599,-1.05293258880694,-4.51435362595177,-0.384778506641168,208.648756099264,-17.1765325950792,-36.9741143138653,11.9580429355078,-10.7358865519636,-5.26645334079929,0.0111608025536688,74.2827767254357,-175.932673411307,5.49725816619734,6.51790889551157,-6.35811155093246,-1.43441760867893,1.10902172598091,17.8342234444729,-217.886752273076,-15.6278618736178
0.964089426126126,-1803037.4821518,7.93084351217126,4.00481687454323,-6.84541602942603,0.1483231040631,196.370137684681,103.816160767372,-5.90839414698123,4.47209587179465,0.0202094480062749,-4.47205020820809,-0.52123145697653,214.50859708151,34.9729164200314,-15.5657451883289,11.9946431458141,-10.3148203769563,-6.12175994192465,0.0383291131982918,93.6918508349808,-165.43584071185,5.22194131293246,6.66563578779148,-6.17772794481261,-2.50327343599693,0.990854313678097,53.3538226423009,-206.770321559456,-31.0557263568611
0.968983281081081,-1803127.9821075,7.97075938614852,4.9435141614402,-6.25257330444953,0.108895834360829,177.178817437564,131.925677838806,-9.42707494203696,4.30544956041184,1.09215338200816,-4.16462446175146,-0.540435958524456,207.506887051754,87.7273681114205,8.73378084974484,11.9965582551781,-9.79896804361378,-6.92081174791778,0.0633802156829934,112.170729733421,-153.453658525926,4.67020041955136,6.79635966384925,-5.82457332450945,-3.50212082427349,0.798464462412297,86.6949796774677,-190.110699139244,-45.1401297881259
0.973877136036036,-1803340.60131993,7.99422303660759,5.77660504891887,-5.52615925103797,0.0540523546427302,154.33578238063,157.032700246722,-11.8027020238273,4.16084240410775,2.09527831852382,-3.59477652709389,-0.433893648479081,186.417952994523,138.343968606754,33.3057159659154,11.963787218389,-9.19311307962208,-7.65629652718391,0.0850311173938054,129.662426090505,-140.025039010612,3.88416370323992,6.89948776988899,-5.31077814803793,-4.40438042738937,0.539453015796838,117.365057714696,-168.338727890751,-57.3709593160205
0.978770990990991,-1803841.73555383,8.0001836594795,6.48687198524649,-4.68224630198231,-0.00913118587744387,128.275843338238,178.727267961974,-12.4877841198739,4.05892757299202,2.95633291195339,-2.78118477568392,-0.207378798865302,150.733071698641,182.923740822754,53.453912052905,11.8966350244185,-8.50234378270873,-8.32106213802391,0.102221852715393,146.100134992579,-125.176272066015,2.9079624296139,6.96567130218543,-4.65092274736249,-5.185508103181,0.224754869252092,144.826116490366,-141.89291799697,-66.4182019592714
0.983664845945946,-1804467.04721947,7.98835937907027,7.05936348230125,-3.73888657141823,-0.0708254865560084,99.4707067898232,196.631086393973,-11.272967006943,4.01197211393441,3.60260903551023,-1.76553911886635,0.100645472049969,102.354009479277,216.312673448608,56.7838736695218,11.7957225875996,-7.7321117296963,-8.90805924784406,0.114110741689944,161.403390970327,-108.923546383033,1.78388885845014,6.98784460532438,-3.86251698313427,-5.82330960735907,-0.124729003795876,168.340876418469,-111.489207565496,-67.601870093291
0.988558700900901,-1803843.90744994,7.95929208108796,7.48157905314473,-2.71593543804258,-0.121860855946873,68.4205216119749,210.406689567307,-8.51636528408452,4.02757804295784,3.97987300674617,-0.618058041197845,0.360459937829916,46.6532461908752,233.968667852369,40.5155209299735,11.6620115701369,-6.88830987300545,-9.41029760185424,0.120060741299894,175.47403260472,-91.2759651618962,0.552276877483903,6.96427897587625,-2.9675139831778,-6.30040017883596,-0.451263831680818,187.079779622054,-78.2650140638284,-60.2544867988561
0.993452555855856,-1803582.17649285,7.91425874983684,7.743568698421,-1.63481967574516,-0.155989139396854,35.6450682007317,219.760010931666,-4.76534547075027,4.10944740157088,4.06914149741898,0.574147559657346,0.505800681349703,-10.0163497799166,234.508713295997,15.9989969942064,11.4968453391881,-5.9773714036491,-9.82081889946302,0.119633510464783,188.191905211426,-72.2393426175455,-0.745858402707258,6.89968474002121,-1.99171918691373,-6.60595974799735,-0.727273871784438,200.540984700119,-43.2612832294777,-48.9481216018514
0.998346410810811,-1803452.0100053,7.85515000761494,7.83802973515204,-0.518335328725928,-0.169514310654376,1.6903246974399,224.434443999245,-0.482444866262292,4.24673702477637,3.879709508947,1.72702909176212,0.52044990777198,-62.9796371473781,219.406203493317,-9.69855536588588,11.3020076323199,-5.00639082089119,-10.1326910280297,0.112602157272821,199.410292652135,-51.8211874066129,-2.06429378322301,6.80140489729173,-0.962104136176606,-6.73301301113074,-0.940745047699332,208.532829093859,-7.14657469018486,-35.6716139963116
1.00324026576577,-1803418.06260898,7.78437185991906,7.76047194539539,0.609524764247286,-0.160813588059477,-32.8554890059893,224.209787591958,3.92663498690393,4.41498349430052,3.4393451259452,2.76820959459051,0.408815127690844,-109.238075152033,191.200966387786,-33.0461248891876,11.0798007697279,-3.98326847712775,-10.3390307735292,0.0989905726325533,208.951198439401,-30.0374253143525,-3.34561945213188,6.67808160359591,0.0936091040248681,-6.6774254948992,-1.08399001174755,210.884526693594,29.5300933017503,-21.0511118156857
1.00813412072072,-1803548.099783,7.70477577663226,7.50947484509215,1.72376254719365,-0.130247960785337,-67.3432687081915,218.912271524043,8.02990281668142,4.58386350876938,2.78732875742667,3.63903875563999,0.189988658880104,-146.857160160209,152.684214607778,-50.2676069537106,10.8331451254023,-2.91687883649718,-10.4330652811732,0.0791459627515026,216.600833023295,-6.92156598499113,-4.51428039259512,6.53904825044595,1.14674113075933,-6.43771207811323,-1.15125616585619,207.371678240092,66.2144584256576,-5.41123843713812
1.01302797567568,-1803732.47272377,7.61961633964069,7.08703925831348,2.79864747948772,-0.0805145598926623,-101.046106985602,208.4378982876,11.2758029722386,4.72561294852525,1.97077352434311,4.29505174066829,-0.0938609418462618,-174.408206677868,107.017739613069,-53.1151820556195,10.5657005569645,-1.8172601468948,-10.4082464333791,0.0538477687066021,222.10605872092,17.4628785739627,-5.47027965059961,6.39381779001504,2.16732588642578,-6.01528091064262,-1.13810239611893,197.709890774333,102.268639042177,10.9856367838893
1.01792183063063,-1803374.00993611,7.53253755143313,6.49901377523613,3.80814153006965,-0.017489931062951,-133.150105483703,192.790105950396,12.9304160402809,4.82338889388424,1.04324669064799,4.70921615177068,-0.341163161676092,-191.065125257664,57.7361291201065,-40.8888805522311,10.2820077011684,-0.695818249287986,-10.2584364954336,0.0244431662455065,225.17313990112,43.005994664298,-6.08814246605176,6.2514702098395,3.12384003850266,-5.41502568769146,-1.0413997980173,181.581455331384,136.902578326748,27.8324382008655
1.02281568558559,-1803303.98158766,7.44758223204828,5.75553820347645,4.72654853899168,0.0487896005101464,-162.765898255183,172.126228185943,12.3626304263857,4.87278395177671,0.0601222717664686,4.87241303186936,-0.502749747368573,-196.933692532653,7.61297953658378,-22.1802721162878,9.98764090428756,0.434471252116398,-9.97818648673608,-0.00703365595391547,225.470915517069,69.5308555637285,-6.22994495051375,6.11989333823303,3.98314043973963,-4.64625512737515,-0.859778014110279,158.6987308519,169.106567753476,44.6637053118647
1.02770954054054,-1803333.42158043,7.36915219218495,4.87135479268431,5.52940381192908,0.106136373200906,-188.978416746465,146.789148656667,9.66632265961222,4.87413366215401,-0.926090234678543,4.78534594713652,-0.56296588283897,-192.526275917086,-41.7833639802288,-1.43422122838383,9.68935275698829,1.5588909058827,-9.56312793979631,-0.037856283259631,222.641234424899,96.7696906806685,-5.79468612656838,6.00497897171118,4.71082734702167,-3.7239600101567,-0.594762744898649,128.930482240948,197.586957034262,60.599714354103
1.0326033954955,-1803463.56611239,7.3017218172963,3.8657540360118,6.19444002555834,0.145452827106269,-210.915901788516,117.310644307579,5.51876588051829,4.8292884152827,-1.8651404874044,4.45457939206707,-0.517091959652411,-178.100201034234,-89.3436796868878,19.5764797766088,9.39517024770827,2.66088359636539,-9.0104895799294,-0.0649805172195992,216.319819271316,124.339344729904,-4.76217368121504,5.91013012255792,5.27244526214911,-2.67038555703253,-0.253780870569249,92.571474656255,220.718929033043,73.3612027123733
1.03749725045045,-1803735.85922966,7.24937026346177,2.76219577479915,6.70251025500488,0.161324032006089,-227.804675210081,84.4027172761762,0.608876178249371,4.740812721147,-2.70709224502088,3.89190915026764,-0.367201085072882,-153.569023144051,-133.842248567283,39.1208420564659,9.11438035653192,3.72208909859587,-8.31973449249727,-0.0854780200717814,206.17074332915,151.719676954717,-3.18806339578723,5.83705406770136,5.63654209358422,-1.51677071982627,0.138849282225084,51.0677665268892,236.576235114173,74.9937411665913
1.04239110540541,-1804047.94829781,7.21531946078703,1.58770728391099,7.03846719832011,0.151541588888762,-239.013613902363,48.9451173833001,-4.43485704323578,4.61260050768627,-3.40083071884491,3.11615690639424,-0.125883539087752,-118.805170389632,-173.42364147343,53.0474320219271,8.85733047681534,4.7225910296569,-7.49329281038223,-0.0968611511774715,191.936889999374,178.241282612228,-1.18867804966835,5.79114031009394,5.783122927418,-0.304623205890792,0.496156541096664,7.3310664564908,243.587557322787,63.9215073941655
1.04728496036036,-1804096.31787834,7.20157882456793,0.372059635775511,7.19196142883788,0.116975461573731,-244.098810056218,11.9625286267665,-8.96105831438826,4.45283033771221,-3.8951439489172,2.15767273553334,0.16327323514639,-74.639901482412,-205.114760734291,51.7335278968286,8.63496513713324,5.64145799858961,-6.53732166637499,-0.0973648005684649,173.505293847757,203.092903261232,1.06218659426624,5.78335302841609,5.70985275814912,0.919104853401595,0.778064356166739,-35.6984629265159,241.358127501417,47.4376389779565
1.05217881531532,-1803964.05523842,7.20877078079036,-0.853280816651187,7.15809248458777,0.0619310057448796,-242.846222661331,-25.4128289706916,-12.202399432327,4.28179393139071,-4.14722973366903,1.06500929905132,0.391451739880534,-23.4713655660933,-225.452371094155,34.6693515252666,8.45804845457132,6.45764396813447,-5.46236377776991,-0.0862392852348091,150.979109261458,225.360393018831,3.32903210382831,5.82157031805007,5.42613829815284,2.10895806912338,0.970532930876229,-76.017157724405,230.479382141542,29.0433047363268
1.05707267027027,-1804005.51503475,7.23618133285977,-2.0564025908378,6.93783313913096,-0.0050485327495386,-235.305584915119,-61.9961852443678,-13.2916723677304,4.1309930943454,-4.12985760457813,-0.0968509754082121,0.509966750399056,31.4957755860049,-231.714914787384,10.6838687830144,8.33610227910917,7.15124909120419,-4.28371773618668,-0.0640744795301818,124.738465515162,244.104994930404,5.31387514576799,5.90701840678466,4.94968118090507,3.22389867481702,1.06849740353001,-112.212044315641,211.967135100481,10.1339893272813
1.06196652522523,-1804115.32243355,7.28201531016309,-3.20633666580237,6.53813063214409,-0.0709857179324247,-221.801111737669,-96.6321974912543,-11.8695805963268,4.03164516207828,-3.83227197780898,-1.25213984882252,0.498290427710678,86.6485889603504,-222.192958475733,-15.6694790663201,8.27621914498021,7.70502862328608,-3.02131382846587,-0.0331005337771293,95.4652135309661,258.476603768978,6.67892062235911,6.03372823956315,4.30401785499644,4.22862942012819,1.07187282414904,-143.315516834967,187.011721793571,-8.44641132914512
1.06686038018018,-1804304.6776037,7.34367470231063,-4.27441370821449,5.97151116421842,-0.123744338712807,-202.895524795198,-128.299960360151,-8.50119273505984,4.00329092576321,-3.26337171497463,-2.31878056016554,0.353271959735855,137.660029276109,-196.3602849091,-40.4236072627148,8.28203305763894,8.10590122651385,-1.6989516984969,0.0027147266934093,64.1086183950778,267.839749521949,7.12209047572669,6.18990735896719,3.5165260125554,5.09401589275273,0.984033290238556,-168.713257097061,156.831482434705,-26.0747197960369
1.07175423513514,-1804754.48992168,7.41786246498092,-5.23529191375436,5.25513102854258,-0.155997645283023,-179.314786216907,-156.185618177162,-4.06786473589447,4.04614934523308,-2.45567168504789,-3.21574269791351,0.0940543550835297,179.618175990839,-155.718764844331,-56.3539226424629,8.35315652835415,8.34611480723686,-0.342916333246379,0.0381203709801377,31.7853866101345,271.875037002374,6.53951858952172,6.36023986680578,2.61688528402583,5.79694424447524,0.811125626188673,-188.051635579054,122.590453605721,-42.2001980485603
1.07664809009009,-1804053.38246771,7.50069066650621,-6.06756157038356,4.4096549824468,-0.164422986071752,-151.872171880174,-179.692634139622,0.728419735264196,4.14436676928982,-1.46718995506624,-3.87596820860885,-0.210267266688774,207.980089121714,-104.877889549091,-52.862095925801,8.48526011332642,8.4237550926152,1.01979867152684,0.0681099125886265,-0.364103619032306,270.619060362145,5.10658535977197,6.52824033132337,1.63600965676486,6.31992042880994,0.562031309752953,-201.149376629616,85.3796585812468,-56.1515469858988
1.08154194504505,-1803594.72562386,7.5878771607713,-6.75401363255609,3.45820468714636,-0.148713447930381,-121.411849286338,-198.420235350996,5.33135989452141,4.28105399104795,-0.375870793830753,-4.26452159340443,-0.43456660417448,220.692546063514,-50.1551906489946,-33.3265930781713,8.67075163394825,8.34247377104654,2.36327427037507,0.0891862245778573,-31.3163790673078,264.428857425548,3.14584744539302,6.67823722859521,0.605391517729666,6.65074083028771,0.249610156329684,-207.933318781427,46.2830854308623,-66.5270436117431
1.0864358,-1803452.50130366,7.6750039087094,-7.28168006324694,2.42545262893685,-0.111109387126538,-88.7728093302727,-212.133153836339,9.22916191339723,4.43958229750208,0.739735505568899,-4.37752011509879,-0.543533197470487,218.696142380614,3.5867375985584,-9.73864681549477,8.89984419031276,8.11059130194212,3.66408724578232,0.0995683870425567,-60.2597523644228,253.890614572787,0.976342452243011,6.7972237510493,-0.443323531049408,6.78275128311857,-0.103239126364478,-208.452318862225,6.65480737476745,-68.4755965181751
1.09132965495496,-1803274.52344411,7.75779907065584,-7.64174172585882,1.33687314878298,-0.0564218287964089,-54.7696761524248,-220.732386922641,11.8678243488649,4.60017018820813,1.81109062997538,-4.22865421741884,-0.531953072329428,204.050480443714,53.6367828398975,13.6522390992398,9.16171693282027,7.73987624740231,4.90218041610294,0.0989496491002875,-86.6297661390278,239.709938240287,-1.14200485934129,6.87821202930779,-1.47913167089258,6.71728890403538,-0.435145808852067,-203.033999957532,-31.8375749738313,-61.2822999934502
1.09622350990991,-1803237.52949327,7.83241480132896,-7.82937682477119,0.218128759710437,0.00756885636211147,-20.1840958245042,-224.232056817977,12.6681218454319,4.74174936821863,2.78024031000604,-3.84115228669982,-0.407010806478089,178.683999859755,98.4258604830106,34.6041254547474,9.44551606277977,7.24429364055184,6.06118662818518,0.0881483384491438,-110.095645874975,222.615181505511,-3.01546319743877,6.92150000356195,-2.47366353062473,6.46437553338025,-0.71606212629898,-192.253512029779,-67.9684601679224,-50.004331792994
1.10111736486487,-1803362.62617575,7.8956712413617,-7.84358268410386,-0.905447419396794,0.0702593896579099,14.2471423511067,-222.74259517569,11.450499710685,4.84470924813949,3.59793062857294,-3.24439561258874,-0.185911817781954,144.242156909988,136.751213207251,50.124036335509,9.74106648976021,6.63891978865256,7.12833223115804,0.0687950171258997,-130.518245001112,203.289485433927,-4.50640302270553,6.92993525728178,-3.40166679119038,6.03760430235616,-0.935189126782007,-176.674969604726,-101.196403129878,-37.0706551716584
1.10601121981982,-1803568.45115209,7.94517399771005,-7.68690540126012,-2.00929719204646,0.122073853468961,47.8557239684256,-216.451685321956,8.6629282940433,4.89385011620084,4.22266187910592,-2.47364015462731,0.0942295568770009,102.580382673583,167.253042295553,52.5458940579685,10.0392826825103,5.93911119054072,8.09408148252446,0.0430843082220885,-147.898674620536,182.333019535757,-5.5233079326537,6.90723501272145,-4.24041322667199,5.45241150208147,-1.08676867801556,-156.741019598646,-131.19321930925,-23.1902545669453
1.11090507477477,-1803259.45528753,7.97924059244294,-7.36502544441961,-3.06996427261635,0.156888672598343,80.0534373720262,-205.598584770613,4.93268939018384,4.88361346623482,4.62373445530877,-1.57186518963321,0.339547122797731,56.0937693958532,188.554979634973,40.6765635722722,10.3323360960061,5.1599330424472,8.95166242651562,0.0135619377993628,-162.330267019579,160.249026779203,-6.01908791052925,6.85738310062686,-4.96907698717684,4.72567210926366,-1.16709167245146,-132.784411102058,-157.661959040986,-8.68351374589405
1.11579892972973,-1803185.92976264,7.99678886317755,-6.88637102753986,-4.06528303975259,0.171400747370799,110.318209010721,-190.452308115592,0.75263995971846,4.819613588756,4.78359957306445,-0.588090358277578,0.500995192599723,6.93076003189224,199.833634019468,21.9924183493288,10.6136566221693,4.31580852034493,9.69657175031649,-0.017106570883204,-173.959715442924,137.445193642687,-5.99958672891859,6.78433878291365,-5.56825733769257,3.87579191167161,-1.1736038154745,-105.06044192631,-180.260632471564,6.24328770210338
1.12069278468468,-1803194.80657157,7.99726244578647,-6.2618433543124,-4.97448735377227,0.164415072195528,138.171715685779,-171.302041232573,-3.48512136485659,4.71237958765541,4.69304205562769,0.426471150561479,0.559471306291019,-43.4361505159159,200.610973284872,0.543820004332664,10.8778368908267,3.42033588801796,10.3261143629425,-0.0464339294898232,-182.958476691243,114.243120870828,-5.53475954284872,6.69185159846167,-6.01968140643993,2.92306578454802,-1.10465879543043,-73.7863938017704,-198.556607355278,21.3992235313903
1.12558663963964,-1803275.21144356,7.98060179562389,-5.50465387068207,-5.77830345207831,0.136549533722233,163.159170452639,-148.459253230357,-7.40615260091177,4.57456563161746,4.34923806790529,1.41801937457114,0.506433392643049,-93.6278231980715,190.202035236186,-21.8094074148714,11.1204898137573,2.4862237534325,10.8390029590248,-0.0724541663116911,-189.503018531261,90.8913452930408,-4.73374818088372,6.58332129422967,-6.30612127571028,1.89022583811883,-0.959611580160601,-39.191960520333,-211.992171675298,36.536117788922
1.13048049459459,-1803503.47266707,7.94726011371565,-4.63025164978602,-6.45907988607585,0.0903535461864098,184.834526487765,-122.269602459216,-10.5703530813309,4.41985826762,3.75676382364698,2.32849150292334,0.341377232142305,-141.762638524058,167.672744381571,-42.7805901439114,11.3380954092891,1.52530570270535,11.2350278158729,-0.0937714112986604,-193.761928486232,67.5794654583652,-3.70337991770287,6.4617078180725,-6.41160101164326,0.803144067795039,-0.739297617541206,-1.59405982359305,-219.859242372559,51.2256318088909
1.13537434954955,-1804189.97111417,7.89826476469481,-3.65630860580441,-7.00099947667047,0.0308460029089249,202.753534827099,-93.1328961219239,-12.4074579058774,4.26284000730167,2.93161168266471,3.09474681838685,0.0786274912039355,-184.775930974328,132.406784070748,-56.1760251038456,11.5278589055079,0.548604468570186,11.5147976136084,-0.10948796548872,-195.888256703248,44.4516419787214,-2.53303906483226,6.32957789186001,-6.32206187394621,-0.308366585606759,-0.447355262071691,38.4713638286591,-221.299118118845,64.4889787504647
1.1402682045045,-1804006.37929872,7.83532227010156,-2.60271630151502,-7.39040884729509,-0.0337210328723644,216.478623955132,-61.5259000631143,-12.3519206258405,4.12134541052428,1.9090045139037,3.65255934363082,-0.220383018896151,-218.017581886336,85.7398935202919,-51.4882349592313,11.687589248858,-0.433576864327129,11.6795442356601,-0.119101801946983,-196.015631592852,21.6184040230868,-1.29279461821362,6.18959128652852,-6.02688737335667,-1.40984711339341,-0.0944078300365593,79.9567129250246,-215.401944514241,72.9329089225189
1.14516205945946,-1803710.55535384,7.76092985164161,-1.49152236625309,-7.61625847730161,-0.0926732033494802,225.599096305022,-28.0109584838671,-10.3542328107921,4.02294816211003,0.751435863801347,3.95214575358977,-0.436254858388378,-236.904199247775,31.5663327072337,-30.5734126647397,11.8156002463055,-1.41155184735833,11.7309816538393,-0.122415911670856,-194.256842536687,-0.833511224002946,-0.0372605442984065,6.0465935178101,-5.52249474469596,-2.46238603074917,0.281973827153497,120.682825180641,-201.67738478978,70.0132869550409
1.15005591441441,-1803619.93007896,7.67835083061703,-0.346725338464807,-7.67051843213376,-0.137263360980285,229.756145202854,6.77408206250733,-6.90835702956263,3.99479982552008,-0.46003747857405,3.96822267070316,-0.526117145543548,-239.002448398109,-25.1828731447701,-4.15763920102241,11.9106334357304,-2.376145289694,11.6712091234201,-0.119474407389967,-190.703907485433,-22.8331220135963,1.18892373319118,5.91394125330985,-4.82005912155026,-3.42662096129121,0.60572503951385,157.926988256081,-180.448838957133,56.8828046130551
1.15494976936937,-1803599.23860932,7.59143055167833,0.806039085775447,-7.54851765667654,-0.161756773645107,228.660555004733,42.1217339622025,-2.57565086381022,4.04689000721997,-1.63858862017974,3.70031702214206,-0.477831250398602,-224.145261915611,-79.6975335027046,22.6831409884935,11.9718007295882,-3.31859092221266,11.5026504337033,-0.110526674338944,-185.428969790506,-44.3186231457288,2.34580707047544,5.80992595754422,-3.94322486213515,-4.2668744203205,0.850801873284048,189.64939274384,-152.59587743753,39.8904792471876
1.15984362432432,-1803669.27392499,7.50436550050577,1.93988021158252,-7.24930109251173,-0.163019869618387,222.110436361872,77.2493945219839,2.1437821731491,4.16591627522289,-2.70149009773016,3.17124733567611,-0.299285735658614,-193.980968333334,-127.647467908003,45.5852248122267,11.9985448387187,-4.23043498759906,11.2280228919628,-0.0960163366852126,-178.485631584995,-65.2318836543528,3.3936181574556,5.75111115197375,-2.92356519411186,-4.9525797356665,1.00462983198573,214.485010191595,-119.263933679624,21.0219293664688
1.16473747927928,-1804080.88766496,7.42146176985595,3.02714344939417,-6.7760237114567,-0.140318951913616,210.018933778859,111.295262761928,6.74376499103787,4.32203032411918,-3.57839830351307,2.42384234306204,-0.021979002276335,-151.81181594334,-165.446113505633,56.5537114578488,11.9906158924391,-5.10344723806261,10.8503315971598,-0.0765904927643881,-169.910521708662,-85.5136689971322,4.28937700512781,5.74808161409877,-1.7983747602192,-5.45951375711674,1.06102116694874,231.483870677935,-81.8186660726596,1.38316468889093
1.16963133423423,-1803234.94495458,7.34689964858263,4.04006954937111,-6.13634846489245,-0.0955822197080086,192.453088295823,143.324460320822,10.6136453965174,4.48394181745409,-4.21960825716356,1.51678620061978,0.266251378919874,-102.538380281843,-190.650683731056,49.3266140355569,11.9480632404775,-5.92954020468567,10.3728862019915,-0.0531225666339344,-159.725028088951,-105.099289112073,4.9853562991883,5.80278318896372,-0.608726487332509,-5.7707663963931,1.01846147887463,240.089579486563,-41.7743002811665,-18.1423805674261
1.17452518918919,-1802965.86542648,7.28452931171356,4.95167433235239,-5.34277910824848,-0.0341824979484418,169.680320114909,172.352920258329,12.9515706292514,4.63275789439609,-4.6037821063315,0.517335505751477,0.471287138079234,-50.9479739116774,-202.799086085105,30.3508264453853,11.871241987095,-6.70069751895212,9.79933870603906,-0.0267369297725051,-147.937212380495,-123.914435260463,5.43068001824394,5.90806047864403,0.602521034646427,-5.8772567599284,0.879597361274475,240.137584048834,-0.697467214215759,-36.7214110815769
1.17941904414414,-1802880.90057243,7.23772635552547,5.7368727505202,-4.41281926230916,0.0339334865845056,142.210474561266,197.398640083064,12.9466603228636,4.75663783372298,-4.72908799628033,-0.511204660231266,0.569759643373726,0.0196205290388747,-202.996850597331,8.62370413038853,11.7608342417747,-7.40891232849062,9.13374184938684,0.00118423354850499,-134.543980355775,-141.871029065959,5.57712790557035,6.04945316193199,1.79264935315583,-5.77774106853526,0.651247368058866,231.828110010506,39.8779651598264,-53.4241546135712
1.1843128990991,-1802880.23529156,7.20928734621229,6.37377907796505,-3.36879270741784,0.0952841052801941,110.799860521494,217.569235087179,10.5381569359258,4.84572613151266,-4.60358590104111,-1.51263300022184,0.55752417938312,48.7974102640455,-192.499378855137,-13.1129470675835,11.6178852830174,-8.04613732250987,8.38062841537946,0.0290343492831984,-119.533612250391,-158.862962638163,5.39359349632753,6.2084455813727,2.92080213475149,-5.47847710833014,0.345355815138763,215.700283815045,78.4787612387207,-66.7645883844821
1.18920675405405,-1803048.63387498,7.20118050700305,6.84487135573514,-2.23712691143737,0.139315055943764,76.3984016682009,232.157333242931,6.46595220803583,4.89102340422494,-4.24111389363988,-2.43619844878263,0.438630172697891,94.3142041097608,-172.179267076834,-33.2696371581932,11.4438546768204,-8.60424845099453,7.54511222300521,0.0551201685117803,-102.88881763432,-174.761611463402,4.87803585438776,6.3662655181473,3.94965219130628,-4.99295345614805,-0.0163985157859551,192.737454573659,113.579839143137,-71.9132933411872
1.19410060900901,-1803059.71647385,7.2141756573192,7.13776309464706,-1.04721937498854,0.159943627360552,40.0752650629299,240.696193453589,1.54902984385668,4.88470661073502,-3.66044385994351,-3.23442567099018,0.224827807801187,135.428127470628,-142.59685640666,-49.363780549937,11.2406823630362,-9.07502549885308,6.63301230074544,0.077814707827076,-84.5907769138149,-189.410854734567,4.05180954133145,6.50873840029187,4.84817668048808,-4.34267871689877,-0.373777118273109,164.63240370141,143.555899610821,-66.1728470162014
1.19899446396396,-1803512.08305732,7.24761417134463,7.24562400636444,0.16983502309852,0.15480535438233,2.95258026583135,242.974442320497,-3.52018664833759,4.82183954574183,-2.88683261893359,-3.86216701284923,-0.0550076328014788,170.435883016613,-104.525684092059,-53.737303848572,11.0108716788104,-9.45015622013268,5.65100367565954,0.0956382639250948,-64.6248924061551,-202.621464783072,2.94923497878376,6.63098825909449,5.59597622832039,-3.55739446003984,-0.678126985947969,133.214790340282,167.447538217598,-54.2680614714779
1.20388831891892,-1803189.88782025,7.29941132190691,7.16728889730537,1.38252504821643,0.124741760877176,-33.8533735162241,239.029971911789,-8.10334040226972,4.70552346147313,-1.95608502977738,-4.27968251191077,-0.312545230684532,197.062826299348,-59.6260726448264,-43.0152924029025,10.7575908557871,-9.72127442291463,4.60679765291472,0.107307057614914,-42.989050266607,-214.165144798812,1.6132608920378,6.73169525436736,6.1803245838909,-2.66820333472278,-0.916457732987888,99.7450787929539,185.231347174982,-40.5600032891424
1.20878217387387,-1803148.02718936,7.36628711854483,6.9070902712022,2.56013474221641,0.0737719503596332,-69.2827687725363,229.130750451248,-11.5229044609245,4.55159404257245,-0.916204355940115,-4.4584277392975,-0.485160556830504,213.27518709419,-9.96283115518794,-23.4410707131741,10.4847926208652,-9.88004672279875,3.50935222767142,0.111770872845473,-19.7053312373543,-223.768886346271,0.0960403214473207,6.81032899317224,6.59342701624992,-1.70508098829002,-1.08372701883939,65.0607297023838,197.165477680685,-26.13653022047
1.21367602882883,-1803212.28087699,7.44417178602475,6.47446120958001,3.67383255272892,0.00951271626793139,-102.373973859477,213.746768745683,-13.0352981002703,4.38287285479104,0.176666841164522,-4.37931082346265,-0.546955937816273,217.494889350842,42.5788818993389,-0.0451470270120034,10.1973477689469,-9.91832773528817,2.36910878945201,0.108267460829387,5.16379992343,-231.110895430201,-1.53520670760447,6.86635349040757,6.83093188091474,-0.696548557915931,-1.17782303519259,29.7641858807492,203.515102184376,-11.4368957563166
1.21856988378378,-1803374.90368578,7.52869723636195,5.88335053260743,4.69760242967324,-0.0565810306430694,-132.302426573593,193.511468301631,-12.2199564775544,4.22452535468892,1.25874453756831,-4.03263892030411,-0.485612027100624,208.158710153939,95.786777843562,24.6235607692582,9.9011819991157,-9.82840872356445,1.19824327336941,0.096418805769428,31.4939151127576,-235.820206242349,-3.18772536866223,6.89896923227197,6.89106887505742,0.330070033553749,-1.19809597640256,-5.67465993322112,204.47582093053,3.29740665796404
1.22346373873874,-1803730.37571312,7.61561499025362,5.15143694384408,5.60894723574523,-0.112686848507613,-158.421569720086,169.160912682186,-9.46302910854126,4.0995101390412,2.25825394270391,-3.42144304502703,-0.300720330123692,183.925786596789,146.444290407137,47.1009038730999,9.60339477763361,-9.60338858416059,0.0109067270285188,0.0763902071427644,59.0713700721833,-237.483285781124,-4.72958222882884,6.90704390411041,6.77418528158253,1.34820965138936,-1.14484896861295,-40.848672667867,200.150626150943,17.8875302507785
1.22835759369369,-1804623.28412467,7.70094699674376,4.29913483540656,6.3892115564951,-0.151211321728482,-180.277810479629,141.462632316501,-5.56110913212899,4.02408370565397,3.0980024035362,-2.56819601623274,-0.0146029883696244,144.876407559224,189.776801381211,58.0262579264171,9.31232368344594,-9.23769502284262,-1.17658958444183,0.0491229834811396,87.5617183531358,-235.662228412916,-5.97755388869149,6.889130520623,6.48258214837875,2.33157629506318,-1.01922067389477,-75.3565621884864,190.546050656275,32.1484448197775
1.23325144864865,-1803872.90812257,7.78100903210862,3.34865883904778,7.02357355891024,-0.168297939828903,-197.583423781741,111.166382579571,-1.15764495527299,4.00793814681815,3.70701801829615,-1.52367503121492,0.27954224914048,94.4853129507341,220.132484754867,48.8280603226723,9.03749827642947,-8.72777140062924,-2.34571555710064,0.0166146682558495,116.478367008814,-229.929817202836,-6.70053581850456,6.84355394393046,6.02061965969767,3.25367015795211,-0.823364520415172,-108.746507779167,175.580719777423,45.8112346261599
1.2381453036036,-1803584.19260325,7.85244275161649,2.32330059758915,7.5008753822908,-0.162787771281212,-210.175262286515,78.9831285312409,3.26421816997797,4.05946736844532,4.04285553304354,-0.36687116868407,0.473677614857099,38.7631175754264,233.938344219001,25.9065638969572,8.78940802358222,-8.07291135275447,-3.47588775647019,-0.017882374703906,145.161129744804,-219.925145851203,-6.67000280274558,6.76860340268654,5.39511707058708,4.08738349283741,-0.561108327633174,-140.447097658465,155.115976345597,58.33749449723
1.24303915855856,-1803488.11811217,7.91227340096871,1.24690621618264,7.81340484422265,-0.135655758129123,-217.9796650504,45.5821207455019,7.28692597018738,4.17510864937348,4.09464919405042,0.815708410975084,0.538607888110052,-16.811531616886,231.103239125989,-0.132520263838531,8.57899941835485,-7.2761601031812,-4.54496701561266,-0.0500853597716063,172.779549102667,-205.427399542308,-5.78488431580883,6.66297375338253,4.61614868311302,4.80482992140808,-0.239989575442873,-169.660309753938,129.055866392028,68.1908317062029
1.24793301351351,-1803535.01055942,7.95799057577362,0.14350394708515,7.95669658974582,-0.0899185115793381,-220.988135838458,11.5986616866374,10.4690523712899,4.33513259400835,3.87474021687468,1.94416122257582,0.472352412218714,-68.3629810890463,213.457237490725,-25.0150150601144,8.41683932963277,-6.3451158617278,-5.53016175189327,-0.0757312178619943,198.374748746686,-186.435610950641,-4.13085834065456,6.52696464294549,3.69851397304771,5.37794215675768,0.120799989428855,-195.145310629836,97.7283877676804,69.5836486875643
1.25282686846847,-1803530.2531943,7.98765109826978,-0.962975142201946,7.92939146108903,-0.030965234416224,-219.244411170322,-22.3528497716452,12.2851508634467,4.50990132351468,3.41101938315996,2.95028078588234,0.288457737508908,-113.271159776586,183.46957405228,-45.4243996900794,8.31198256838634,-5.29241261571434,-6.40932312511907,-0.0913939431781518,220.943796281926,-163.233647895797,-1.9233755719699,6.36658797965311,2.66469557681466,5.78211379908488,0.455846911432771,-215.332225193943,62.2414699744143,60.9261498843896
1.25772072342342,-1803896.7853318,8.00000278360991,-2.04894016461807,7.73316809202937,0.0329329970551294,-212.841653327378,-55.6676667742324,12.25697810837,4.66888433092648,2.74202861910882,3.77885696309862,0.0181084153179192,-149.598192049824,143.940813443776,-54.8841390370339,8.27074437946596,-4.13567789890855,-7.16249823085124,-0.0949649735816933,239.557152830079,-136.415922794577,0.549325214759547,6.19611974225402,1.54519172110827,6.00035685650182,0.730061488272751,-228.97354462995,23.9497930159081,47.1189983417001
1.26261457837838,-1803264.8989411,7.99459979706514,-3.09139167547573,7.3727147933467,0.0916045466674762,-201.922533627423,-87.7542473289216,10.4061734596872,4.78923138933367,1.91503746266171,4.3896889203201,-0.260383652861431,-175.813724680052,98.2917796850781,-48.2513020885368,8.29570468249309,-2.89684108741355,-7.77348235306484,-0.0859006910305564,253.484684925284,-106.854765558138,2.96552044055101,6.03327464294842,0.37496013051516,6.02161172924397,0.927036894849772,-235.305830500136,-15.9759614383899,30.6392765671441
1.26750843333333,-1803080.24694147,7.97179861555575,-4.0681655008923,6.85562561874015,0.136994731652002,-186.673399244143,-118.047572581925,7.23582005422743,4.86235962234324,0.983891372308297,4.76177475994941,-0.464404605567449,-191.326425223476,49.7480296054477,-30.9758205714885,8.38527139895312,-1.60083104965571,-8.23104588643262,-0.0653097691761832,262.295214928995,-75.6082601265382,5.00169990800354,5.89620425036367,-0.80786658389309,5.84059724211793,1.03645425394419,-233.782762027093,-56.3199988919242,12.4715263259916
1.27240228828829,-1803021.74497354,7.93264362039996,-4.95812566791716,6.19223906752745,0.163962747209751,-167.31750513053,-146.008805936555,3.27038299953615,4.88716953806132,0.0017732104269591,4.88716921637458,-0.570141858576316,-196.432612722422,0.328043840992475,-10.5306548921723,8.53396118227431,-0.273888938123607,-8.52956495433022,-0.035883691950521,265.899408888818,-43.790453677241,6.37040558747382,5.80061268395459,-1.96286748975577,5.45841174032472,1.05175215810969,-224.063311836875,-95.7273933594462,-6.66030576551637
1.27729614324324,-1803012.33942387,7.87875731895143,-5.7413405521976,5.3955375593746,0.169698561647363,-144.117157335241,-171.11168656312,-1.06192145246893,4.86487444360677,-0.980434754915922,4.76505519835933,-0.569711154489173,-191.437058491004,-48.7455679642929,10.7762665663233,8.73329321948968,1.05816303923247,-8.66895042320503,-0.00160571330144504,264.526109497543,-12.4401704626184,6.87684955190822,5.75675229363389,-3.04849970226184,4.88332330852346,0.969851196289029,-206.087427838207,-132.700836383974,-26.0137584808645
1.2821899981982,-1803060.8399493,7.81226352412973,-6.39929724126957,4.48112220189626,0.153343532685061,-117.386148356476,-192.83028717301,-5.36734604535513,4.79744806352078,-1.91259737448308,4.39971353673165,-0.462379192913083,-176.289995430284,-96.4000698213965,31.4833251878849,8.97298973813195,2.37137215685183,-8.65396665895641,0.0328848035685612,258.646125644934,17.5784523620864,6.50437857129667,5.76706092181178,-4.02374176813784,4.13140337648499,0.791614573301043,-180.1713666037,-165.659092006123,-44.6858911323237
1.28708385315315,-1803273.94166469,7.73574402204579,-6.91520203576236,3.4672346876445,0.116025101193812,-87.511105620511,-210.634259389644,-9.20039153224519,4.68763273304124,-2.74333470921876,3.80105450014536,-0.254877902610324,-150.653674131723,-141.199384978215,49.0939674117507,9.24214007979394,3.64462429568182,-8.49316589958417,0.0634380724115217,248.8717745677,45.626302650808,5.4345452712806,5.82549325162908,-4.85021336829884,3.22673238846223,0.522992284965791,-147.101774779644,-193.037268233198,-61.3515099546481
1.29197770810811,-1804033.74514944,7.65222805886888,-7.27440829747467,2.37477960799982,0.0613396173626093,-54.9800135491907,-223.995480951299,-11.9726929784361,4.54058884172694,-3.41913411580031,2.9877196869495,0.0285604812044247,-114.482969810667,-180.734933503703,55.3720263819891,9.53010066610627,4.86008990252883,-8.19770363244833,0.0872302562813671,235.86149031645,71.2903282277758,3.9298949737522,5.91919912273223,-5.49475951593428,2.201030694153,0.178099473754561,-108.280876875673,-213.40341883592,-73.0895899734853
1.29687156306306,-1803607.50712967,7.56521469068112,-7.46500217125427,1.22727987813151,-0.00370182859054904,-20.4131633571437,-232.410827991777,-12.9390844518311,4.36951744976169,-3.88816440732543,1.99370516510833,0.298842361209567,-69.1299684062488,-211.455879588529,44.8245417328685,9.82707317937648,6.00323919884632,-7.78026261730641,0.102737022149044,220.248974101191,94.3499204059076,2.22202136039112,6.03280540340063,-5.93302213705557,1.09269820010303,-0.207903614769062,-66.1780742604765,-225.621497165121,-72.8029857793758
1.30176541801802,-1803481.72777612,7.47871159249645,-7.47853993104611,0.050671328082053,-0.0680512271557018,15.4212133196169,-235.444542624039,-11.6730780971065,4.20215134957542,-4.1104337998628,0.873160891064214,0.47680589853311,-17.2137158461628,-229.895359559409,23.2439342953736,10.1244018643186,7.06257964354074,-7.25420442838925,0.109450469885278,202.601825791309,114.72931695331,0.484919971266202,6.15678757628481,-6.15654025853905,-0.0551842774982041,-0.549930384039197,-23.8528126706187,-229.389598830131,-61.3761938400509
1.30665927297297,-1803523.27000267,7.39717196997698,-7.3107900380581,-1.12716554810888,-0.120432609561614,51.6300526851389,-232.779819241705,-8.50006029424305,4.07175949798694,-4.06030156578705,-0.305248430485758,0.531281704163303,38.1517456065166,-233.567439267822,-2.61538058158605,10.4146655732203,8.02925745675941,-6.63296944777331,0.107586221861706,183.404419286058,132.451113481074,-1.15876836684871,6.28736103500588,-6.17155026376175,-1.20119778819828,-0.821665553169571,16.5295717431851,-225.401180472712,-46.5281648163287
1.31155312792793,-1803655.32226777,7.32516786685451,-6.96223940419472,-2.277126864335,-0.153051830098132,87.2379835968408,-224.259459284993,-4.1079452521607,4.00546661968919,-3.72891634379763,-1.46251350161401,0.450652092717249,93.1646143045214,-220.907474881611,-28.9939272201076,10.6916405776819,8.89662383640132,-5.92969329357851,0.0978627862167913,163.056751557692,147.597953813191,-2.622830428479,6.42085646136959,-5.9912445411072,-2.30919608222532,-1.01521203220248,53.9125672765663,-214.719212648647,-30.6844386179306
1.31644698288288,-1803940.42889898,7.26693947532023,-6.43841020208969,-3.36976014095881,-0.161512062083221,121.221702421713,-209.913922353954,0.862048287570876,4.01376454269886,-3.12865542274184,-2.51432317930187,0.241342431962228,143.144985369222,-191.80355905168,-50.9872970867719,10.9501946751789,9.65982497233633,-5.1569899096414,0.0813579175769157,141.882028054417,160.284044242852,-3.84406273914724,6.55255078530644,-5.63242459099609,-3.34838991468474,-1.12850993934888,87.7370550497666,-198.343024651737,-14.6933033721456
1.32134083783784,-1804488.72910303,7.22595753115972,-5.75002237997759,-4.37626608787454,-0.144431347222424,152.545479960151,-189.985415246355,5.80179480880077,4.08735420993382,-2.29746649010541,-3.38054909213081,-0.0592208781504699,182.882529559596,-148.753695445439,-57.1322748391639,11.1861540721255,10.3154441169455,-4.32685285115,0.0594221588253189,120.137961396971,170.635476235467,-4.77362698879182,6.67670187967439,-5.11387399060953,-4.29262632874269,-1.16214506592394,117.686259590655,-177.115600615312,1.02855206147366
1.32623469279279,-1803717.88219242,7.20457948726219,-4.91295540248818,-5.26961429342237,-0.103494113995214,180.207587855152,-164.946646829259,10.0432507014407,4.20766477866093,-1.29983012714588,-4.00186013375626,-0.329980316429412,208.294339457037,-97.270546375722,-43.8667895313242,11.3961681272823,10.861204586306,-3.45063514728673,0.0336216476889975,98.0287764183354,178.777449912612,-5.37439063943026,6.78688316737911,-4.45556199508955,-5.11954592083786,-1.11822441873414,143.554171027928,-151.719991734006,16.2189831347483
1.33112854774775,-1803429.85111323,7.20386940585231,-3.94794650142607,-6.02573255616714,-0.0439988402080169,203.298499016352,-135.507818083605,12.7726187040874,4.35853706957711,-0.214523095535041,-4.35325455588803,-0.497888773463712,218.394116139831,-43.2345931031578,-21.6394883113247,11.5775851371548,11.2957318811288,-2.53907835202388,0.00567825243101628,75.7163499741456,184.826470486935,-5.62414685424233,6.87635145801838,-3.67833228033024,-5.80982624608275,-0.999955234576456,165.165387004713,-122.704466323151,30.6605092334154
1.3360224027027,-1803309.41720756,7.22362650988834,-2.87997041232467,-6.62469247425842,0.0242320730456603,221.068479956676,-102.601507210863,13.1547244633568,4.5214860108031,0.884111034252428,-4.43420606478783,-0.546375199542659,214.600610398003,9.51992605055361,2.06092720357429,11.7283446409807,11.6183680860475,-1.60237044241738,-0.0226198208534257,53.3298213542995,188.885896416254,-5.52489076796685,6.93837969669266,-2.80390812504242,-6.34659058406937,-0.811619326399986,182.320923827307,-90.5214186939851,44.0944742355758
1.34091625765766,-1803276.95109332,7.26259064202575,-1.73726170185931,-7.05174762827577,0.0875484044255511,232.998208485531,-67.3217145428049,11.0751685630322,4.67564557151701,1.93148300844499,-4.25805529538249,-0.477279501427969,198.791657272099,58.7808074775132,24.3859843616353,11.8468872803367,11.8290300946718,-0.650219387861344,-0.0495706552486522,30.9735533093872,191.043591680803,-5.1104421593222,6.96658090588919,-1.85512304205717,-6.7150404330226,-0.559010492220698,194.759025435428,-55.5840594075459,56.0611347810547
1.34581011261261,-1803363.51147167,7.3186045102509,-0.549988327469362,-7.29790961968647,0.134983758675982,238.842644801886,-30.8151361732951,7.27993031892014,4.8003458284577,2.87202760697342,-3.8463979900127,-0.302515355926306,172.613684107579,103.08364427397,43.0437483268831,11.93208113807,11.9281036191414,0.308065474390649,-0.0737242424466477,8.73382123709664,191.370788007955,-4.43493068255232,6.95534589108879,-0.856317870688138,-6.90243117814483,-0.251007978589439,202.131070856973,-18.374245132615,65.3314416791724
1.35070396756757,-1803784.79070426,7.38864863623738,0.651164746159553,-7.35989899000872,0.160347707614752,238.618944591085,5.81829830176595,2.6218285975467,4.87781964472462,3.65761984952078,-3.22721885264279,-0.0468420181591383,137.604058120416,141.053912225538,53.0269973805845,11.9831647238558,11.9163683070428,1.2634884922182,-0.0939199620741754,-13.3152858938268,189.921646548229,-3.55512115232651,6.90078427614457,0.166187666512559,-6.89878288434875,0.0943039245710262,204.030874778759,20.249959013402,67.1776732513636
1.35559782252252,-1803272.51728504,7.46895416514639,1.83620111844149,-7.23972663666881,0.161202044651449,232.557277619781,41.5798039309217,-2.23161604108503,4.89688592424189,4.24806818817758,-2.43585886775732,0.227754617879538,95.8006688559224,171.052595864931,48.2875049143369,11.9997065379827,11.7949507602031,2.20728193987294,-0.109275453969913,-35.1065503068082,186.733288722723,-2.52342298512642,6.80374291703323,1.18399087709945,-6.69993158801081,0.420768753924197,200.184557771537,58.8747428020996,60.1591762779592
1.36049167747748,-1803116.55711114,7.55523026058875,2.97673752235736,-6.94410095069951,0.138031547203902,221.047092224995,75.5950683463549,-6.72656086226308,4.8584324296751,4.61562653808,-1.51669289399348,0.43603303098423,49.4821797577467,191.729274897881,32.0909109359774,11.9815805074964,11.5653028039747,3.13082137944543,-0.11915419192544,-56.5747527917538,181.826156244791,-1.38580546523659,6.67209979003543,2.16803324422792,-6.31003545632776,0.695895687350618,190.558395723046,96.1700045672799,48.441814348186
1.36538553243243,-1803095.26764688,7.64296442594604,4.04667204069144,-6.48377595320526,0.0939364360288183,204.591378445356,107.118969743635,-10.3230144230797,4.77115460203508,4.74288998575505,-0.518566118778511,0.548663727239313,0.354253180191972,202.369504446567,11.6691860916453,11.9289566065541,11.2292032322856,4.02554350232084,-0.123133508622279,-77.6520504944601,175.204620685557,-0.183136636450007,6.51711392338722,3.08957483432992,-5.73823154233801,0.905186897406057,175.224441344811,131.232161703425,34.3231010483843
1.37027938738739,-1803140.86865571,7.72774952612431,5.02265130681092,-5.87291125326315,0.0348014029731048,183.772578948263,135.530004205232,-12.4245782558081,4.64691016447889,4.61916906988192,0.507002150472192,0.552724891900684,-50.2929409523631,202.309410285654,-10.5249912318418,11.8423063362343,10.7887822990301,4.882867586301,-0.12098555828994,-98.2633844753454,166.857839499033,1.04562259660773,6.3518281252518,3.92027765767604,-4.99771383929351,1.03912669783446,154.271320203583,163.234889079869,18.5452218969661
1.37517324234234,-1803277.0790945,7.80560074530035,5.88439783017407,-5.12847591115295,-0.030309346529263,159.227701541874,160.323043269414,-12.5106947881686,4.49898545706369,4.23996057623142,1.50452798407803,0.443413814920894,-100.995695600793,190.57940160486,-32.694756969536,11.7224233158059,10.2465693875321,5.69412189731118,-0.112677282656201,-118.321682577547,156.760946592881,2.25928363767699,6.19002138930625,4.63228803636575,-4.10588265153933,1.09063911637572,127.830367197335,191.282041758121,1.54566268542612
1.3800670972973,-1803653.1212629,7.87321097251756,6.61492832222966,-4.26968082056901,-0.090305544908581,131.619132359609,181.109795342823,-10.6395029696507,4.3414280397252,3.60921211387399,2.4127961665208,0.225777322205323,-149.478944551479,166.057786698277,-51.3939518201046,11.5704598984796,9.60556547325465,6.45047705222981,-0.0983927219131699,-137.722628904085,144.87677448692,3.4097466351854,6.04498265210935,5.19858132964939,-3.0848934217123,1.05458332468872,96.1431584637971,214.354365718168,-16.2625627858808
1.38496095225225,-1804461.51800337,7.92801871061051,7.20058915377017,-3.31737795772471,-0.13670437622577,101.597529637694,197.61752322696,-7.41698580496735,4.18973263888512,2.74517113071662,3.1651058510608,-0.070525703280151,-191.862161871232,128.493245705244,-55.8867986885176,11.3879813592718,8.86934309849126,7.14288964218038,-0.0785798163043474,-156.338803393702,131.158437310951,4.43718633530526,5.92794007452661,5.59371962100372,-1.96233899435764,0.92801348851691,59.6577407442192,231.306067757438,-34.3520533913453
1.38985480720721,-1804127.49272936,7.96811507949176,7.6309036186066,-2.29350558829941,-0.164475402958254,69.7788534127874,209.668722010512,-3.44803130031201,4.0658693038419,1.69059049516167,3.69772862357323,-0.333090664679853,-222.997722722269,80.0991948181019,-41.6770701487782,11.1770396588815,8.04217743931764,7.76206142533932,-0.0540208585601173,-174.013073999233,115.553261292967,5.26632556813114,5.84633137728373,5.79515873709158,-0.771832744137923,0.711062790775269,19.1533280995734,240.916064289027,-51.9035247991242
1.39474866216216,-1804082.87371833,7.99214964684695,7.89837768789804,-1.22069073761959,-0.17118468922889,36.7443725851788,217.151743341588,0.808917527498724,3.99941952179915,0.515193903493933,3.96609779924182,-0.487296404767933,-238.782416398245,25.1664149399046,-17.4885325608578,10.9402687707697,7.12921235849893,8.29842225511005,-0.025916560623036,-190.551287900115,98.0087163655872,5.80665073124355,5.8024822899937,5.78525290199946,0.446821648532626,0.408978240525667,-24.092822924178,242.023093808209,-67.3038859005004
1.39964251711712,-1804234.2617691,7.99927755191282,7.99834734445839,-0.121988154883537,-0.156386227683267,3.05255189761628,219.998900878367,4.97362341552318,4.01046606570146,-0.697233668820779,3.94939277297228,-0.50797599028843,-237.513472788026,-31.5045124576629,9.40542195600209,10.6810024753258,6.13666456031648,8.74214858899519,0.0040456487523182,-205.714603820914,78.4811296009831,5.96094527334388,5.7936769965306,5.5542305078498,1.64839819394416,0.0380239317702653,-68.0044512041387,233.845459651922,-75.3667290851497
1.40453637207207,-1804035.29700533,7.98915084147777,7.9289032068742,0.979298271164081,-0.121448455073658,-30.7439267587033,218.175513102464,8.65925739231847,4.09750723042666,-1.85994082438632,3.65105267466519,-0.393242185207912,-219.525666919589,-85.2178866493375,34.6347868762913,10.4034123489174,5.07206632028979,9.08323355111988,0.0336928921104028,-219.21227035652,56.9479444953855,5.65522957145952,5.81557533406183,5.10520838995807,2.78527624505184,-0.344689050325829,-109.353795986098,216.709953031699,-70.2406000276123
1.40943022702703,-1804172.32678448,7.96195372021758,7.69090807687136,2.05976697614111,-0.0697936537600826,-64.0793502376188,211.680006327285,11.3913032404622,4.23783368456173,-2.89249033801667,3.0972139064789,-0.161628121525517,-186.92021724758,-131.743950337805,52.7998309808351,10.1126567776371,3.94454185675128,9.31162803394905,0.0605979444669134,-230.696145499359,33.424237651661,4.86696403745946,5.86990637842931,4.46069254798882,3.81549772426116,-0.664382068505858,-145.147142058729,192.149851452236,-55.686155228323
1.41432408198198,-1804031.90237898,7.91848268049513,7.28810970449802,3.09609833443693,-0.00753542266903635,-96.357890386417,200.554952545714,12.5777858392378,4.39912013069098,-3.72914299686212,2.33361317128714,0.134756124600439,-143.605597073639,-167.566673475448,53.8929584173177,9.81502204601179,2.7651048652962,9.41747592763649,0.0823625324849975,-239.758704688381,7.98456891559686,3.62187762751605,5.95848323642112,3.65373696937078,4.7067747595742,-0.90155060260906,-173.974491743757,162.045396015504,-38.5540407776683
1.41921793693694,-1803566.14267589,7.86026437597112,6.72732917300719,4.06531650159825,0.0559842046322951,-126.947122835523,184.905440867577,11.8078822926503,4.55599709267438,-4.32854630875305,1.42154717172442,0.37730146264766,-94.535779288135,-190.736767295681,38.6687752087107,9.51802752021363,1.54695480986747,9.39147372310501,0.0968167207420739,-245.93748963554,-19.2090105370373,1.98272079101977,6.07890834965537,2.72094763055125,5.4359516844162,-1.04992247628254,-195.435823981128,128.098865343798,-20.7233517038759
1.42411179189189,-1803425.77061586,7.7896434295301,6.01863847614279,4.9451527431127,0.110543400257467,-155.193129704062,164.912093121475,9.2667971343396,4.69389421037152,-4.67450078974347,0.426245498330333,0.521443876687546,-43.6613786892539,-201.388249979275,17.9227384846055,9.23045038898846,0.305729968940804,9.22538582226612,0.102189740395195,-248.730672435923,-47.8736805375917,0.0482049582235333,6.22424282597382,1.6993787295595,5.98776341301218,-1.10878411964782,-209.596398412058,91.7490328026674,-3.06268203774979
1.42900564684685,-1803396.04855404,7.70970416735257,5.17539787596656,5.714437432813,0.148652175975691,-180.441225934906,140.835530232475,5.50978831321668,4.80183422017159,-4.76516009564559,-0.592335328068323,0.556528847493716,6.78351875734646,-200.619047983506,-3.79345485245337,8.96220626228495,-0.940351914491763,8.9127369177291,0.0972987703243093,-247.62941093473,-77.571179792278,-2.03890643060585,6.38410760903824,0.624983646430671,6.35344201244287,-1.08054929666004,-216.744926850416,54.1672997201811,13.9046769329796
1.4338995018018,-1803428.3967083,7.62409123041887,4.21422621679373,6.35350804543745,0.165641283389634,-202.043770871802,113.025084958376,1.05823987878582,4.8700712638316,-4.60666560217001,-1.57994498150473,0.483509328163012,55.4419320157721,-189.378798629895,-24.5822910654023,8.72400938819309,-2.17056414040649,8.44967402434334,0.0818006760891367,-242.171881755135,-107.680089763039,-4.07789005637421,6.54619201249521,-0.468070538944656,6.52943641021399,-0.969737350318023,-217.255682533163,16.2949010174804,29.7951410015359
1.43879335675676,-1803550.64875215,7.53681174901592,3.15496016724854,6.84468828239676,0.159234574763549,-219.366081808248,81.9368665720982,-3.61586084388908,4.88990255655435,-4.21074077548787,-2.48612331436728,0.310705936839692,101.167028960281,-168.256923926267,-42.5407523295332,8.5267469129992,-3.36207073204311,7.83593602009871,0.0565198697605672,-232.019522573325,-137.388503296149,-5.80025517294665,6.69763650131193,-1.54757317890096,6.51639102261768,-0.78259788664468,-211.509811313232,-21.0971381520954,44.2391691421036
1.44368721171171,-1803962.84002713,7.45203628842131,2.02056539871125,7.17287671115843,0.129482674950743,-231.803117842127,48.1572209996485,-8.00615712957984,4.85468746039224,-3.5949953125672,-3.2625142207674,0.0581018048676799,142.484513801608,-137.730985469266,-52.8402308068663,8.38055544311547,-4.49075936613974,7.07578899138185,0.0237981243596703,-217.046634120593,-165.723378857994,-6.88578787699923,6.82610874539002,-2.58316865207697,6.31846502869304,-0.527345658896987,-199.863834731714,-57.3316614363662,56.6889737925569
1.44858106666667,-1803673.51114174,7.37390960988413,0.836928988827277,7.32626049239324,0.0791730034677509,-238.812163761482,12.4262388873197,-11.4716587097034,4.76312191264059,-2.7858956374718,-3.86343316905994,-0.21769637122897,177.172737940854,-98.8927810327971,-48.4377628592703,8.29369204471989,-5.53253707324904,6.17870223151877,-0.0123380090094251,-197.421168776371,-191.62878982636,-7.04337819383098,6.92067551693661,-3.54621152621809,5.94307440825402,-0.215708148719111,-182.680373323765,-91.7167368400657,65.7639669925152
1.45347492162162,-1803614.37442163,7.30639012330763,-0.367556238903575,7.29713910003163,0.0147660878537092,-239.96404377821,-24.3472770562926,-13.1766950356494,4.62591237485634,-1.82326793315867,-4.25144203109537,-0.426275823725023,202.86392576318,-53.4950334566006,-31.5111521369903,8.27141476760161,-6.46497105390345,5.15950109311825,-0.0466356575786395,-173.643848510507,-214.089802150276,-6.18885998679386,6.97293860967652,-4.40997238531463,5.40129766029238,0.130294011028165,-160.53423792866,-123.319773859025,66.8171987193899
1.45836877657658,-1803575.19413699,7.25313373551079,-1.56271144895483,7.08278772183032,-0.0525939468887435,-235.009233408021,-61.0986034726616,-12.4567742746644,4.46309474129524,-0.757256379839994,-4.39838350362595,-0.532807892598873,217.69929145659,-3.26841402255131,-9.44061606250319,8.31515895857513,-7.2689755583541,4.03780421001601,-0.0742266088773637,-146.518629187157,-232.27295905303,-4.50815426150312,6.98007491970993,-5.15155390550469,4.70987666966377,0.452463838474788,-134.352066090703,-151.051188388776,59.3992792988221
1.46326263153153,-1803654.78805142,7.2173580054566,-2.71764857298378,6.68615306530501,-0.109801654892934,-223.935731014169,-96.6760118818741,-9.50280434066113,4.29870427155301,0.353724981407232,-4.28412617132089,-0.520681984350055,219.954724525693,49.9998833699927,14.8383730470982,8.42227214513071,-7.93015734577502,2.83677150258795,-0.0917172001936707,-117.055771680321,-245.636932246965,-2.32307408059454,6.94556665728531,-5.75349304622166,3.89078577640462,0.724286804016386,-105.025127708294,-174.207167720718,48.203712835516
1.46815648648649,-1803872.1625862,7.20149432338159,-3.80206875909651,6.11602760301158,-0.147621990295355,-206.9896281603,-129.941290398877,-5.12227582148255,4.1566339717588,1.44229086541694,-3.89838466992602,-0.384424162127891,207.849873900871,103.80793582498,38.5814182107681,8.58642289932404,-8.43953327515732,1.58143488754635,-0.0974573496833091,-86.3381750877781,-253.978712785085,0.0318691280749492,6.87533664601386,-6.20180518258763,2.96780499245658,0.934500966829948,-73.1533470821777,-192.49639376702,35.1828494811182
1.47305034144144,-1804435.54664968,7.20677148938536,-4.78754485458678,5.38674016131624,-0.16102441310776,-184.660506139965,-159.84849411178,-0.0857868755027709,4.05617210418923,2.43222372041594,-3.24604681307108,-0.134867802242374,180.196950762957,154.209606114764,55.9079485042724,8.79855269707464,-8.7935390966528,0.296984374737104,-0.0913985089129212,-55.3917637340482,-257.410524559437,2.26510404576059,6.77643154089242,-6.48502651704343,1.96582183873442,1.07611529882757,-39.2039821741814,-205.68334661116,20.9504330180421
1.4779441963964,-1804322.15196363,7.23295981133513,-5.64867382049617,4.51754266189378,-0.148479859050383,-157.649499112836,-185.496931772704,4.93812261388646,4.00965352318359,3.24426037304651,-2.35628860877838,0.174655322914832,138.274328563429,195.479308518059,54.5443341250035,9.0480690622505,-8.9934509124978,-0.992670358048023,-0.0748063092257032,-25.0916201722731,-256.287350641094,4.14495211623936,6.65647512298602,-6.59384500432945,0.910971526344978,1.14400529701037,-3.60712953741623,-213.478480008134,5.81296796361303
1.48283805135135,-1803868.40660783,7.27835204215053,-6.36403984571514,3.5317708435892,-0.111643186968895,-126.827513234367,-206.170030135273,9.29638479855048,4.02756867688721,3.81496700605023,-1.29125372789049,0.410575539007661,86.7248068500212,222.286658879255,34.9610650109769,9.32397046334612,-9.04445529837554,-2.26588913167384,-0.0499489877505277,3.88404560196518,-251.115087448298,5.50209093717083,6.52328637738868,-6.5210978124176,-0.168962961346911,1.1342449784637,33.1749431849224,-215.504306948201,-9.99645457548214
1.48773190630631,-1803646.63595378,7.33998259643849,-6.91694895283984,2.45584236054104,-0.0555160110648777,-93.1875138722324,-221.361494294928,12.2644694170299,4.11367270213942,4.11150844154672,-0.133422019985831,0.524265973024601,31.2785970305255,232.475929368844,9.49086267040139,9.61570650845807,-8.95461045647815,-3.503821232531,-0.0197853998539949,31.0579080679337,-242.464890315972,6.23383037288477,6.38447765782916,-6.26209557248022,-1.24407154313703,1.04404075125555,70.5792330399235,-211.290992062134,-26.2170701238184
1.49262576126126,-1803530.99183247,7.41403469364226,-7.29591498443747,1.31815590063993,0.0110015072014039,-57.7925247816534,-230.789482369948,13.0897175779579,4.25517078251237,4.12775297635549,1.03350556579796,0.505484165711675,-23.420813248095,226.707960521679,-16.1966416333446,9.91371478519831,-8.7338762176962,-4.69053803483356,0.01238931597832,56.1302804335808,-230.907644477928,6.3179334709221,6.2469770048124,-5.81530548201836,-2.28187288196825,0.872074277225514,107.862279867227,-200.299364056997,-42.4584832190798
1.49751961621622,-1803523.58544141,7.49633428799183,-7.49487420065637,0.147947536841568,0.0753811647147014,-21.7095555643743,-234.398614032159,11.5734928389969,4.42560192264229,3.87730030906577,2.13365758523096,0.362299556691156,-73.9922487616178,206.877418022074,-38.6956387899337,10.209671529995,-8.39330765214234,-5.81289767731028,0.043393934855226,78.9435497732289,-216.9715800043,5.83381044713294,6.11652044090841,-5.18347277380795,-3.247065183707,0.61945591906475,143.999309936329,-181.992825399622,-57.9800873151442
1.50241347117117,-1803775.54125358,7.58272082144771,-7.51301054008121,-1.02583023968166,0.126736435591373,14.0724715871777,-232.33882397213,8.32528005127759,4.59364071766496,3.38783048873931,3.10227974601869,0.118527777812338,-117.910694199183,175.394856140638,-53.3467428595332,10.4965337627218,-7.94444071996391,-6.86025383487656,0.0707274204496494,99.4444742371702,-201.119968092946,4.93042342328904,5.99734366239039,-4.37531238265507,-4.10180113596447,0.292273404074073,177.545962110994,-156.02812153169,-70.8887915975255
1.50730732612613,-1803645.43705625,7.66916272459409,-7.3541494847846,-2.17544070287974,0.158633965227477,48.6982887363853,-224.915167177449,4.13998294768467,4.73220128454973,2.69819336707394,3.88760614663733,-0.171167871904176,-153.018700041312,135.321495219482,-52.1619329512833,10.7684572631735,-7.39886290977064,-7.82409735823974,0.0926981690881164,117.649758537095,-183.7440227595,3.75857066921513,5.89280349656856,-3.40801315269801,-4.8073463990239,-0.0894319969105052,206.411671867951,-122.839195453567,-73.8868527937537
1.51220118108108,-1803240.46703167,7.75181082696901,-7.02602765271736,-3.27498191145615,0.16813626506822,81.4526425001401,-212.530343360024,-0.377004316769856,4.82724272598027,1.85764348832619,4.45549469821351,-0.403091551700495,-177.927704126767,90.0302228625585,-37.0739733465116,11.0206595209832,-6.76794313459296,-8.69769406247156,0.108313127141801,133.617914320515,-165.165728729783,2.44166109790296,5.8096973913617,-2.31119566397556,-5.33019309050015,-0.446595123863464,228.144676072297,-84.3177530296213,-64.2751508305623
1.51709503603604,-1803126.77273534,7.82707288144905,-6.5396230597832,-4.30074413647998,0.154863922059779,111.74270551149,-195.641737011283,-4.75665936987299,4.87529217829517,0.918916325806269,4.78790837526292,-0.541907605369293,-192.436679192951,42.0395312993503,-17.3170561769198,11.2492693343081,-6.06268376656549,-9.47575464553757,0.117114780067146,147.428415604722,-145.645812943142,1.07260633685419,5.76173346410148,-1.12656639197505,-5.65052392932011,-0.732183505216128,241.129625057465,-42.9812970746474,-48.2930762479664
1.52198889099099,-1803095.30488932,7.89171080724507,-5.90860059760246,-5.23139928156898,0.12056967136949,139.074430237271,-174.736150950733,-8.56887238168468,4.87634652179602,-0.0667233036033209,4.87589001120702,-0.576262113469693,-196.789016182036,-7.16992884947113,3.8269322468406,11.4511847473293,-5.29365897854575,-10.154152191903,0.119039190510343,159.167322814728,-125.393566661131,-0.279872319534577,5.76087579739707,0.100100586599094,-5.76000606124662,-0.929525886343128,244.969349253354,-0.948399092128739,-29.9615251235662
1.52688274594595,-1803117.02652334,7.94295501457339,-5.14887875741049,-6.04810564598732,0.0691751982429319,163.030115819089,-150.319452621088,-11.3368044356937,4.83145674292517,-1.04897383601409,4.71620908676821,-0.503638282900887,-190.983632890632,-56.5135685557397,24.8054460242257,11.6239489601971,-4.4710105384182,-10.7296903121489,0.1143160568718,168.917891052517,-104.576658151427,-1.56300769945646,5.8126031157673,1.32312710055849,-5.6600079202414,-1.03179875645179,239.932666987601,39.9879994205367,-10.818457972686
1.5317766009009,-1803244.21663313,7.97863395883382,-4.27829943941157,-6.73459380777986,0.00720162701255295,183.251497398577,-122.916969276398,-12.5131510764583,4.74229805442188,-1.97655963250964,4.31075432564962,-0.328207653227436,-174.654892215391,-104.78088499777,43.7045819904719,11.7656473299136,-3.60448006802058,-11.1999187734173,0.103409113515778,176.754709237466,-83.3300803143973,-2.73273156741146,5.91422759665079,2.4994272564751,-5.36012606704125,-1.03771046606999,226.697364164303,78.3393674303656,8.18271005952678
1.53667045585586,-1803739.70388468,7.99731236728996,-3.31636378342472,-7.27727533875129,-0.0559563125216509,199.432874732481,-93.0754523760987,-11.7714989422105,4.61216953165426,-2.795522758168,3.66840023679051,-0.0665924629961674,-147.354604153365,-150.041466722418,55.1432718430568,11.8748253939346,-2.70346344604355,-11.5629911152929,0.0869887411976857,182.740205382129,-61.7639675647838,-3.74820288820735,6.0555916179048,3.59010074220153,-4.87661424593774,-0.949971655856522,206.187813757036,112.930416274354,26.3083807304804
1.54156431081081,-1803421.87737511,7.99838028391795,-2.28397069208676,-7.66534833154085,-0.110513362409552,211.324176578705,-61.3521778367388,-9.36392376943224,4.44985821771711,-3.45010567404329,2.81033965842544,0.223225065203132,-109.537357995046,-189.026911063954,50.4198590136495,11.9504265181466,-1.77707801419929,-11.8175584490651,0.0659270846337045,186.922674051211,-39.9703182456753,-4.5685165695525,6.22136326568651,4.56130539404546,-4.23082190429771,-0.774626658765184,179.450894906223,142.876910877125,42.8903755816958
1.54645816576577,-1803331.55098862,7.98199108824691,-1.20312201763767,-7.89079711711868,-0.149595550215973,218.729625995796,-28.3004530718842,-5.85626639576638,4.27794630819165,-3.89089633811846,1.77813112615097,0.437606127140328,-62.99659583647,-217.940473884398,31.2935858905533,11.9917474015369,-0.834236705531441,-11.9626942977496,0.0413035755021607,189.335250695697,-18.0287871147313,-5.15230675664725,6.3938765719346,5.38460969126375,-3.4478451371665,-0.521067900039564,147.585918250735,167.528690535511,57.1055758889563
1.55135202072072,-1803419.31815558,7.94894075766194,-0.0966744321288031,-7.94835286225969,-0.169076026367216,221.496768676516,5.52860606177882,-1.73696817351361,4.12856674868261,-4.08007163240799,0.630934919581459,0.536160924108665,-10.2396369367715,-233.706547596836,6.4090082446459,11.9984097313394,0.116274492757679,-11.9978463202124,0.014404017067232,189.995454749825,3.98825389500319,-5.46105643857123,6.55576961578156,6.03716457655282,-2.55553499894261,-0.203570899875621,111.77539333406,186.392810269903,67.1971600214736
1.55624587567568,-1803564.289694,7.90057372440001,1.0118456691275,-7.83551105650089,-0.166965231951109,219.508295229808,39.5715743933859,2.59262874797204,4.03221951970228,-3.99329270748618,-0.558934349817388,0.501696209586787,45.6051544131506,-234.019837961178,-20.2633618883595,11.970346475957,1.06571784196681,-11.9228117587996,-0.0133069888835516,188.905054724542,26.0111926133204,-5.46669826924063,6.69249773094127,6.50236362460435,-1.58391703446746,0.150903700175172,73.5788746485294,199.064100834799,68.0038007976281
1.56113973063063,-1803738.32006448,7.83872730477545,2.09840852016928,-7.55263711832583,-0.143149738887495,212.683873645705,73.2344919426836,6.74154110045098,4.0068819768027,-3.62402008827649,-1.70926346003032,0.333527305225071,100.40084002274,-217.545293143955,-44.6936099861621,11.9078015276546,2.0053250400031,-11.7377343940792,-0.0402629656251742,186.050088694075,47.9690188976496,-5.16482620018791,6.79646981429793,6.77295332303811,-0.564893990594615,0.476467108100661,34.8552096190666,205.411204883497,59.6675563960353
1.56603358558559,-1804313.84151586,7.76571368057921,3.13868440558454,-7.10316613707406,-0.0995498209465996,200.993706807364,105.875030909177,10.2417919163491,4.05125838148139,-2.98928430725877,-2.73438728125693,0.0547601097251662,148.938873555904,-184.908286172927,-58.5608196364038,11.8113414695859,2.92621872890756,-11.4431215698231,-0.0649552508854307,181.400954122844,69.7852238111928,-4.57586473037058,6.86703207834159,6.85091572079502,0.470195014367509,0.747579264135525,-3.0446160335806,205.738691777469,47.8455390841938
1.57092744054054,-1803386.12299661,7.68433922751847,4.10834558824292,-6.49388680923406,-0.0407318197240038,184.484798221082,136.789028735057,12.4663807823619,4.14951558107502,-2.13463135271744,-3.55834632175959,-0.252080891138967,185.801580237329,-140.002455077103,-52.3994287559763,11.6818797571725,3.81933458123154,-11.0398821559673,-0.08602161292888,174.912635694638,91.3732763515251,-3.73310786460461,6.90571777419078,6.74250716270231,1.49249292718008,0.954922498942599,-39.4483485972744,200.526834788758,34.6210068945756
1.5758212954955,-1802979.72640232,7.59795920840767,4.98353238779537,-5.73527584972349,0.0251139868770191,163.318150453316,165.209191430877,12.7150984666316,4.28638887957669,-1.13126850488548,-4.13441183202797,-0.469234177834596,207.931258344518,-88.6849978621184,-31.5093740239487,11.5207152688633,4.67534508585394,-10.5293888063078,-0.102286329531477,166.525299671553,112.631338185907,-2.67519273561077,6.91472602933185,6.45643223482227,2.47546336225509,1.09378933308128,-73.9305141137702,190.185179281717,20.6488674273549
1.58071515045045,-1802817.78416226,7.51053334734667,5.74152709277608,-4.84179489492529,0.0864191649423123,137.801418445726,190.331557849796,10.8025498821081,4.44554049752701,-0.0553187692722599,-4.44519630038078,-0.567174631378454,215.518940660052,-35.7202814488422,-7.35357455522118,11.3295872272181,5.48458757794706,-9.9135687741082,-0.112773540284988,156.16559852079,133.436031122376,-1.4428380816426,6.89637662761327,6.0032020215646,3.39434471999725,1.16141117321615,-106.142752321966,175.014085224938,6.23373056846064
1.58560900540541,-1802760.17696336,7.42651966342175,6.36154657225263,-3.83196027122553,0.1331394856981,108.398699425211,211.366917682677,7.22852003103036,4.60684448899347,1.02392090171504,-4.49161464651639,-0.542769923386808,210.092729203371,15.9625807573356,16.2846417332681,11.110748462,6.23700107106184,-9.19502849508406,-0.116714710347903,143.749178069433,153.635088469479,-0.0796019120428888,6.85286851003668,5.39500471160262,4.22560421450447,1.15612663876589,-135.731908480989,155.214076978821,-8.42693191335516
1.59050286036036,-1802785.49554547,7.35053144241768,6.8255140870282,-2.72812571809852,0.158704365252616,75.7284166677104,227.587744949887,2.65221950676483,4.74875022266026,2.04560852276145,-4.28557049280742,-0.404328214045773,193.218311485048,64.5036935799421,37.2518798545627,10.8670585815131,6.9220793586414,-8.37721788941341,-0.113569559405417,129.185099953702,173.038794760022,1.36387920074104,6.78615848346373,4.64588293675471,4.94648548978546,1.0771418540826,-162.285295422612,130.909054400745,-23.1511634862754
1.59539671531532,-1802982.20741071,7.28691600319392,7.11883073892973,-1.55608282172666,0.159661680765749,40.5633699921182,238.364992687007,-2.32691390087695,4.85125870690684,2.95610401656552,-3.84657771071697,-0.170251124841181,166.26568433258,108.401504990555,52.3612285391639,10.602097528513,7.52885207059886,-7.46464054748385,-0.103075918340492,112.383192454504,191.410304129539,2.82277677185472,6.69790825187819,3.7721517573765,5.53469475851192,0.924615003903134,-185.283648230726,102.180821240501,-37.7017954558547
1.60029057027027,-1803127.82955813,7.23934816730383,7.23114778694938,-0.344475791228452,0.135435226243846,3.82625722141832,243.209238569026,-7.11081106005976,4.89910086437264,3.70826536608725,-3.20155544290187,0.119284071345865,130.850279368497,145.910694675036,53.7063492038884,10.3202975692017,8.04591128318643,-6.46311484811803,-0.0853417916868694,93.2656918735239,208.455333750803,4.20860893013993,6.58950970955411,2.79304645444745,5.96829370219047,0.700123899524049,-204.054457228768,69.1263365188437,-51.6607634791974
1.60518442522523,-1802900.129071,7.2105046578292,7.15709331114391,0.876009563963599,0.0885535701651511,-33.4273942170042,241.81846008156,-11.0050643406893,4.88742139525847,4.26460681025049,-2.38747076396661,0.366812367197703,89.1161905498383,175.218427733817,40.7883938052847,10.0270869530251,8.4615089893341,-5.38008720997582,-0.060989829039093,71.7848229709539,223.812489508633,5.39910419931497,6.46227653397173,1.73160718508882,6.22595812370036,0.408007369111161,-217.727831518991,31.973556227149,-64.0357881334959
1.61007828018018,-1802991.49645137,7.20188427133904,6.89687384477934,2.07370880958715,0.0253845828369534,-70.0451475488151,234.127344788214,-13.151306405684,4.82238613159224,4.59942727158563,-1.4493711655637,0.527168009398712,42.9935005090035,195.173530699067,21.5631796566208,9.7290298027652,8.76375951289597,-4.22498995303169,-0.0313507496937197,47.9479134139198,237.046731411073,6.23313851949433,6.31810750399633,0.61576813925754,6.28802926446196,0.0597660181890894,-225.227332982146,-8.61697694550195,-71.1659607561897
1.61497213513514,-1802899.73196762,7.21381547949845,6.45664183565576,3.21728301184574,-0.042959493891689,-104.841473620378,220.346016446332,-12.8171468042744,4.71472037818223,4.69454181534053,-0.435735456975942,0.582444163763912,-6.20509013873201,205.0687405483,-0.262382085238688,9.43393240073711,8.9409881234733,-3.00961989586509,0.00134155615585029,21.8506849636316,247.650227589592,6.52389476603786,6.16182556302898,-0.520666144732642,6.13978835424534,-0.303652238450736,-225.486095791416,-50.8830780793807,-67.3907173816535
1.61986599009009,-1802972.45423239,7.2455951016642,5.84845910857555,4.27716897405047,-0.102786885205791,-136.701043418968,200.960033512605,-10.1425112852421,4.57704768876453,4.53737637019831,0.601316239919307,0.524544188546326,-57.2856840341592,203.98422173916,-22.9371049472038,9.15086433975363,8.98226636253229,-1.74848767713577,0.033888197966659,-6.28328963427094,255.056592835709,6.12380206655357,6.00714244727092,-1.63909281865663,5.77919848366816,-0.614141155627446,-217.923229864351,-92.4343025353649,-54.4124502107574
1.62475984504505,-1803209.08514007,7.29552310157679,5.08963140146608,5.22688334697179,-0.14438460674411,-164.684321921848,176.675713694043,-5.98334894753597,4.42283229751516,4.12168497499894,1.60410676041566,0.353073114291874,-108.601819489128,190.648021784219,-44.2284947726694,8.890015229577,8.87815522713059,-0.459053967507997,0.062579576821386,-36.0631236201229,258.67478784885,5.00187222689602,5.87284612289502,-2.69989844337615,5.21544532889169,-0.84777674055831,-202.559273409118,-131.298710737398,-37.7840715012868
1.6296537,-1803907.63381241,7.36088438414946,4.20161588935707,6.0439261109909,-0.162620374681151,-188.077662392755,148.341143456573,-1.15128698652825,4.26625319546553,3.45135817530704,2.5077964577615,0.082259240819632,-157.276219137333,163.872662808614,-57.9279087843536,8.66229025239616,8.62163512633106,0.838260201352729,0.0839069202356192,-66.9004460513826,257.946431963394,3.24795035519214,5.77728000518047,-3.66468555274781,4.46621137629418,-0.991981870640314,-179.80787854871,-165.872351005933,-19.2065391980071
1.63454755495496,-1803595.07051488,7.43806460300403,3.20885477753853,6.71029478153752,-0.155897476609393,-206.39343195813,116.87634891051,3.71209865762271,4.12467886537459,2.54892278362561,3.2428333885018,-0.226205973551662,-198.472635029019,124.125498893762,-53.2470245110997,8.47857867631406,8.20915076661676,2.12041035212595,0.0950590803733074,-98.0009939390163,252.425340545687,1.03887212189518,5.7342889051678,-4.49797722886326,3.55672181883236,-1.03984213253838,-150.422081227492,-194.736535589165,0.311242433225354
1.63944140990991,-1803418.99833662,7.52280358384373,2.13768156977577,7.212689600096,-0.125499388104924,-219.349706455512,83.2203710577834,8.04525539844097,4.02571678836813,1.46663182501685,3.74905144669912,-0.450211004291365,-226.945100748358,74.436637463433,-32.0271253190727,8.34870847818207,7.6416251869409,3.3625136068096,0.0942956414545709,-128.392798014742,241.869684050175,-1.38096982325103,5.74997202470326,-5.16890636502273,2.51884602040253,-0.98886944630806,-115.480381599841,-216.690460671828,19.8995824876051
1.64433526486486,-1803368.47020249,7.61053446144733,1.01535771298341,7.54249849211536,-0.075444922624983,-226.842990612615,48.2953787585761,11.270645821705,3.99698216468535,0.279471776142026,3.98719976313613,-0.546477226742389,-239.423423109751,19.2183407264248,-5.23433244195906,8.28022975215052,6.92522278646934,4.5391071926277,0.0812493821407972,-157.000905753301,226.325723767133,-3.71305918251899,5.82112750455063,-5.65278104486166,1.38981721211408,-0.84084630766233,-76.3419463848572,-230.829504906591,38.6657923184326
1.64922911981982,-1803354.3679906,7.69675400918,-0.130748336350379,7.69564338768176,-0.0127929298878732,-228.921431722378,12.984504541124,12.7581066498307,4.04892311582503,-0.927602406080663,3.94123485396337,-0.502554328710956,-234.898796537138,-36.8785973766515,22.0887757157475,8.27730753430714,6.07161612940789,5.62577084448093,0.057165049629381,-182.763988558073,206.174378457315,-5.62490082578241,5.93606110576907,-5.9323258288713,0.210550971336618,-0.602211523123734,-34.578412851409,-236.610314923452,55.5236319143305
1.65412297477477,-1803432.95860041,7.77737526457307,-1.27385660424037,7.6723435375266,0.0521361438733244,-225.761422708291,-21.8869277274954,12.1254875845645,4.16843083288935,-2.06951618922936,3.61841378936962,-0.325589469584915,-214.192680071008,-89.3746342903632,45.7365028141554,8.34005905582481,5.09758290088862,6.60085097720085,0.0250003738829731,-204.768608697997,182.116298489052,-6.79539208384275,6.0774927700702,-5.99856517337575,-0.976285937120436,-0.285609988519025,8.0582745018206,-233.899737749254,68.5712268296273
1.65901682972973,-1803920.94010034,7.84897616460001,-2.38836256343329,7.47677411040681,0.108461945957772,-217.640983589061,-55.5809785955467,9.672899412584,4.3254127868196,-3.06952920679074,3.04748851105974,-0.0451893005694018,-179.819984816712,-134.222753449599,58.245399962278,8.4645635708754,4.02393004242792,7.44693382937145,-0.0107888712090465,-222.363759901189,155.090120198863,-7.00471218413349,6.22681148127198,-5.85174308385309,-2.12844640615592,0.0835007451725386,49.4607452586929,-223.122484494396,71.7312630917599
1.66391068468468,-1802889.38348936,7.90881730381637,-3.45026644013098,7.11653375157113,0.148865137999164,-204.904287992101,-87.4691053245209,6.08561429080529,4.48778912303258,-3.86771603739648,2.27618625487363,0.256864530037865,-136.090684018278,-168.117888968121,52.2783830616691,8.64353082883955,2.87394530187673,8.15175217918947,-0.0450467479583618,-235.221722364601,126.143949880232,-6.26852861040323,6.37037487195928,-5.50395772078882,-3.2075107820644,0.431702642398574,87.2745094174226,-205.487783225674,63.7131108945428
1.66880453963964,-1802528.89504022,7.9547512696734,-4.4374054433543,6.6020830571616,0.169318088865824,-187.9286861187,-117.023159601748,1.93294070821132,4.63633104380973,-4.43043604697352,1.36630962137853,0.477594530047289,-87.6856132343476,-189.641446978357,33.4399401650671,8.86737784078969,1.67171281878191,8.70837332817377,-0.0734741573130788,-243.330765178822,96.2993480641297,-4.82997858162054,6.50312406962354,-4.97899798967887,-4.18332423841266,0.720631854117967,119.992624600208,-182.559211294175,50.7744287249762
1.67369839459459,-1802391.23526698,7.9851517028001,-5.32955330131798,5.94630215555366,0.168194545081278,-167.106073828758,-143.790060753651,-2.35360843094049,4.7597470187628,-4.74457216973996,0.379771785090056,0.591263931688536,-37.769516427383,-199.313271924928,11.516540142716,9.12539040162553,0.440637650088505,9.11474565983077,-0.0933465337745672,-246.931797322447,66.4479580685634,-2.99504173671029,6.62244756020568,-4.30403147478674,-5.03310289500614,0.939446929648337,147.242569642723,-155.631528561302,36.3702324129959
1.67859224954955,-1802335.13743719,7.99888363868848,-6.10846618164188,5.16418244962509,0.14578200455642,-142.83831430178,-167.367200497379,-6.39665705973019,4.84881768481711,-4.80813121124735,-0.626823097870754,0.59275993147445,11.8897429930558,-198.111738703422,-10.6104834357457,9.40672874242197,-0.797605154442568,9.37285290885941,-0.103424574680182,-246.429778517659,37.2992403814828,-1.02722334418656,6.72603234556286,-3.50657229325163,-5.73963952402568,1.08433417824793,169.038880570479,-125.68050051144,21.4817828665679
1.6834861045045,-1802338.70405513,7.99531571542524,-6.75793644433577,4.27263015057987,0.104227974483976,-115.543498337277,-187.38343808667,-9.78818588389978,4.89501527427409,-4.6256747398094,-1.60134560194417,0.48515909733108,60.1189476249345,-186.724928993557,-31.4333006002627,9.70115322560644,-2.02366013508808,9.4877380636456,-0.103618767216433,-242.309370324484,9.37303435762908,0.876475599073052,6.81131921096381,-2.61364266908195,-6.28990790012054,1.15426475831402,185.488485203021,-93.4421967178517,6.53325992592434
1.68837995945946,-1802461.10689302,7.97437461803013,-7.26390116501465,3.29034806875839,0.0479001457174217,-85.6704108594382,-203.4876983476,-12.0158532524013,4.89068050860879,-4.206941734998,-2.49407238780632,0.278426925471822,105.771134058168,-165.488180889053,-48.8465337362898,9.99945496550712,-3.2206988576874,9.4665832524357,-0.0946598186894511,-235.070425696689,-16.9796207007243,2.57690006057418,6.87540312940728,-1.65168744122142,-6.6740614912042,1.14966677750717,196.683605120215,-59.4855440180088,-8.23120167643493
1.69327381441441,-1803009.71726992,7.93664223631202,-7.61464055293015,2.23775316710387,-0.0159305580400373,-53.7171757705491,-215.347554281982,-12.5032043665099,4.83046372197327,-3.56796339922772,-3.25622741083469,-0.00330624003181862,147.17031969893,-134.749131886847,-56.2024281765634,10.2936438775669,-4.37436439205497,9.31794185663836,-0.077849766610691,-225.186485701444,-41.5432741971024,3.97682740845623,6.91507954060404,-0.646806617879798,-6.88476334030063,1.07195274154967,202.654668255498,-24.2739787593656,-22.6231045193914
1.69816766936937,-1802569.24549591,7.88347752491445,-7.80107292272014,1.13687252593856,-0.0771318979476777,-20.2409448022144,-222.660221636762,-11.0557066631089,4.71583943452795,-2.7352385380087,-3.84156370667479,-0.283597356293812,181.791955588129,-95.6533104260535,-48.0442434400563,10.5769692811578,-5.47256371470185,9.05115051046467,-0.0548915446048889,-213.082675739086,-64.2032964948876,5.00850042007513,6.92695166586232,0.37485924133356,-6.91680127879786,0.923435732313255,203.347571419527,11.7784445580308,-36.4362993431593
1.70306152432432,-1802496.55188005,7.81705795431316,-7.8170500009523,0.0111509507362506,-0.126487624671126,14.1512414672895,-225.169059889296,-8.05741491582965,4.56179839659538,-1.75004384334642,-4.21276051509523,-0.483748674432381,207.124205861324,-49.9617903185033,-28.9991536066098,10.8438418924164,-6.50519114944584,8.67590889168948,-0.0277647624099398,-199.127280861334,-84.9152378094091,5.62883590742084,6.90759397650634,1.38666909631547,-6.76697889472032,0.707589748118074,198.615589439948,48.2469098617971,-49.3465780845902
1.70795537927928,-1802555.13592044,7.74026398207598,-7.65956050804724,-1.1148180729544,-0.157706047105974,48.8107932610022,-222.673982894228,-4.05938499600094,4.39166814484367,-0.66399647939546,-4.34118160985982,-0.57358889235991,221.235995852737,0.641022837041447,-5.45926081436155,11.0897082472978,-7.46383652331519,8.20199813237058,0.00139681446931947,-183.631696126388,-103.680348433066,5.82247750766127,6.85383272892321,2.36101513573304,-6.43433218017988,0.429969951467354,188.233789705254,84.6124479473532,-60.6321454760936
1.71284923423423,-1802763.87709127,7.65651525946023,-7.32894206834228,-2.21558887820603,-0.167081474631135,83.0410239029373,-215.039935688022,0.456438284348154,4.23168039022159,0.462316115180949,-4.20635028672481,-0.538341282575997,222.262877004419,54.2582931789762,19.9182701754731,11.3109101749494,-8.34150811070972,7.63910540735882,0.0304600126666729,-166.854767984748,-120.527226774962,5.6139093555266,6.76335151601899,3.26900699336801,-5.92085441524679,0.101268293357138,171.989672996984,120.098912849545,-67.8234351457382
1.71774308918919,-1802978.59537698,7.56960621571047,-6.82915026901787,-3.26521742983462,-0.153141664262493,116.086851830526,-202.214204353906,5.03645825775695,4.10593308938279,1.55863229064873,-3.79859867807006,-0.374406190605178,208.3661746995,108.107938598046,44.157770197409,11.5045475382055,-9.13238420316267,6.99672586462096,0.0575359080245854,-149.008986956188,-135.498566358748,5.06722229371998,6.63639368574893,4.08091186570288,-5.23334305168443,-0.248264399990029,150.035929472925,153.333502974709,-65.8252581236058
1.72263694414414,-1803667.29236549,7.48354826828696,-6.16807355003702,-4.23773092174508,-0.116716892053566,147.130033335858,-184.255667354214,9.16455452424081,4.03104471294098,2.54597786217595,-3.12527090074436,-0.0967635806019069,178.608090467276,157.818077660324,60.1681583998049,11.6683537741936,-9.8315979802716,6.28411974377134,0.0811322356038727,-130.267336408233,-148.641600511547,4.2617133185334,6.4805232156188,4.76936628809726,-4.3875193854997,-0.55698428787892,122.986179009091,182.692144720512,-55.3425562628363
1.7275307990991,-1803096.14664581,7.40242610393177,-5.35784993565929,-5.10777410337676,-0.0614961190200846,175.296678663163,-161.37521108991,12.162803453848,4.01464344819212,3.34471319532148,-2.22041790146681,0.227275393392871,135.034388949502,197.376332935908,56.0273113880628,11.8005907131584,-10.435057567245,5.51030985950549,0.100153041209919,-110.770230049106,-160.001197744055,3.27163550511065,6.30936010785062,5.3107736557938,-3.40642160447931,-0.801689962618392,91.539344959793,206.95824555384,-41.2357906060644
1.73242465405405,-1802671.5749301,7.33028112786889,-4.41510676340539,-5.85148303264418,0.00491114248491389,199.685424628124,-133.981839548193,13.182925938968,4.06291679455806,3.89632175167097,-1.15150757138528,0.463509533278721,82.9432519326225,221.873416070644,34.4656951256864,11.899964546136,-10.9393002807627,4.6841077663308,0.113848590654979,-90.6320767337071,-169.615015397609,2.16003446204939,6.13916320735967,5.68475973769519,-2.3179369299613,-0.969342193939564,56.3712255289815,225.210055359611,-24.9332825838422
1.73731850900901,-1802477.48737039,7.271020633677,-3.36099568937805,-6.44759249885869,0.0703331403695955,219.428043153416,-102.712834788202,11.7728643975764,4.1741460542361,4.17414571464771,-0.00168374076036759,0.571932344649734,28.0056569534716,229.975882755479,8.24709099592403,11.9655621174858,-11.3413783345821,3.8141597055294,0.121753385830413,-69.9472528473345,-177.510170929296,0.978620812777408,5.98682234645658,5.87448591108361,-1.1543210508832,-1.05102278845681,18.2715313429757,236.589006845907,-7.13740252844435
1.74221236396396,-1802387.07539756,7.22823381751291,-2.22082633187123,-6.87861138052621,0.122639786460678,233.777293164764,-68.4145574966475,8.3536239997978,4.33135277126346,4.17637832120569,1.1482512561695,0.545980443237962,-25.5842236085118,222.830120085072,-17.7080472728144,11.9968057725752,-11.638772809236,2.90900605703784,0.123634798782753,-48.7954722723638,-183.700954620871,-0.229220362190352,5.86767100126324,5.86747505112495,0.0479531384977656,-1.04071621922401,-21.7679088497019,240.288394734757,11.5634851706664
1.74710621891892,-1802393.38516942,7.20476736373805,-1.02322275773041,-7.13173807382517,0.153869380367574,242.180535845516,-32.0867099252129,3.73232543795883,4.50676463371396,3.91830347856259,2.22661746009035,0.39485187192159,-74.9379501280367,202.419709416928,-40.4531436778342,11.993425004275,-11.8293330573057,1.97715015932069,0.11946118220851,-27.246676262876,-188.187213849663,-1.42433134847724,5.7929588928707,5.65680682258659,1.24856289646436,-0.93538793675015,-62.4949919555956,235.627822270013,30.4983293873103
1.75200007387387,-1802617.53694795,7.20228317618226,0.200979026583932,-7.19947847977834,0.159963040840266,244.317702664542,5.17445776199632,-1.36731994865735,4.66998388084336,3.42699881992532,3.17244835033878,0.141449006459619,-117.912281146199,170.974490706198,-55.8135895837833,11.9554436230938,-11.9112395718648,1.0271339185412,0.109391485297981,-5.36564023135292,-190.953154394086,-2.56751306563999,5.76752964390301,5.24252513156899,2.4042313611979,-0.735732925350904,-102.375692675377,222.18208223439,48.7542388334153
1.75689392882883,-1802451.24731231,7.22098179142684,1.41995426891501,-7.0799934962052,0.140196180881,240.117978637105,42.2311297538086,-6.29072590382168,4.79562919881748,2.7391806671006,3.93636236715233,-0.163284023916243,-152.540560446164,131.26008166499,-55.467486141014,11.8831818455567,-11.8829894596192,0.0676186153798203,0.09378605155211,16.7834662060946,-191.96641405468,-3.61544446987361,5.78867121998183,4.63304989583282,3.47038371880826,-0.447845548415997,-139.610305825862,199.960865837978,64.7910789779563
1.76178778378378,-1802274.387841,7.25956097184076,2.60215881295498,-6.77716718224025,0.0970557818020494,229.762090334101,77.959846533497,-10.3602507697761,4.87152160904613,1.90159321546368,4.48504916698868,-0.413225854950521,-177.398540832796,86.4321667241008,-40.6997784625527,11.777273414199,-11.7434049098038,-0.892530222005598,0.0732370405992448,39.1323095980314,-191.177367069898,-4.51723616543115,5.84711635629762,3.84642207331037,4.40384001957768,-0.0878221355713417,-172.15351883207,169.714460060061,74.4561094379092
1.76668163873874,-1801995.33258198,7.31541814979764,3.71757517225602,-6.30039503087023,0.0365936731832387,213.670914060041,111.306111024434,-12.8023168383343,4.89675087028493,0.965195258772639,4.80068403439334,-0.57028180854177,-192.151375617809,38.8957137319427,-20.826052992446,11.6386985389798,-11.4916663636389,-1.84415505531916,0.0486136898977985,61.6031526017777,-188.518720106936,-5.21272837266452,5.93129554346704,2.91151470751212,5.16752831940887,0.296715545963095,-197.783081822321,133.566326753275,71.2959776821005
1.77157549369369,-1801915.62506729,7.38505024194522,4.73886795355539,-5.66410607199591,-0.0309673865812933,192.478708925886,141.337590044439,-12.9194937293527,4.87404701273772,-0.019920540714409,4.87400630430811,-0.62148638487498,-196.922541270763,-9.95414537313187,0.771987079330282,11.4688339644728,-11.127373383786,-2.77771742307496,0.0211097568725996,84.1029011418503,-183.905566538283,-5.63456044272645,6.03601948815108,1.86859125508716,5.73950328711043,0.625137641249663,-215.089567163238,94.4148288356853,58.0156662665232
1.77646934864865,-1801920.35391613,7.46452998328196,5.64236226151488,-4.88701913042584,-0.0926012641102881,166.978098796157,167.301352363028,-10.7597433064517,4.8071632085591,-1.00403015393499,4.70114258066202,-0.562561937748467,-191.586502877358,-59.086405687794,22.6224816031427,11.2695216057119,-10.6506373522204,-3.68321072070199,-0.00773191452946604,106.516247360209,-177.236174082926,-5.71642311558333,6.15882555976814,0.760619035879746,6.11167660776572,0.876872208628328,-224.074648014862,54.5058889011504,42.0532830132472
1.7813632036036,-1802031.46583804,7.54980800982555,6.40864894151696,-3.99109254836562,-0.13856481964581,138.036313613132,188.664460859375,-7.09086965773508,4.70027374551303,-1.93578556948799,4.28314224743017,-0.395261568843553,-175.629913131222,-107.321855256838,43.0686205602879,11.0431566501078,-10.062210910184,-4.55007916390422,-0.0360544742832338,128.697823311792,-168.393877934849,-5.41501080911245,6.29557155920596,-0.372155225061464,6.28456217612193,1.04567047138213,-225.411406238631,15.2678128618817,25.3661798516834
1.78625705855856,-1802475.79179002,7.6368134245904,7.0227253976462,-3.00037452183209,-0.163509960687639,106.520487281188,205.105363288957,-2.67924165407594,4.55864568886556,-2.76032928524721,3.62792402809364,-0.131875732145587,-148.393836288631,-152.749325050392,57.717719041293,10.792794163452,-9.36365911910251,-5.36714950005048,-0.0618820226205905,150.463262223888,-157.250617381656,-4.72419502422969,6.43992761275026,-1.49349502650656,6.26435473638454,1.13053400714516,-219.903513978804,-22.3478361107088,8.7424080116483
1.79115091351351,-1802487.77418765,7.72154400567136,7.47385381432884,-1.94003891547605,-0.165357236186569,73.256753708202,216.471861402747,1.90161756036822,4.39182344452896,-3.4197239323743,2.75564899692625,0.181915621569377,-110.130014922402,-191.980507009552,56.0520639119895,10.5222714929801,-8.55757828794507,-6.12258533772077,-0.0832964245255307,171.578859945647,-143.673098452682,-3.66700332078332,6.58390134380292,-2.5711903648495,6.06108381501485,1.13309455149862,-208.312128363555,-57.690295434641,-7.39260276787634
1.79604476846847,-1802323.85509462,7.80018520931998,7.75529293472822,-0.835655907804616,-0.144493785083957,39.0147145930483,222.737830518221,6.18730145093017,4.22254097242965,-3.86162943447123,1.70811895799812,0.428644906974308,-62.8206976680377,-220.812169925768,37.6606787874133,10.2363427616353,-7.64787051964604,-6.8038804845773,-0.0985520558284238,191.749919534595,-127.53307761878,-2.28676785428688,6.71857812360497,-3.57661631014212,5.68745178203813,1.0566079794664,-191.296835807706,-90.291617489049,-22.7512335238947
1.80093862342342,-1802354.5242136,7.86924869525905,7.86400096025932,0.287339389706155,-0.103484221677268,4.50752373746139,223.969350725716,9.72573574293316,4.08479262462276,-4.04793090905468,0.547527297668576,0.55852240944351,-9.49423417910144,-235.873997995728,12.2525107817682,9.94081551908093,-6.64007909259913,-7.39791611390857,-0.106164103068399,210.608853570253,-108.723609825699,-0.645304824615644,6.83479135424224,-4.48415872292656,5.15816764012436,0.905582216259671,-169.405598089891,-119.778883973997,-37.0757427553023
1.80583247837838,-1802460.52597403,7.9257217463794,7.80036817210283,1.40403759945254,-0.047236427654625,-29.5993838413932,220.302595250272,12.0009123280865,4.0097092082756,-3.95657177626224,-0.650621021959156,0.551170014791989,46.2944243226382,-235.021611240954,-15.4760666716159,9.64266915752289,-5.54178198394351,-7.89111658283429,-0.10500510407458,227.705344684582,-87.183252604775,1.1715865332766,6.92365941789406,-5.27067229104103,4.48966294229816,0.685850551913375,-143.093983551657,-145.804216973498,-50.0241032546678
1.81072633333333,-1802651.65078235,7.96722356495521,7.56800712184539,2.49036534220887,0.0165249016035969,-62.6780049497767,211.932790625945,12.4821761578211,4.01270686157846,-3.5849866658283,-1.80268881474097,0.403761742727351,100.266797595215,-217.364871235086,-41.6665188231779,9.35011953685944,-4.3630256457533,-8.26974863995632,-0.0944482377356335,242.502617165772,-62.9297954719364,3.04183414166687,6.97705664680459,-5.91509855844313,3.70012547038937,0.405341183712993,-112.779297145972,-167.982399926657,-60.8891263055904
1.81562018828829,-1803154.29989011,7.99215058914818,7.17358812260507,3.52336550571199,0.0775853339235864,-94.1381837689239,199.107719342302,11.058859020326,4.08681381930055,-2.95390380031009,-2.82426973431001,0.13450482656021,147.545661069763,-183.923137398415,-59.7783983848367,9.07257574700663,-3.11675581228579,-8.52041453755366,-0.0745867626579115,254.386027984218,-36.1034344037667,4.79109634570027,6.9882438853553,-6.39846526250075,2.80983894303158,0.0769592888574707,-78.9913483626683,-185.822222360353,-67.221731686282
1.82051404324324,-1802577.49256196,7.99971811108294,6.62662528415615,4.48144253563189,0.127113491806857,-123.440084752762,182.115375759369,8.17920561063967,4.20876463045193,-2.10953005513066,-3.64192018872512,-0.194022241121016,183.295516524599,-138.633889890531,-58.2775214071256,8.82041821827802,-1.81916536591112,-8.63078298399399,-0.0465372742786308,262.691992235528,-7.0155377951135,6.18147307347242,6.95340161754097,-6.70501204206981,1.84190324678584,-0.266876133149828,-42.7594480422512,-198.682899752944,-64.8978550457522
1.8254078981982,-1802068.04056651,7.98985804906992,5.93918727507744,5.34451926330568,0.159377390029983,-150.095582420923,161.26975360515,4.40587140168875,4.3572641536358,-1.12094863506409,-4.21060863321533,-0.448270387511047,204.732980174488,-87.3809402416749,-39.4425011392534,8.60452384924581,-0.489835889930502,-8.59056991550479,-0.0127720319231873,266.764802723244,23.8073384212942,6.92675905629643,6.87549539919511,-6.82605974292327,0.823009945502142,-0.572019261600052,-5.36851516154257,-206.050300347027,-55.2829339197841
1.83030175315315,-1801905.97858759,7.96310433348263,5.12566945994692,6.09414007168339,0.171172205823744,-173.652510339061,136.906463385599,0.190189809793544,4.51615794806111,-0.0622002533857871,-4.51572959114186,-0.58844725251355,212.108764715977,-34.9544260256936,-15.9125597929597,8.43549033861221,0.848482661321323,-8.39270959978105,0.0227303162843335,266.043065100082,55.6025664497492,6.7791486997607,6.76223140757185,-6.75869719368524,-0.218599756684427,-0.819705472347669,32.2425457222257,-207.71485224366,-42.7476815986089
1.83519560810811,-1801856.81497316,7.92051627569542,4.20266217168684,6.71358389716167,0.161279288127919,-193.677827782985,109.389628627458,-4.0846003967156,4.66854072011364,1.00013901209568,-4.56015289347226,-0.607395985440643,207.023122153804,15.940694071359,7.88119064292454,8.3225827084013,2.17059476107032,-8.0345442510073,0.0550194550744196,260.163919985946,87.3960795130529,5.68778908337592,6.62345246018274,-6.50363428570101,-1.25413857693445,-0.99949607758614,69.3895390431721,-203.564014471919,-28.4251575459699
1.84008946306306,-1801866.69827599,7.8636437899176,3.18889118211707,7.18803635795797,0.130326201856588,-209.747216580748,79.1276236387248,-8.02126531713666,4.79684640192834,2.00803096815225,-4.35632265042827,-0.509635346084305,190.992954206346,63.7306242154942,30.0001378243438,8.27254038638864,3.45012186118078,-7.51874880465052,0.0796082071180927,249.056994941202,118.083660043661,3.8308377302064,6.47019462194356,-6.06480180325352,-2.25423990140362,-1.10395704780737,105.40345562722,-193.46474365613,-12.7871442883288
1.84498331801802,-1801969.32872284,7.79453337827136,2.10519000587936,7.50486013354892,0.081066634956552,-221.444095083174,46.5958126203641,-11.12138970013,4.88438582010649,2.91006855415914,-3.92284665131732,-0.307394607197205,165.180711271219,107.221322674549,48.3952454428743,8.28853213890959,4.66116471048234,-6.85370765057069,0.0933278323764837,232.994577696119,146.556348617446,1.50498241072176,6.31399187922005,-5.44959972942881,-3.18878601349575,-1.12736752046943,139.52748475139,-177.261956420432,3.84387046835211
1.84987717297297,-1802427.2677918,7.7157750626122,0.974450231285327,7.65399448416161,0.0191123048552885,-228.37125891003,12.3635293170695,-12.7267481991913,4.91729493572102,3.65983808086444,-3.28410942368278,-0.0256828916555615,130.69492018745,145.029252326304,57.4015424085069,8.36960180661602,5.78006763814197,-6.05318531847605,0.0946580312253103,212.576134088339,171.838346579055,-0.9588337089522,6.16604242169442,-4.66952695573962,-4.02685946560794,-1.06551834312385,170.850620248824,-154.82051418196,21.1315709428454
1.85477102792793,-1801903.80098802,7.63058403978372,-0.178522583220936,7.62849542671962,-0.0462008470353609,-230.178361433038,-22.8846258127039,-12.2589291582452,4.88843151438795,4.21701775603364,-2.47255412805428,0.266620816887864,89.3170083927232,175.279997492805,51.1424623350169,8.51081193009778,6.78692605136574,-5.13532418478014,0.0837394952869617,188.648437030193,193.199264137772,-3.24409345868246,6.0361300501938,-3.74109352694057,-4.73699115531536,-0.916051811040975,198.260604817929,-126.105179346248,38.6107659441647
1.85966488288288,-1801784.36981734,7.54285357728295,-1.32733338304506,7.42514822603457,-0.103476986727164,-226.600497848084,-58.3558858752141,-9.77772689248713,4.80362279706735,4.55300816479167,-1.53130944875473,0.485741731694608,43.1789696348524,196.32726385757,33.6092787649792,8.70403634987494,7.6665520084439,-4.12119267709834,0.0622170966384857,162.186156686679,210.211787118148,-5.07649388182916,5.9314036658525,-2.68692090756032,-5.28791125907042,-0.679410683682199,220.423427439569,-91.3128768446276,55.4914655481523
1.86455873783784,-1801813.50851621,7.45699981538185,-2.44452756170177,7.04493656796748,-0.143978115960232,-217.492196888579,-93.1800780206988,-5.87785850499846,4.67662039990947,4.64880745238216,-0.50928148947858,0.602713604537656,-6.09204505402155,207.171962947598,11.7873766724872,8.93913025687597,8.40878761823253,-3.03320631359867,0.03297455646867,134.168785302279,222.747734676405,-6.24705640720054,5.85540703239501,-1.53685925254488,-5.65011992376163,-0.361137155559451,235.816917321501,-51.1017118866039,70.0290398036591
1.86945259279279,-1802080.75573368,7.37762520072441,-3.50225535193085,6.49334744582758,-0.162255571777149,-202.852770728206,-126.434664193195,-1.17589431709012,4.52447733953393,4.49208771425146,0.540410180721252,0.60361549841948,-57.1370992130189,206.835348835599,-12.0249509199756,9.20513678084473,9.00823986146669,-1.89371533033429,-0.000253467433519679,105.483487522219,230.926833053474,-6.64266882814242,5.80823966751303,-0.328751734345309,-5.79892837793646,0.0208797143543917,242.906220632915,-7.10026871682486,75.7446030449185
1.87434644774775,-1802036.00187019,7.30913423959141,-4.47305526898383,5.78058992603553,-0.155737059131133,-182.852082118304,-157.164857999864,3.76159293362605,4.36534003086538,4.07743646025197,1.55907199887741,0.4824640953379,-108.251091761356,194.050541604302,-35.9853592302956,9.49127161669841,9.46362249345472,-0.723937983063926,-0.0334521318127541,76.8671907730984,235.042439880435,-6.29310702491941,5.79027374482714,0.892202953784264,-5.72112261092988,0.396308874889734,240.763784850644,37.5372757116561,68.2758302689641
1.8792403027027,-1802408.04142525,7.25536314278897,-5.33077617311389,4.92169886582894,-0.124639642440888,-157.858334810529,-184.413822808398,8.33641338865687,4.21665224205646,3.40957679663789,2.48091559676427,0.243761906116523,-156.70135181371,167.539024869798,-56.3353058749605,9.78757308610764,9.77691176919767,0.456709068470062,-0.0631845376827138,48.8865316921085,235.486110208298,-5.36498717774407,5.80833220879962,2.07888611416113,-5.4235556208199,0.703638017044033,229.660759385474,79.538796331542,52.8837606458005
1.88413415765766,-1803287.5487106,7.2192784904137,-6.05163861708912,3.93645169795155,-0.0723729252445648,-128.462259677882,-207.268576190189,11.8193580784962,4.09438266156049,2.51042294211487,3.23446224757539,-0.0808889634117049,-197.950793263266,127.363252788845,-61.017974808987,10.0852329589271,9.9524878103758,1.63092311901905,-0.0871020035901948,21.9469709176821,232.684919230127,-4.06824544834426,5.8678253661338,3.188810547639,-4.92573464761446,0.925146481347738,210.742301267644,116.930542295782,35.1078004035493
1.88902801261261,-1802742.49949816,7.20280338139575,-6.61539876989271,2.84901310392705,-0.00644606165592569,-95.4879585170284,-224.922730538484,13.3196446586348,4.0176770124203,1.43006886400523,3.75454812465273,-0.366417841973347,-226.454114750416,76.7565327614867,-45.5218835253538,10.3766969336247,9.99638147837449,2.78355826077134,-0.103866992166156,-3.68099420221006,227.057535081987,-2.58224672884882,5.96857008432112,4.18630912683757,-4.25425019786208,1.05471602107953,185.413264393064,148.611955332036,16.6569208743361
1.89392186756757,-1802530.65998716,7.20680397051734,-7.0065182022594,1.68722439256671,0.0608235213417835,-59.969519135649,-236.753536723794,12.2789088988471,4.00957386382945,0.245881794610709,4.00202757519026,-0.536107798665243,-238.583385460297,21.0780626451394,-20.0867836090965,10.6556256455975,9.9156778683537,3.90149846983892,-0.112924470878683,-27.8303860668927,218.988537164612,-1.04134121583492,6.10427948494287,5.04294319156964,-3.4396150942941,1.0917156900911,155.080235948982,174.008242403408,-1.58011200003273
1.89881572252252,-1802408.37776698,7.23114110501116,-7.2150939612492,0.481477736689104,0.116343027332545,-23.0663538136843,-242.393802985517,9.08270640891137,4.07888695866719,-0.955764990597735,3.96532875110412,-0.567285678064311,-233.76732252233,-34.5646834955855,7.59891660958574,10.9167840570648,9.71807761770557,4.97344363241746,-0.114280404324506,-50.4084193711852,208.816665963235,0.458571792506113,6.2638237364652,5.73711148632739,-2.51416777382799,1.0389149010792,121.035386371608,192.88918063366,-19.015863200258
1.90370957747748,-1802354.43142146,7.27458222352952,-7.23718174039625,-0.736713637288462,0.151650585430897,14.0495929267548,-241.758399337991,4.62522254458485,4.21244721115189,-2.09179143061259,3.6563807402344,-0.460118632569385,-213.365828817769,-85.9805092018554,33.5463149139397,11.1559035429571,9.41159367464185,5.98966512947127,-0.108338752953622,-71.3722917345814,196.832113356318,1.84820760216648,6.43319585543781,6.25329705528572,-1.5107232879575,0.901557058088519,84.4142178628879,205.236288251003,-35.184804967226
1.90860343243243,-1802458.16104161,7.33474230980994,-7.07459803198166,-1.93610625669081,0.162595252778394,50.2757082850908,-235.018424946073,-0.326074671936256,4.38050378296603,-3.08942327877542,3.10552365908557,-0.231822528924914,-179.872731344275,-129.927478505462,53.5594638784188,11.3695427188652,9.00435470035975,6.94176476598063,-0.0957983283028407,-90.710553898645,183.27894979764,3.07427625867782,6.59743613535937,6.58125366495627,-0.46180489131796,0.687066851406938,46.2072535634695,211.143854462788,-49.5985836991691
1.91349728738739,-1802802.196447,7.40819910851289,-6.73442465754534,-3.08689788674919,0.148389838711535,84.6250371214566,-222.553703979081,-5.146083642365,4.5488553045563,-3.89051874405534,2.35710595517979,0.0754760062148031,-136.793609940658,-163.876081515953,58.2520203511032,11.5549606164617,8.5044881356554,7.82245462744767,-0.0775959903668437,-108.42938475238,168.36005115135,4.09192803868577,6.74218418335298,6.71536959092041,0.600715256670375,0.405571221096829,7.3223255972295,210.759603812272,-61.4390186650872
1.91839114234234,-1802301.53461228,7.49076695075566,-6.22834766076709,-4.16164329648162,0.111134416354744,116.250056297672,-204.903258769496,-9.25536239669691,4.69248823830056,-4.45735937818201,1.46676284392603,0.350697674586118,-88.4830183583542,-186.2574509653,45.974675602725,11.7100081162579,7.92006085283595,8.62536527749413,-0.054879047915983,-124.542754015302,152.242927977246,4.86091120508,6.85497568121666,6.65447692092856,1.64579114680476,0.0726766647560655,-31.2592295181954,204.296123452048,-68.11006495473
1.9232849972973,-1802028.59646386,7.57787041021146,-5.57192409456862,-5.13593047444415,0.0558362147445655,144.450909027778,-182.721472316505,-12.0320035043266,4.80088728583755,-4.77534892763888,0.494531445526781,0.535222762242053,-38.5473598710705,-197.040495286174,26.2584060536473,11.8330391687257,7.25906059550238,9.34488390722013,-0.0289868783160436,-139.065485018135,135.065574139188,5.34603512333046,6.92709047789179,6.40277729573846,2.64367649119086,-0.275529428450471,-68.1723077886703,192.21416230128,-65.6693548487058
1.92817885225225,-1801949.50530846,7.66495478447116,-4.78383857048931,-5.98885801964666,-0.00918561868852193,168.675292970662,-156.741831448497,-12.8386643741079,4.86895128502768,-4.84283297689271,-0.503642108935705,0.61328173512259,11.036665015784,-197.083292935465,4.63436294023882,11.9228410253914,6.5294060026546,9.97602101888601,-0.00141869668267841,-152.008391339809,116.941892213805,5.52183358221813,6.95729349097114,5.97275384304186,3.56793276981756,-0.584016883730993,-102.11355204838,175.228335315717,-56.0429953935222
1.93307270720721,-1801939.48121845,7.74786680101772,-3.885171164862,-6.70334878892912,-0.0725504289965136,188.519544376311,-127.738964219319,-11.5042294068294,4.89300783980208,-4.66498227748104,-1.47630148382787,0.581566391644441,59.1103960112358,-187.082218584413,-17.0211656033141,11.9785816082367,5.73897668210429,10.5143028293582,0.0262314575061377,-163.374834737786,97.9665093702611,5.38295505997929,6.94885106692369,5.38164177525466,4.39595984434803,-0.835959382385693,-132.420068093027,154.008151129687,-43.9156683195712
1.93796656216216,-1801995.68274589,7.82307401596778,-2.8986431267262,-7.26624766183986,-0.124227912756816,203.728607353405,-96.4787560324479,-8.54992796440727,4.8698337055095,-4.25172901678036,-2.37446429477984,0.443070079089449,104.67749354288,-167.331225903531,-37.2990743415336,11.9997717509641,4.89565765527674,10.9556861125886,0.0524108539171145,-173.158182934371,78.2189701441799,4.9511087301064,6.90658065883883,4.64855316211159,5.10801428111443,-1.0231735669267,-158.773184217208,129.053984846519,-30.4464301797868
1.94286041711712,-1802234.35636738,7.88764821613492,-1.84788509132795,-7.6681363492536,-0.158049708640586,214.175846531519,-63.6784216141067,-4.66852155863239,4.79702940363235,-3.61820734205225,-3.14961374286317,0.208575648229105,146.413426956954,-137.873319749863,-53.3680760212245,11.9862403198147,4.00739485276058,11.2964925308,0.0757425448072016,-181.339694579198,57.7675779853687,4.26574006214619,6.83593675634199,3.79390993308258,5.68649969281321,-1.14042368418356,-180.900415228189,100.75090155167,-16.0745942410799
1.94775427207207,-1802731.77907858,7.93919311108264,-0.756884661411008,-7.90303187798093,-0.17091312834314,219.826538542812,-29.9964568812976,-0.391160669048738,4.67516586772305,-2.78759474721081,-3.75319749227846,-0.0906106811227957,182.117566127719,-99.1811335794828,-56.2326594838024,11.9381224496683,3.08226070948476,11.5333618924423,0.0950682545385764,-187.886545354717,36.6732370754603,3.37112579589256,6.74260066820385,2.8395490098297,6.11552329663113,-1.1839195093375,-198.480095021856,69.4196001157538,-1.04548993104634
1.95264812702703,-1802465.45226506,7.97580081189263,0.350380294100169,-7.96810091806657,-0.161961315331074,220.706654126934,3.9588597624955,3.86916990069496,4.51450158310379,-1.79703168077505,-4.141425078658,-0.353750946608919,208.830804961883,-52.9444570371741,-42.9767779309228,11.8558615253198,2.12852939921341,11.6632249015546,0.109453802766127,-192.749941275959,14.9934904216908,2.31081140481019,6.63220573044415,1.80910898286402,6.38069569397075,-1.15087858349402,-211.097403757779,35.3664191819893,14.4400422685417
1.95754198198198,-1802465.54251162,7.99604700511727,1.45018187985833,-7.86344328035597,-0.13222142933619,216.883802787581,37.6135703469707,7.72901775241991,4.33935766239773,-0.69928669759198,-4.2826420626502,-0.520378460432023,223.911049011444,-1.52887606953042,-21.0822298668808,11.7402256235237,1.15476129672517,11.6832967966592,0.118176368586678,-195.863324950807,-7.21305518533706,1.12589228815971,6.51008511856206,0.72857497225191,6.46918748845103,-1.03951908665209,-218.219349630587,-1.05944425235243,30.1468655468174
1.96243583693694,-1802574.3534416,7.99902473889338,2.51921832197598,-7.59196521459687,-0.0846711378068746,208.460184397043,70.4097495917755,10.7509673046032,4.18015593201237,0.442078809339392,-4.15671383935331,-0.564573245277727,225.357812274333,52.5970978720978,4.50415092385081,11.5923394069256,0.169896149705345,11.5910943497012,0.120712725647724,-197.140728237626,-29.8816727629342,-0.143472655928964,6.38101731762732,-0.373084513441852,6.37010125144723,-0.84940992802585,-219.18554343965,-39.3902633499689,45.7081055653605
1.96732969189189,-1802792.96566682,7.98441782695507,3.53478372382876,-7.15934578443822,-0.024711756290158,195.576570943003,101.788321203301,12.3899568846401,4.06551343216684,1.55429142515135,-3.75667108392923,-0.475336951193515,211.552310454244,106.329835830444,30.7612210131598,11.4137328297108,-0.816645985651095,11.3844800690299,0.116741642027389,-196.475412895538,-52.9355174937757,-1.45434951261078,6.24902198585468,-1.46328046214459,6.07528485495134,-0.582438030998481,-213.231073474481,-78.9257380930549,60.3866757352269
1.97222354684685,-1803254.54780419,7.95261191419352,4.47498403140601,-6.57408200256385,0.0392284310395264,178.424239119557,131.179109566701,12.1619357482093,4.01379457474904,2.55760191388183,-3.09341548104887,-0.256961035146129,181.814976678892,155.44668378154,53.1629743965212,11.2064083780743,-1.79485797925004,11.0617391747635,0.106169230521617,-193.739087866378,-76.2783148716026,-2.75574082538361,6.11741968943769,-2.50539524818666,5.58084387051668,-0.245543170673581,-199.605086867252,-118.530270398633,72.1298723764626
1.9771174018018,-1804164.77749548,7.90480452955548,5.31902611502433,-5.8475546887712,0.0969076011919352,157.253337715566,158.008719892085,10.1069127049926,4.02778638146281,3.37244119194027,-2.20220424611383,0.0562927927716967,137.910103085738,194.60496048424,59.7515157135776,10.972928711926,-2.75403686431488,10.6216969203139,0.0891842337735525,-188.782220035594,-99.785329102463,-3.98207378806057,5.98989972312803,-3.45933133081712,4.88998215096501,0.138860692766146,-178.053351420152,-156.172462176461,73.5101252554587
1.98201125675676,-1803295.10347135,7.84298737125527,6.04751740856167,-4.993994803643,0.140297558089452,132.371612751398,181.717021933603,6.73124161172664,4.10049735141988,3.93670294473922,-1.14736587620647,0.340554121989647,85.1466386470635,219.042600860624,46.0119100286795,10.7165261342555,-3.68268017960598,10.0638858837388,0.0663484926410108,-181.436283719679,-123.292255466673,-5.04635993490456,5.87558549354494,-4.28592876238819,4.01911924875207,0.489558081881006,-149.431308376468,-189.071680570633,62.8368346905662
1.98690511171171,-1802975.90027149,7.76981489305035,6.64274224253831,-4.03038446943517,0.164220017309202,104.146116763149,201.761721188922,2.55599662581874,4.22392400000709,4.22390757841091,-0.0117782375075943,0.516411893058491,29.8566087206762,227.194445769371,22.48722030616,10.4412336398437,-4.56839970151167,9.38877436564712,0.0387206344245069,-171.519218412437,-146.581911115291,-5.83594523293135,5.79087088419238,-4.9536444145818,2.99926534525867,0.767229039671808,-115.301879701547,-215.015245461721,46.6513849074506
1.99179896666667,-1802837.93595192,7.68846153807247,7.08897857619316,-2.97637759175377,0.16585752434764,73.0161854900761,217.616155124782,-1.97049075776882,4.38202929690121,4.23526903194598,1.12457858148724,0.565426325051247,-23.5381141015561,220.418002605369,-2.67657642869048,10.1520332092133,-5.39787236373035,8.59806677258592,0.00798904031169734,-158.845802626231,-169.369173797377,-6.21740845150095,5.75110314909424,-5.43894755940365,1.86896679413486,0.956071930955512,-77.2948126905958,-232.851769509506,28.1571921574671
1.99669282162162,-1802796.26128242,7.60249021442086,7.37290409743907,-1.85422291818735,0.144515109731513,39.5141154408479,228.774442082129,-6.40337585888145,4.55136998542436,3.98852643739535,2.19240178854609,0.489646128771587,-72.4045903152879,200.891246116675,-26.2828642092745,9.85500856046154,-6.15685772777398,7.69508262767334,-0.0234534500905026,-143.244868893176,-191.285709364163,-6.06580773217439,5.76574058958805,-5.72659254148776,0.670747650163615,1.04880096124648,-37.0744450621904,-242.039641339402,8.73222526339084
2.00158667657658,-1802866.72798973,7.51573441428643,7.48411973060164,-0.688633170932488,0.101823765758825,4.28941366078649,234.769916916397,-10.2073060393426,4.70610815585069,3.5112231287931,3.13349104265399,0.302597682958501,-115.066158216009,170.721484056352,-45.7495258569619,9.55747425494254,-6.83032105266211,6.68520967894428,-0.0526690370100465,-124.584934332185,-211.867579873483,-5.3199854774107,5.83580293330327,-5.80969201002556,-0.551429619259154,1.04339418358942,3.72564591701882,-242.50434752751,-10.680137006026
2.00648053153153,-1803260.18978261,7.43219901902334,7.41579823404693,0.493476250976619,0.0424420493380872,-31.8688637761578,235.210481383631,-12.664439970395,4.82291268743357,2.83786485523526,3.89961662910962,0.0321508702019678,-150.120099284742,131.996829678931,-55.4411308332192,9.26803027089814,-7.40270707109583,5.57640682893851,-0.0766533048646096,-102.809369171596,-230.549867138496,-4.00197042155764,5.95366264576388,-5.68933608231757,-1.75429582511148,0.941999591186219,43.5892854328034,-234.554872654012,-29.2870226381444
2.01137438648649,-1802726.97455968,7.35598672191463,7.16543109284006,1.66347164290382,-0.0248206339451252,-68.0233941236298,229.831951684837,-12.9694232106346,4.88605045768731,2.01002213594568,4.4534593394433,-0.251813625373691,-176.134273795362,87.3588254142325,-49.7141638865922,8.99647435412312,-7.85841474437807,4.37971100755933,-0.0926887412256229,-77.9811750167658,-246.673795222571,-2.19829924771746,6.10493250591727,-5.37379915569752,-2.89697834579927,0.750523957207976,81.1775667862596,-218.794992985374,-46.3102271424327
2.01626824144144,-1802605.39689109,7.2912241737469,6.73556429281063,2.79179576782499,-0.0872521827682586,-103.120495386103,218.557580825291,-10.9162992877732,4.89309561795973,1.07652211728164,4.77320488325194,-0.464990768663954,-192.216551558559,39.4892183447962,-32.8983919337474,8.7534938614891,-8.18251882126348,3.1096688767128,-0.0986362973417843,-50.3339248942549,-259.513996451217,-0.0525058422999147,6.27151474439784,-4.87756041445497,-3.94224575496523,0.478897319761892,115.335314589283,-196.05084634954,-60.7269386629642
2.0211620963964,-1802655.01385971,7.24181583619673,6.13422613897903,3.84904745115673,-0.133983626822857,-136.068055570598,201.536032329492,-7.10066975533971,4.84914747922386,0.0878566203600903,4.84835152289126,-0.580797544711165,-198.183338279695,-9.81702314340622,-12.3369199183483,8.55006571041976,-8.36175399332062,1.78457104304716,-0.093213799648622,-20.3193228386792,-268.333501161015,2.23309039139934,6.43485373758783,-4.2204460098047,-4.85748680929467,0.143254570578333,145.025999978197,-167.391815500998,-70.1388760113227
2.02605595135135,-1802616.88633203,7.21097253300713,5.37488373710465,4.8071560911199,-0.158258880321656,-165.814589597006,179.148690962072,-2.29520142012615,4.76188381663884,-0.905311265515314,4.67503465181788,-0.588359967847437,-193.853952181412,-59.3453961006539,9.67627090611203,8.39654257085517,-8.38571204965028,0.426333865102646,-0.0763053934277908,11.3649810583732,-272.468844958786,4.39248625457106,6.57933774753399,-3.427300414673,-5.61616390997521,-0.222491440351335,169.182642166199,-134.441833752028,-69.2648486117296
2.03094980630631,-1802668.00040039,7.20075844734194,4.47608024300897,5.64053436077745,-0.156935641024119,-191.40712378088,151.999406723173,2.81700627917013,4.63995479114472,-1.85068290145403,4.25489756188472,-0.484034835650045,-178.713269229669,-107.848484367576,31.6208124722117,8.30150849830093,-8.24810418273689,-0.940117406540708,-0.0492889371029114,43.7873450480166,-271.436284648291,6.10325536819732,6.6975775076985,-2.52861958814271,-6.20190514681495,-0.549393915538963,187.078756681535,-99.1391899911974,-59.4189815177947
2.03584366126126,-1802932.28998283,7.21179951756921,3.46081249929585,6.32715015835164,-0.130088817529954,-212.040906435826,120.892231327395,7.58526500556707,4.49270797942683,-2.69244395781201,3.59654980814212,-0.27215184312532,-152.01580278711,-153.491623082364,50.7809549699183,8.27062361724279,-7.94783859917011,-2.28802898138026,-0.0152728397458176,75.8488741713101,-265.03502196517,7.03166161211828,6.78841115625149,-1.55651284785765,-6.60755580988718,-0.816681255529282,198.715142206459,-62.9025384624464,-46.7281893460517
2.04073751621622,-1803800.29185441,7.24322051518749,2.35567117865071,6.8494566740514,-0.0810829909684482,-227.103389375006,86.7969926309202,11.2976725838041,4.33138165163661,-3.37084092932513,2.71998133106108,0.0237747140491382,-113.559797240128,-193.16232497897,58.0100784796087,8.30576891257863,-7.48961544102378,-3.59046762619241,0.0210276790182714,106.403192215189,-253.412581458163,6.95075757055432,6.85235723676365,-0.541468166078118,-6.83093053143942,-1.01667580899948,204.446038429892,-26.5450798905674,-32.9076493990007
2.04563137117117,-1803343.41203748,7.29282703503273,1.1897786055458,7.19512008466084,-0.0171120916919132,-236.209512832164,50.8028886628448,13.1369117422029,4.17443235232987,-3.82804193021329,1.66492655835242,0.307948941670767,-65.2022402048024,-222.422604987166,46.8259865024774,8.40475884501031,-6.88380667701822,-4.82215479596189,0.0542347359597256,134.403152006561,-237.061741058605,5.89934201985215,6.89030570024504,0.487947536441277,-6.87300660879285,-1.14575774951929,204.619318890856,9.38639975434002,-18.5425528930528
2.05052522612613,-1803239.95179683,7.35748836511087,-0.00642394967092819,7.35748556067985,0.0502861264535809,-239.224429766783,14.0548681458417,12.535748827616,4.05329528676778,-4.02286333137315,0.495755281189423,0.492034579073912,-10.7091366669726,-237.316262026394,23.65252957458,8.5617017318547,-6.14558392095818,-5.96108503677846,0.0800210992167929,159.028442749493,-216.743916710837,4.15232688034589,6.9030618479392,1.50472502283045,-6.73706653389602,-1.20210133793001,199.495934309004,44.4683367079772,-3.91794664802827
2.05541908108108,-1803221.68509205,7.43356980104096,-1.20246569212204,7.33566876611926,0.108245396584247,-236.26174408606,-22.3391847825169,9.79488490076734,3.99835871122506,-3.93513329688302,-0.708236061911522,0.544474237416568,45.5797731848089,-235.752817110774,-3.50376364200008,8.76788466933652,-5.29352224952329,-6.98959396307026,0.0957580047631845,179.753692652146,-193.367407699981,2.04253445631334,6.89116581373373,2.48290687953132,-6.42832324171308,-1.18493721599957,189.235691933279,78.3202167692105,10.7771247491267
2.06031293603604,-1803248.0931232,7.51715705661683,-2.36904139053153,7.13409371285468,0.148234975461254,-227.642599555272,-57.3972081263622,5.76763252441462,4.02369920408446,-3.56706559952506,-1.86177288991831,0.456996942653911,99.1144508874713,-217.397572379336,-30.3655872758552,9.01292039964933,-4.34804699443671,-7.89475911377826,0.100446443779926,196.348476040604,-167.862969333775,-0.136306086672375,6.85482797836125,3.39708194216323,-5.95386436620391,-1.09433009043874,173.902969004093,110.546438882193,25.3683683687021
2.06520679099099,-1803402.32795918,7.60415869327832,-3.47889168767476,6.76169668485563,0.165921721828394,-213.830736603738,-90.2992807512333,1.18126111231578,4.11997751954725,-2.9439887880083,-2.88221178570488,0.240818364658016,145.399782174709,-183.739501965155,-52.0377180989195,9.28586296670578,-3.33003748911725,-8.66822365640802,0.0943949438964608,208.828373241439,-141.088187882402,-2.15664474856612,6.79393661769767,4.22193656957225,-5.32285885289115,-0.931253532312551,153.483774623372,140.683670467015,39.6303792190324
2.07010064594595,-1803816.33196085,7.69043635341334,-4.5073487565689,6.23110090534234,0.160047586584412,-195.374231108684,-120.381954223899,-3.41451757162978,4.26015242176557,-2.11306777777797,-3.69916790956987,-0.0633802383352835,180.439627723656,-138.435464358985,-57.8350582761876,9.57608919567825,-2.25976326202232,-9.30564099260228,0.0788799962942652,217.384438736324,-113.772296433737,-3.85299685396468,6.70815118848335,4.93191968839695,-4.54702766153376,-0.698026298248416,127.921264817372,168.143141894684,53.1660453124805
2.0749945009009,-1803108.93050909,7.77196953782765,-5.4326339987616,5.55787714261664,0.131776546112096,-172.865301192819,-147.11756653605,-7.55037276756568,4.41613634144054,-1.13959251077174,-4.26656642929473,-0.33753221810386,201.766535802286,-87.0044953681986,-45.1079160376568,9.8738731821637,-1.15619310175401,-9.80594662074539,0.0558649753568139,222.313308614133,-86.4972836018398,-5.1107266963,6.59716882250177,5.50114921774597,-3.64142743394431,-0.399593079187746,97.2016166217453,192.137556419688,65.019664584102
2.07988835585586,-1802995.17193117,7.84503705197847,-6.23600176849709,4.75992523998185,0.0845438589087553,-146.917470914191,-170.090365816241,-10.7430886852913,4.57020872733416,-0.0954024197551073,-4.56921286325185,-0.514459398711852,209.383751968335,-34.3918602593713,-24.0937063919338,10.1706797914749,-0.0366301758809904,-10.1706138286207,0.0277727293312651,223.96023238367,-59.7038746652135,-5.85999940177275,6.46146326397133,5.9039358546144,-2.62565209733688,-0.0478296524073963,61.6171917670717,211.578296840918,71.53788011228
2.08478221081081,-1802775.92312476,7.90640296849811,-6.90180870790351,3.85697348445423,0.0243456592591824,-118.156340593357,-188.975699348751,-12.4412295885808,4.70820090547335,0.954245008911607,-4.61048503188845,-0.578469282023198,204.786480326442,16.5942678397961,-1.4900063480077,10.4592485435991,1.08340922208269,-10.4029853673975,-0.00273501866091357,222.678617127549,-33.7106191185802,-6.07899589162656,6.30469736855257,6.11732113541669,-1.52564446553513,0.315785721935054,22.4125108047921,225.055452870968,67.5488836788015
2.08967606576577,-1802728.31284435,7.95349853084232,-7.41756517443066,2.87016824649434,-0.0398684369770529,-87.2161073065348,-203.527041928634,-12.2072315619171,4.81673101593208,1.95246238350931,-4.40327018485389,-0.529359462191929,189.450538838268,64.4304809319562,20.3669537546837,10.733543836907,2.1901559953945,-10.5077200198065,-0.0330172295850005,218.804479386797,-8.73737237709455,-5.80905282564581,6.13953005922244,6.12806096266232,-0.3750975686272,0.627659184380619,-18.5394922490925,231.375655145262,54.9336474581175
2.09456992072072,-1802773.99801354,7.98456061490293,-7.77396978096886,1.82170306516789,-0.0977266563599886,-54.7259591180432,-213.572421729273,-10.1658637278424,4.88323298481456,2.84875039729429,-3.96618022256888,-0.37479974447636,164.451139450633,108.032329882874,39.7359929202735,10.9886325464154,3.27145401595066,-10.4903590911685,-0.0608255469173716,212.64224271225,15.071743556188,-5.147562183634,5.98405124105442,5.93192621292576,0.788112085917489,0.865122196516229,-59.5997000402904,229.93521979965,38.7901573994965
2.09946377567568,-1803028.6902767,7.99861497878987,-7.96482476561109,0.734444029201608,-0.141527074255477,-21.2895392084484,-219.008462385639,-6.88718503894944,4.89695786862378,3.59697377801564,-3.32294688602515,-0.131999532989193,130.648395709577,146.195761300562,53.1032637789988,11.2205325991144,4.316578422517,-10.3570025842446,-0.0844928514213405,204.458471717431,37.6277375616164,-4.20724281058045,5.85717402517448,5.53206396225942,1.9242546293693,1.01556075837558,-99.2995495055798,220.505835073157,20.6189286814928
2.10435763063063,-1802992.01937711,7.9953561687591,-7.98686517305334,-0.368381558688504,-0.166598506749483,12.5193673647885,-219.784365698906,-2.9057320480935,4.85150527343331,4.15523435439006,-2.50422260956327,0.156232893313627,89.3778264185788,177.16883406437,52.42879750581,11.4260630473035,5.31603873312497,-10.1140817155523,-0.102897975023176,194.480888992554,58.87925433423,-3.08753670293314,5.77512821491865,4.93893071786997,2.99317043664906,1.07131148333116,-136.163271790331,203.155334449073,1.30926586933722
2.10925148558559,-1802803.70157952,7.97504571326614,-7.83963109196321,-1.46339962778745,-0.170584394736412,46.1437828443974,-215.886842831641,1.35898527723102,4.75113217866598,4.49075204220143,-1.55125854538145,0.392288442068907,42.6795676009707,199.029683044047,37.7939919348441,11.6027108246134,6.26138731244254,-9.7682100409023,-0.115368218450672,182.900563598758,78.7986517295603,-1.86803193339986,5.74812260568233,4.17043124435611,3.95580797386003,1.02865341706896,-168.716225550415,178.283963349752,-18.3461149288996
2.11414534054054,-1802791.63053191,7.93845383030038,-7.52542734460937,-2.52724998700491,-0.153008653977173,79.0252704559755,-207.334854868349,5.532882415084,4.61076120677836,4.58203003039976,-0.513925779122801,0.534172812662068,-7.49352581975963,210.354604671828,17.0607411692032,11.7485195102844,7.14504436911255,-9.3260951982567,-0.121578294357175,169.875700755139,97.3714097437568,-0.610382551688607,5.777912280658,3.25176846236582,4.77601007014658,0.88785033404216,-195.56527360952,146.661206308585,-37.493261633818
2.1190391954955,-1802865.09242234,7.88684495299365,-7.04937838740345,-3.53674817647094,-0.115255570585572,110.585617740906,-194.185422165532,9.20350463800771,4.45022014669194,4.41581678400384,0.552287501336833,0.562895853760939,-59.4752781300167,209.961733501781,-6.43508426108037,11.8620005266713,7.96014431999393,-8.79449594346473,-0.121472043967558,155.536031232128,114.58824961197,0.636533272267615,5.85729313742505,2.21477850826091,5.42242003694588,0.653720800730776,-215.504230684926,109.435567495161,-55.0621480949699
2.12393305045045,-1803060.702927,7.82200654554917,-6.41957116720031,-4.46910420866023,-0.0609736075970957,140.211536925427,-176.550738477338,11.8357042454931,4.2910135832486,3.9872772490996,1.58569155589501,0.469821970051264,-111.24328774643,196.525701265226,-30.5243076426687,11.942065209708,8.70040468143383,-8.180212702137,-0.115212961634499,139.987254579995,130.439275358512,1.83105021844656,5.97193454765006,1.09672615551656,5.87036574509819,0.337228853092462,-227.615843369476,68.1498759643008,-69.2341314111875
2.12882690540541,-1803621.02375251,7.74632129677705,-5.64726301814918,-5.30225556124432,0.00310147186935973,167.24713388461,-154.625869471007,12.7601035463763,4.15335714981279,3.30338390653953,2.51754451398909,0.257652777334252,-159.742451850244,168.869644590707,-51.5120896393896,11.9879757058058,9.36001686579388,-7.49010318987962,-0.103161541783092,123.315299750846,144.909533759504,2.93377046983698,6.10422740161254,-0.0613799254338472,6.10391879658889,-0.0386205133810991,-231.402296716758,24.9401915597005,-74.0858629722449
2.13372076036036,-1804394.20562798,7.66286810793479,-4.74709982835421,-6.0153629033703,0.066627427866667,191.004811805959,-128.717904161911,11.5935150031724,4.05376526951033,2.38985273059716,3.27438800180209,-0.0452989263426318,-200.273775146276,127.299037821531,-58.2334174719695,11.999312860998,9.93355767894229,-6.73111736454196,-0.0858752569361289,105.590357778333,157.975516927581,3.90359212901643,6.2396608680718,-1.21729681165101,6.1197676606952,-0.403629776629987,-227.102834132617,-17.344513849243,-67.0239089822911
2.13861461531532,-1803756.1014414,7.57544873884482,-3.7372149000896,-6.58943460286343,0.119036621901084,210.80009574763,-99.2574857929085,8.6242338957751,4.00747241908601,1.30064615507677,3.79053489220441,-0.324681397385443,-227.376868201364,75.4394625928831,-44.9804552112876,11.9759597699552,10.4159204435772,-5.91034802060381,-0.064125620492928,86.8707522442314,169.602257527525,4.6952069423477,6.37264828248244,-2.33240826676002,5.93047365809646,-0.70885960320401,-215.723924729576,-56.4159157762117,-53.7973598985621
2.14350847027027,-1803501.80205165,7.48839332009977,-2.63909887087791,-7.00793776129939,0.152869766824418,225.988729152285,-66.7974411072593,4.46663470353891,4.03045468500044,0.116084048583525,4.02878262773092,-0.495103478455508,-237.735087596655,19.098305770615,-20.7814394523854,11.9181002268795,10.8022652013846,-5.03509478926671,-0.0389231875126518,67.2067724065141,179.740776058524,5.2591132524896,6.50017534001925,-3.37453605894678,5.55560850293308,-0.941603375615609,-198.499825113578,-91.3140887290829,-38.8825964101971
2.14840232522523,-1803365.41723163,7.40624617863823,-1.47732760856675,-7.25740901393602,0.163702968936473,235.993377307066,-32.0169582475939,-0.307453235015559,4.12453369988006,-1.07670472088978,3.98151794991056,-0.532495791909297,-231.259314663142,-36.4416412390232,5.80459833437081,11.8262318254065,11.0879881676424,-4.11294026001856,-0.0115344879680321,46.6446183386866,188.325730491911,5.54546756030335,6.61918629242063,-4.31740651789579,5.01733277080563,-1.09768556730598,-176.501098882585,-121.685380244944,-23.4616690519809
2.15329618018018,-1803309.95543508,7.33342282932926,-0.279165097807255,-7.32810734377533,0.149795234474262,240.333872490012,4.27136451310177,-5.1543982029496,4.27226309793035,-2.1965090980479,3.66436621534068,-0.4370574951118,-209.723509243922,-87.1820917643784,30.6854701190496,11.7011937767485,11.2687113847715,-3.1518374843476,0.0165314880903816,25.2306138771753,195.273188772795,5.51363068603881,6.72604907856293,-5.13954704777263,4.33875470048364,-1.17622006613542,-150.585607685299,-147.401313980692,-8.03191767414466
2.15819003513514,-1803400.61063057,7.27387969739872,0.926011116333375,-7.214695368805,0.112158986906977,238.668606708664,41.1212218614072,-9.46595784992838,4.44343443421006,-3.173939813329,3.10969703226677,-0.225641090718801,-175.77340595589,-130.247574010173,49.8945262662617,11.5442095947623,11.3402943064141,-2.16020837229062,0.043601818892356,3.01583392705159,200.478498080189,5.14847501179008,6.81656080841513,-5.82326259474878,3.54331963099871,-1.17800474404743,-121.427340754817,-168.406302317974,7.12911851425891
2.16308389009009,-1803727.62976759,7.23084246878825,2.10752096927938,-6.91689512516125,0.0551356559749786,230.845850229091,77.4670650156551,-12.4718661664869,4.60592722114719,-3.9542431576068,2.36189047523895,0.0618877675508177,-132.751061928793,-163.484263634667,54.8580873147487,11.3569444168211,11.298869724042,-1.14705250354571,0.0680162382082825,-19.9384896094966,203.814235468079,4.46288679007341,6.88610356297374,-6.3538204553208,2.6546916773039,-1.10492888099283,-89.5602070240265,-184.640921672541,21.8192915214985
2.16797774504505,-1803220.63681174,7.20664360785286,3.23446961862428,-6.44002471864845,-0.0125596747578915,216.957662655289,112.162837324187,-13.2794492299065,4.736903153588,-4.50145043261693,1.47485439592011,0.322939782428686,-84.6410065148081,-185.532830267812,43.6519328331835,11.1415781019384,11.1409094103191,-0.122066017609827,0.0882306867930901,-43.5541300654032,205.128360268832,3.48616272367415,6.92983746854914,-6.71886466498905,1.6969104142733,-0.959811828832443,-55.425101031479,-195.997186385785,35.8349943088308
2.1728716,-1803085.97202472,7.20268564982371,4.27709759583227,-5.79526675191938,-0.077658836324086,197.373964872166,144.061530031149,-11.5601549074322,4.82730531454313,-4.80065322275488,0.506562172560828,0.498407095882653,-34.7690147159795,-196.303979531462,24.8442930241695,10.9008962161395,10.863328423388,0.90423109914261,0.102877865445024,-67.7269989816298,204.24303259819,2.25744750276319,6.94291631762354,-6.90807146563559,0.694719813446053,-0.746578937904521,-19.4231258317255,-202.290375510286,48.879969161061
2.17776545495496,-1803066.44702292,7.21938628310083,5.20820926734594,-4.99940941833696,-0.128161223832214,172.723696624103,172.128936910722,-7.91455066385612,4.8736525672866,-4.84914057977672,-0.488185399394516,0.571382712670381,14.972827910724,-196.46584130956,3.92306888985924,10.6383997386435,10.4636394205028,1.92036430837207,0.110805161820722,-92.3157860705287,200.954942621851,0.823854643781971,6.92077791170179,-6.9130959233063,-0.325993340829561,-0.471012137221833,18.008936957686,-203.246016439093,60.3319311562792
2.18265930990991,-1803144.09675803,7.25598547745053,6.0043345620733,-4.07397738281216,-0.156804342962647,143.830898751578,195.531438075701,-3.21939320996292,4.87413043302141,-4.65092494364764,-1.45809624053478,0.537637784781245,63.410370256003,-186.530977736849,-17.1658547466573,10.3584317232483,9.94017056268267,2.91378052536112,0.111116411882844,-117.127764438613,195.038444139773,-0.756134311854557,6.85968602280257,-6.72798209605873,-1.33774035094488,-0.143259626341728,56.2446555029887,-198.52746885491,68.1972065007906
2.18755316486486,-1803202.80895183,7.31045275684269,6.64651825486172,-3.04409503757995,-0.160355155931843,111.643277794075,213.66784799357,1.79835723388613,4.82757448656604,-4.21503687721669,-2.35349517676301,0.399724165203808,109.460422002821,-166.638025909962,-36.8549063867549,10.0663142838916,9.29236177611672,3.8707487497698,0.103243818702176,-141.901782809746,186.253386741207,-2.40436821813059,6.75815857334064,-6.35064936827641,-2.31126802937866,0.210959927786072,94.0708054708137,-187.934664138262,67.2855581983218
2.19244701981982,-1803464.65795561,7.37959718072044,7.12076734001404,-1.93729890287646,-0.138820770623786,77.1691216309144,226.169493891941,6.52025838150153,4.73389590992584,-3.55632072361942,-3.12447649963439,0.169088720913696,151.624509394064,-136.729170676437,-51.8520113184192,9.76848110530707,8.52115273458521,4.77631439277319,0.0870727297015378,-166.2892736927,174.360229771651,-4.01074645515732,6.62134348496536,-5.78727404135059,-3.2170869923275,0.529595955641489,129.870940677645,-171.604779780076,57.7191986129747
2.19734087477478,-1803782.30792936,7.45935531212672,7.41820947117086,-0.782400098660534,-0.0951525721168275,41.4260430258082,232.884804164113,10.338949806662,4.59649128380634,-2.69879178327605,-3.72078688352737,-0.118795947980384,187.434002245059,-97.3020683184914,-52.9804664882077,9.47257808119653,7.62946903918972,5.6143510474863,0.0631363541506032,-189.835652285986,159.145544797526,-5.41948720119418,6.46075615903047,-5.05193996149997,-4.02731582717942,0.788151913915819,162.354668524326,-149.85856542041,44.3874235400422
2.20223472972973,-1803610.76015029,7.54519411458973,7.53502777027213,0.391549138764671,-0.0354312725571656,5.40238257085101,233.856510163975,12.5864403478133,4.42928236199912,-1.68198070116883,-4.09749718281931,-0.360715943968381,213.718093585145,-50.1139597500042,-38.360016057664,9.18748727383005,6.62279621172535,6.36776984074845,0.0328778576895959,-211.96702428059,140.46072773927,-6.4223809270909,6.29080233398275,-4.16372735610733,-4.7156726465316,0.973470191041911,190.568466915915,-123.031949715232,28.831112545183
2.20712858468468,-1803657.91639197,7.63255658082467,7.47223329687937,1.55616500297921,0.0307118313613052,-29.97364156175,229.296383026076,12.6830144649823,4.25911610021909,-0.561610847424599,-4.22192648102741,-0.502396108557024,227.698628525433,2.36261450417334,-15.9443035310418,8.92320899357517,5.50979879638382,7.018958324879,-0.00108745512030582,-231.990519934291,118.27441126368,-6.77942735798658,6.1271242494537,-3.14625529234082,-5.25763532433174,1.07646303936765,213.585983989144,-91.5287414745174,11.7120534055267
2.21202243963964,-1803803.28934095,7.71725669312649,7.23529135465463,2.68451296902543,0.0913988720926571,-63.871794418623,219.553748672277,10.6993476457088,4.11709325587068,0.595005584085498,-4.07387103777757,-0.520158979278799,227.269877086993,57.3638809653126,9.63638447987999,8.69051966367415,4.30289101238245,7.55051395338525,-0.0349164158902699,-249.119374657561,92.7331611338719,-6.31391875022159,5.98497768375269,-2.0278675162159,-5.63096006127677,1.09059072509718,230.43613681498,-55.8977928858655,-6.46991076307447
2.2169162945946,-1804050.54247851,7.79565286853698,6.83351535269314,3.75170248970198,0.137705307818393,-95.5961555769627,205.070390995203,7.31474186361463,4.02961844531986,1.71108792344534,-3.64828767137429,-0.406032263758224,210.922188840961,111.329859639635,34.9738938781523,8.50032353485223,3.0186050498082,7.94628993621772,-0.0642266426225217,-262.532063892014,64.216450830288,-5.02002897822474,5.8772251204782,-0.841893924191022,-5.8166132531904,1.0117639317369,240.120388529727,-16.9172942567044,-25.1683424745258
2.22181014954955,-1804526.49585633,7.86462088177925,6.279329798885,4.73521687897746,0.164546290728803,-124.58794667168,186.333428824299,3.19728821995895,4.0097176214371,2.70422747249511,-2.96057244138122,-0.170420040497276,178.505911116114,159.572492634057,54.3554247636298,8.36266839797723,1.67757037346231,8.19267846168813,-0.0851167056725173,-271.464907953237,33.3668836684983,-3.05615176242285,5.81213583003332,0.373336369081373,-5.80013300384381,0.83890730035192,241.692601101373,24.3232909518826,-43.6507535812014
2.2267040045045,-1804627.12252584,7.92150950336646,5.58763588597634,5.61503677794497,0.169678190017982,-150.399570903952,163.844047253329,-1.15533103509068,4.05414083498439,3.49614703460647,-2.05256274503371,0.137521983878074,132.79502729285,196.624989439059,55.4982448974702,8.28553598223041,0.303955970275828,8.2799587729027,-0.0947881602467502,-275.324144232488,1.07724994664026,-0.67807801462757,5.79165732150529,1.57503208682271,-5.57338034367157,0.57525639592489,234.404444454583,66.3509520035155,-60.7393841453091
2.23159785945946,-1804123.28857981,7.96412730335894,4.77533408984548,6.37365735151075,0.152992980377897,-172.664932649139,138.104030088574,-5.33969307766667,4.15296697532539,4.0321777454236,-0.994322546990629,0.384562408477426,79.5908372407549,218.457888295462,38.0622954425834,8.27367366533484,-1.07567106886257,8.20345096115453,-0.091897485818793,-273.791341117422,-31.5767157013292,1.80636421996402,5.81111515121529,2.71738081362721,-5.13662348380866,0.231513458898828,217.955907414627,107.225519402038,-73.7865514781943
2.23649171441441,-1803926.69426084,7.990764150284,3.86098655948495,6.99607707883071,0.116281259241316,-191.075012884201,109.615632082629,-8.95726090958738,4.29408522010798,4.29205540701402,0.132016137920908,0.518144938303909,24.717230652237,224.42931916799,14.3092653563288,8.32781465444013,-2.43395744089839,7.96419161588941,-0.0767245180471101,-266.889762365264,-63.451722522511,4.07053312137884,5.86149148245128,3.75459116096898,-4.5011251496512,-0.162609118857053,193.080242969126,144.317088300254,-74.8952121306458
2.24138556936937,-1803689.48327791,8.00024734424328,2.86458396100347,7.46981367233704,0.0634203712820227,-205.361284848396,78.8908511337021,-11.5348153426156,4.45816817534679,4.27935005194597,1.24997064468928,0.527655062040715,-28.0207758396402,216.148443344472,-9.93613181080489,8.444557572298,-3.74456869251521,7.56893373592942,-0.0511921546050046,-254.987268294589,-93.4735857382626,5.80200588570986,5.93693520074694,4.64818324331846,-3.69345260080612,-0.517438662407629,161.854437444551,174.934649982965,-63.6304357247217
2.24627942432432,-1803605.85646516,7.9920335566323,1.80737371100099,7.78498559016774,0.000933105815159617,-215.288586907394,46.4660146603081,-12.5128259878588,4.62115423098745,4.01184764861762,2.29350057136563,0.41878362019586,-76.3102804443241,195.666036312549,-31.9100345968948,8.61694905196392,-4.98383012384428,7.02945575850679,-0.0187044591900115,-238.733248984079,-120.757564599718,6.74948675849984,6.03679312379906,5.37313553541449,-2.75177864982155,-0.798913476104269,126.667621088064,197.718583374737,-47.9421559504301
2.25117327927928,-1803672.54050046,7.96632844900977,0.711698091929525,7.93447381894012,-0.0617078885965657,-220.658724257164,12.9115557741223,-11.5795758200864,4.75883148743992,3.51624724750273,3.20663100781476,0.208554716071766,-118.542309353516,164.914044368372,-48.5927365093768,8.83555820865469,-6.131901182356,6.36135808993225,0.0163027129799938,-218.95080768089,-144.68196434072,6.79470384840053,6.15882569802384,5.9148594541991,-1.71626676705876,-0.99686022191193,89.3461940452146,212.615043151647,-30.972323820159
2.25606713423423,-1803937.01693503,7.92416357877114,-0.399213531570648,7.91410114790896,-0.114862652385704,-221.319667119188,-21.1760570893295,-9.00035553008365,4.85109203572994,2.82642455508245,3.94264101504936,-0.0671437448979082,-153.182015081595,125.974812746618,-52.498498944265,9.08969784616432,-7.17333820065317,5.58263611509959,0.0492425792939938,-196.517418059756,-164.90436273063,6.02931251199133,6.29774996265156,6.26659747586664,-0.625628218305075,-1.10863671430586,51.2583755050651,220.033490403586,-13.8287086570884
2.26096098918919,-1803542.54487715,7.86732469744861,-1.50149857926236,7.72271324804683,-0.151711443897402,-217.169673320839,-55.1854580760062,-5.32260043270872,4.88738104531841,1.98442709668678,4.46637913528094,-0.316430273370884,-178.762493012456,81.4234651443554,-41.790695976221,9.36848637870724,-8.09707536295355,4.71231446262595,0.0765958380999071,-172.264944127549,-181.328855975614,4.6977136237942,6.4456456751335,6.42744320924975,0.484068136977103,-1.13514730848281,13.4259920541113,220.527673375017,2.92407161731366
2.26585484414414,-1803428.47482432,7.79822121416429,-2.57091026477904,7.3622465671489,-0.168088656712791,-208.158222433801,-88.4853293755749,-1.02900693983311,4.86898046486993,1.0387996249579,4.75687566649291,-0.485050704660118,-194.480532603451,33.5774922495362,-23.728473764362,9.66160323747157,-8.89598764192866,3.76934755534345,0.0962197155319358,-146.917040146839,-194.044628127436,3.0552013916457,6.59289502733781,6.40085739640775,1.57964851544509,-1.07939599813272,-23.3815624930443,214.658016288571,18.9253591785193
2.2707486990991,-1803405.16723902,7.71976662857285,-3.58308080360037,6.83785995429108,-0.162001513295733,-194.294233832056,-120.411250226575,3.4571466413023,4.80231751129879,0.0396217706522757,4.8021540577763,-0.553715011014504,-200.04278496831,-16.0586477021635,-2.94568918405397,9.95973449646676,-9.56624576442194,2.77186818135159,0.107147852016364,-121.06426801771,-203.259027143773,1.30617859254202,6.72914059377661,6.19362758431931,2.63064829986281,-0.945893716697621,-58.5630663057147,202.929729602021,33.8835563406659
2.27564255405405,-1803445.99739446,7.63527867753256,-4.5138526030996,6.15813406488315,-0.133517190299768,-175.665542646089,-150.254803937403,7.69024660164331,4.69580697599876,-0.961628224725206,4.59628918947127,-0.514507596500658,-194.996741184472,-66.2819418006572,18.6802817009194,10.2547697356356,-10.1066303221058,1.73675728390572,0.109281501457356,-95.1659005416776,-209.240850962172,-0.402013508617942,6.84407421280398,5.8152267333506,3.6089458114653,-0.740560434726064,-91.6086088557483,185.774269186441,47.4652343805779
2.28053640900901,-1803605.0226933,7.54839958110887,-5.33973623006126,5.33531191491705,-0.0850990472793002,-152.469946950968,-177.260680049147,11.1070458085465,4.55889369571397,-1.91034564119245,4.13933463976973,-0.36691219400531,-178.556206474131,-115.631487910802,39.2123900336562,10.5398285656316,-10.5179047698387,0.67945967172987,0.103127716930185,-69.5661070548989,-212.279221431351,-1.96636615625983,6.92806595913362,5.27754149576183,4.48839099172723,-0.471241372891842,-122.023496498316,163.568745031755,59.0721129218015
2.28543026396396,-1804133.56341183,7.46303963009286,-6.03855207260927,4.38552726439168,-0.0224467322143032,-125.055852283954,-200.638188709948,12.9546185296768,4.40232640117679,-2.74719028946651,3.43997431036325,-0.122383696164096,-149.900743201801,-161.745364167304,53.900904848672,10.8091869397896,-10.8022913926548,-0.386034930407793,0.0896178398947577,-44.5154371923502,-212.657151161894,-3.31329398695311,6.97281344953123,4.59499176836744,5.24463326178285,-0.149839305508049,-149.231179814952,136.728687254501,66.9236404724114
2.29032411891892,-1804143.20029462,7.38334342017336,-6.5902947529008,3.32893002781757,0.044447138017468,-93.9616574211156,-219.596887763197,12.543628432114,4.24070420406455,-3.40935307321045,2.52188099809669,0.17209685448141,-109.386808236164,-200.665484538097,52.128855484239,11.0581552902337,-10.9630591417622,-1.44711183988907,0.0699947770606536,-20.1922684336363,-210.636505809057,-4.38739097930426,6.97258396247862,3.78522969761231,5.85567786427224,0.197995031832272,-172.409482776545,106.032035562681,66.364519481413
2.29521797387387,-1803937.15054304,7.31361768159216,-6.97816864682043,2.18955838675971,0.102989552106836,-59.9229039557071,-233.413003547582,9.91938579501859,4.09977244545209,-3.84105837182815,1.43331946498229,0.398904858678294,-59.5075125507759,-227.725444085338,33.5996642628001,11.2829422206673,-11.0042140769911,-2.49239998849836,0.0457439301017151,3.27831742302691,-206.450829260728,-5.14579647210134,6.92780552276441,2.87089694060199,6.30495361740966,0.513805889306081,-190.719429164474,72.6089620404259,57.7530029071726
2.30011182882883,-1803919.28667507,7.25802172682618,-7.18952379245787,0.994799992341748,0.143640995967654,-23.8387905390659,-241.50211078206,5.77681785327383,4.01189323776173,-4.00442819871821,0.244626557243314,0.508093497109411,-4.13546448276698,-239.481970335459,8.30167170716924,11.4805230142777,-10.9302759675319,-3.51162013249635,0.0185368123396401,25.8090633041133,-200.303119524163,-5.55881468958743,6.84446347118695,1.87803540596756,6.5817674846765,0.775525060903998,-203.69768694494,37.4003540873098,45.8409601725811
2.30500568378378,-1803958.08855897,7.22007769416985,-7.21655655221109,-0.225462721060883,0.160757730639575,13.2706650059506,-243.469021147322,0.841936312231502,3.99970168141182,-3.88241301665582,-0.9615002383723,0.481921575749986,52.3294117497749,-234.309243699503,-18.5212290386045,11.6485222496398,-10.74612344395,-4.49543118373999,-0.00984421679415921,47.3384091773024,-192.366433330783,-5.61589609997014,6.73081654832812,0.833920071152596,6.67895715828276,0.972215491031892,-211.119924979287,1.04214738221787,32.0965146152723
2.30989953873874,-1804067.96171114,7.2022185487805,-7.05681714239837,-1.43989021913147,0.152060359089969,50.305604786573,-239.139744978417,-4.23367765355868,4.06470829702659,-3.48113408122047,-2.09846587975172,0.322881206723365,105.176678623185,-212.370540991327,-42.4650176249971,11.7851137001526,-10.4568918757589,-5.43528446580418,-0.0376221486600613,67.8212428365111,-182.785886562977,-5.33746833544479,6.59631113900938,-0.23316384382531,6.59218895849867,1.09649020705672,-212.760694924824,-35.9030705522554,17.0519161719533
2.31479339369369,-1804461.49405247,7.20548722680157,-6.71350050434536,-2.61686017084505,0.118420954103988,86.1340292968295,-228.584073019495,-8.79305717699142,4.18700990851784,-2.83064623042397,-3.08520564828557,0.057271399500015,149.775225907549,-175.900690530383,-55.9272975904435,11.8889372639523,-10.0679110155849,-6.32329004936977,-0.0632189001486071,87.2218130566117,-171.681213171052,-4.77181633414688,6.45097636849299,-1.29368687809565,6.3199264527602,1.14273465275143,-208.341059445283,-72.8382042340469,1.01998514439734
2.31968724864865,-1803631.35624141,7.2294539557696,-6.19547684943007,-3.72573094932642,0.0641297873200548,119.647369679088,-212.126705316307,-12.0819316709053,4.33749924955144,-1.98338182214498,-3.85747278505555,-0.23639176918107,182.280573811078,-129.504891053238,-50.6235692515188,11.9590324249903,-9.58467374519281,-7.1520965975147,-0.0853403120015301,105.50799912166,-159.149558854815,-3.97637170480369,6.30481948021262,-2.31657443827814,5.8638069161582,1.10669005850069,-197.532735820238,-109.055929818543,-15.7140409944178
2.3245811036036,-1803292.57969605,7.27237474186813,-5.51702680755447,-4.73812722400812,-0.00239836260506505,149.822252572978,-190.34221567675,-13.25653196842,4.49470493558715,-1.00784049231319,-4.38025455881795,-0.448964293015173,201.092626758838,-78.5472552502829,-31.6050538525289,11.9947886504101,-9.01283102436827,-7.91478563791792,-0.102982617196644,122.646463220573,-145.268399093117,-3.00652499739958,6.16706858357069,-3.26901423629803,5.22936715457477,0.985594242807248,-179.997175317407,-143.669819512938,-32.7872178478294
2.32947495855856,-1803184.18877738,7.33154573561182,-4.69725432370029,-5.62915310609392,-0.0684355323641448,175.790409480795,-164.021110536171,-11.9502982550114,4.64302704106167,0.027544445443398,-4.64294533755838,-0.552442307706359,206.924416419389,-26.8204689225281,-9.34631093156409,11.9959121600533,-8.35820911298708,-8.60478058844587,-0.115405561975526,138.598481627432,-130.098500869745,-1.91147224090216,6.04526626164383,-4.11654619145221,4.42710872102883,0.7788178800224,-155.468957127651,-175.54813969812,-49.6176815918014
2.33436881351351,-1803180.49538972,7.40366148695327,-3.75912271274652,-6.37833832936983,-0.121901345155179,196.906601993074,-134.090614200832,-8.70210477870801,4.7680972237781,1.0614036718807,-4.64845924804323,-0.542427402330814,201.144102703402,23.544138532549,12.8212156058373,11.9624082731252,-7.62684620809396,-9.21577064661537,-0.122097339605666,153.316242092282,-113.686922835012,-0.734240666532895,5.94440919520355,-4.82370380757454,3.47388575759357,0.489417426889234,-123.919270156483,-203.256388300043,-65.0277039172216
2.33926266846847,-1803327.29564808,7.48496742430322,-2.72818830376955,-6.97005924810223,-0.155456580151225,212.772518113135,-101.518997869398,-4.3808189797357,4.85629002901623,2.03898547247742,-4.40750395223289,-0.424230151647986,184.877920200912,71.1872828308874,33.0898444702702,11.8945787441985,-6.82504669206426,-9.74164981679599,-0.122747968640855,166.73940489105,-96.0701276252655,0.485784695097959,5.86666720306375,-5.35573889301704,2.3945448380284,0.128540840850184,-85.918916169172,-225.028390801398,-75.4790226894955
2.34415652342342,-1803361.71802807,7.57137495758208,-1.63139753161518,-7.39352830806381,-0.165709534952536,223.207446178498,-67.2487399300084,0.326159483457417,4.8954955826268,2.91018287388982,-3.93658641973435,-0.211528957628112,158.942937751464,114.875045211412,48.8698489264408,11.7930339961571,-5.95945215918345,-10.176471922868,-0.117239492654686,178.791752822366,-77.2773629074469,1.70908600482269,5.8131294486215,-5.68289296926626,1.22360184957959,-0.265372800005721,-43.5107112766644,-238.908285340502,-73.3192157186983
2.34905037837838,-1803690.33956203,7.65863226705193,-0.49611384198457,-7.64254664740231,-0.152194985316651,228.201930121467,-32.1621831255421,4.88362335951806,4.87697331325272,3.62841484999206,-3.25875350011877,0.0644683376164222,124.29078867883,152.950249564765,52.6715436580115,11.6587207965661,-5.0371291638406,-10.5144234458705,-0.105657108592628,189.377806719463,-57.3345529540275,2.89157104903997,5.79084858168273,-5.79084600578369,0.00546198462337988,-0.604651316336799,0.160964685009418,-243.648489294886,-59.6889714339492
2.35394423333333,-1803359.22465373,7.74253513775135,0.650621769599488,-7.71515013931923,-0.116873301357356,227.875394287427,2.93122720512383,8.80755221662602,4.8002308157032,4.15309076067812,-2.4070839240867,0.315186478952002,82.5560694799476,183.304593049527,41.867132691843,11.4929665918931,-4.06567409198882,-10.7498174524083,-0.0883237821642863,198.379362663047,-36.2690322924561,3.97978784769194,5.80930851878748,-5.68128332241616,-1.21288304336927,-0.862262514345213,42.4631659229076,-239.281702883807,-42.3584030594268
2.35883808828829,-1803290.14635611,7.81915234429713,1.7826401008897,-7.61323437535108,-0.0641194631503905,222.443939229868,37.2942106736576,11.5762790393195,4.6765949394493,4.45397554479153,-1.4257075696235,0.483139664534852,35.5704587476782,204.151755667268,22.970915447301,11.2975422921138,-3.05333553721014,-10.877113768795,-0.0658592301157086,205.65202804105,-14.1155446496208,4.90653016194226,5.87330575743387,-5.36621434655461,-2.38735504421469,-1.02823534693107,81.641169697086,-226.607337138011,-23.7390849125762
2.36373194324324,-1803317.14243324,7.88504885706972,2.87506116189817,-7.34220803258265,-0.00111051096416109,212.199476026178,70.2549585703187,12.6206805269086,4.52359085909939,4.5087953481549,-0.365566367414026,0.544895633425012,-15.1639205103992,214.146649877838,0.613814183070772,11.0747455827776,-2.00915381157832,-10.8909728989045,-0.0392584805448636,211.022017203668,9.07599529493207,5.58882127587355,5.980812124435,-4.8648716254453,-3.47895641474938,-1.09965336347098,116.481639408207,-206.72600074484,-4.95644691168253
2.3686257981982,-1803432.74833752,7.93748938020015,3.90463486115148,-6.91068478964789,0.0620873421186951,197.495373116159,101.205808796743,11.6775492661323,4.36146865453151,4.30233633968754,0.715758929154879,0.48927780636556,-68.0229933759242,211.817919986497,-22.9653753086623,10.8275064180371,-0.943115365173462,-10.7863538158457,-0.00997101735697305,214.283733732035,33.2304724014008,5.93199621701034,6.12334385883595,-4.20139795247254,-4.4546150516631,-1.07779981604789,146.182609712014,-180.830941742421,13.2700290662585
2.37351965315315,-1803728.48905574,7.97454969162608,4.85001489305976,-6.33014994461523,0.115664981697162,178.726764694191,129.614608289052,9.09978371677681,4.21064898475025,3.82856541439566,1.75261283245094,0.315241880338389,-120.590728075354,195.543515890808,-44.8275256677678,10.559514425981,0.133683525742021,-10.5586681748905,0.0200614816252397,215.199011339197,58.234906393449,5.84745694398032,6.28775785538249,-3.40304552832517,-5.28726583217359,-0.966953072808391,170.252440437375,-150.08911473151,30.3928630604375
2.37841350810811,-1804540.89543391,7.99504840831601,5.69190250809338,-5.61453870675737,0.153085179286463,156.307435716579,155.028279374322,5.49834175369828,4.08939491527945,3.096429058934,2.67119408806296,0.0410025496878819,-168.851892906448,164.371219772404,-56.9728241187962,10.2753633090955,1.20887474821851,-10.2040047519112,0.0485035520828302,213.49925716548,83.9231404307782,5.28750167016222,6.45851554890561,-2.49887354809879,-5.95550619897819,-0.773871185443518,188.413052620672,-115.5860404734,45.8998013787758
2.38330736306306,-1803954.37897788,7.99842757742694,6.41308925022555,-4.77986715087201,0.170648399234145,130.657715311799,177.055617728012,1.37042201780404,4.01432717525258,2.14004648533118,3.39632503017498,-0.254486360849573,-207.047194792862,119.99759402479,-49.667897965308,9.98069849120065,2.26867609739682,-9.71943677058271,0.0729364983268619,208.892175763381,110.057890585633,4.25762318992176,6.61974157262861,-1.51891500211845,-6.44312623690759,-0.507955059020632,200.515867732318,-78.332858301398,59.0890132529882
2.38820121801802,-1803734.69064543,7.98466776111039,6.99847966121138,-3.84398252947725,0.166789399464504,102.206139431313,195.345482441985,-2.88856265243138,4.00481527435596,1.02595711100538,3.87117002831086,-0.455676429965198,-230.211954883963,67.0694503678472,-27.3018551922095,9.6823459930242,3.29779650585232,-9.10342584605488,0.0910797839820477,201.075520583769,136.310384225059,2.80308702812471,6.75689637278925,-0.493714870775611,-6.73883478199218,-0.182981052913636,206.488978721919,-39.3646033284708,68.2379137072621
2.39309507297297,-1803602.39269471,7.95424866006241,7.43515064453868,-2.82641232645216,0.141762772709831,71.4007092770629,209.571026845731,-6.90476710785829,4.07024760508013,-0.162073063508449,4.06701953385345,-0.527504912771668,-236.48198600026,10.9633086988915,-0.887621787042026,9.38838816241804,4.27943130323451,-8.35633292833213,0.100967368608109,189.761144552713,162.239477620685,1.00378761419043,6.85853800313421,0.545974785100741,-6.8367722701923,0.174424078051989,206.379710748473,-0.075244494471221,68.4364194706069
2.39798892792793,-1803500.9831183,7.90815451473981,7.71248675398201,-1.74827226101994,0.0977417283859206,38.726973824478,219.422705026934,-10.241882980875,4.19992224968901,-1.33886274899722,3.98080311529978,-0.464552647835618,-226.461170652138,-43.6957902196865,24.8067174090141,9.10813315939597,5.19540795137945,-7.48103106984803,0.101117660123952,174.71264280569,187.274858849682,-1.02197734735285,6.92005738556555,1.57008223670912,-6.73958722693689,0.501383141792433,200.513218296433,37.9302916448504,60.0268690071198
2.40288278288288,-1803556.37265195,7.84792449431112,7.82242038278346,-0.632185276182821,0.0393439429010809,4.73061823449761,224.611985414615,-12.3272558338858,4.36647986629046,-2.42668477002983,3.63006163165658,-0.279437738681527,-202.113438314132,-93.2612939957203,45.913691759797,8.85190736397223,6.02655773129141,-6.4835843398353,0.0907475951345805,155.798195165795,210.712203905403,-3.10550805008211,6.943130217492,2.55110696806507,-6.4574693537438,0.774692768123187,189.422572277932,73.5914052205328,48.3466662810979
2.40777663783784,-1803967.00321594,7.77574682205199,7.75979293632698,0.497847593126203,-0.0255308299529376,-29.9611760347853,224.887946759442,-12.5376435850396,4.53663356168804,-3.35999713213855,3.04819017534257,-0.00541573023764896,-166.308300737527,-134.839600521999,55.0621812123865,8.63059519695466,6.7533899030374,-5.373909030794,0.070062579623131,133.055706233822,231.731139620836,-5.0138968232168,6.9314876633495,3.46430795948845,-6.00367317473156,0.984849804603412,173.602222657734,106.422119263563,35.1670679101652
2.41267049279279,-1803305.68144946,7.69456624367713,7.52280862243561,1.6166941914116,-0.0860324929493149,-64.6370715428848,220.064301122736,-10.7246399673857,4.68318251875403,-4.0897677774051,2.2816656264366,0.271184073442337,-122.853095492695,-166.192887064794,47.4297811787998,8.45487837449137,7.35711479362963,-4.16627294362695,0.0406086269024125,106.759365115061,249.447153805827,-6.4490954237589,6.8896010377127,4.28712919464241,-5.39324816110816,1.12636344722484,153.433677949257,136.087361534705,21.064232955736
2.41756434774775,-1803131.45097207,7.60806330379498,7.11342222089813,2.69849060435356,-0.132777229626794,-98.5232090946528,210.044617010223,-7.34795957685714,4.79336107660195,-4.5885280870655,1.38626130469464,0.468882081550349,-75.4036739799282,-186.4368677136,29.4472735636223,8.3342032630271,7.82098355418801,-2.87943749273573,0.00557162538554194,77.4667952890133,263.002625026767,-7.08997262149912,6.82217245275752,4.99864473898102,-4.64279955938451,1.19549213416077,129.202056277436,162.258130861245,6.31955963522504
2.4224582027027,-1803089.67247647,7.52044143466804,6.53757653148908,3.71714036151383,-0.159512088717886,-130.803052821047,194.840807885056,-2.9982717937114,4.86174649120922,-4.84380451720438,0.417296949300593,0.565656809078561,-26.2895281792655,-195.926457428278,8.6836980945291,8.27562351363653,8.13178274651976,-1.53624669335928,-0.0302910993125787,46.0195432773093,271.687365182645,-6.72785783794197,6.73385777457421,5.57914975741677,-3.77066685249571,1.18955904357709,101.128898706196,184.545434476898,-8.86945995584632
2.42735205765766,-1803093.81794336,7.43614416734178,5.80539169268766,4.64689868320412,-0.162759947563908,-160.626438168149,174.593768979201,1.792810491256,4.88514497746604,-4.85142336885815,-0.573003269588146,0.55571906249564,23.112137054718,-195.150288349762,-12.5053832875592,8.28277443954967,8.2811789869611,-0.16256384090928,-0.0617069529938777,13.4768998461116,275.058557097186,-5.418395983384,6.62906053986244,6.00993372604298,-2.79734521461552,1.10679753460231,69.4131760613204,202.457704491229,-24.3038480110621
2.43224591261261,-1803146.96970436,7.35955578234852,4.93131214980759,5.46307805130584,-0.141583983805326,-187.12384130555,149.600720314661,6.49454674184767,4.86113501766622,-4.6126831466572,-1.53420593419703,0.440602976202968,71.7258350401649,-184.265376714946,-32.6254550919364,8.35526759967194,8.26655174498087,1.21433887761258,-0.0844750591464188,-19.0085215685047,273.017974445542,-3.43663225952454,6.51175019642209,6.27328151802998,-1.74608980758342,0.946520563466467,34.2863720238092,215.367812463331,-39.707978307875
2.43713976756757,-1803347.89500036,7.29471416549017,3.93415327963216,6.14290588635073,-0.0978144801454315,-209.435087355406,120.346091121878,10.478943916903,4.78818538895158,-4.1341650184565,-2.4156570367376,0.229464511576277,118.257710395045,-163.111517359626,-49.1230206887864,8.48872486559232,8.09109377127606,2.56761590354614,-0.0960732755891231,-50.3356309189266,265.817884965657,-1.12095150936282,6.38532244418412,6.35279744628107,-0.643667089982219,0.709717751523559,-3.90251792753831,222.491262561471,-54.5847098019235
2.44203362252252,-1803947.66298724,7.24507356911032,2.83696127625354,6.66653896252462,-0.0367945446362959,-226.757012423119,87.5287032355674,12.9330081702383,4.66742811188936,-3.43010604270675,-3.16532110779329,-0.0506272306848958,160.576461060164,-131.693869579448,-53.8513441229731,8.67545946462258,7.76319543579161,3.87251772726914,-0.095684574240047,-79.5768434503626,253.998147948321,1.21090411111017,6.25261732303915,6.23425633875459,0.47882281803129,0.400673465447233,-44.5324278641321,222.898575896958,-67.7421277316482
2.44692747747748,-1803799.67529149,7.21335783515881,1.66658315540097,7.0181929187064,0.031515601556952,-238.411885827378,52.0702437423501,13.0269177976283,4.50833445131983,-2.52840040785486,-3.73259573253208,-0.309048929653455,195.532836887316,-91.0278950243105,-42.6911306001625,8.90557818428888,7.29532533677243,5.10759738302935,-0.0839642344780214,-106.049023570582,238.281941418259,3.29500123963809,6.11649201001878,5.90747316763975,1.58531866898736,0.0322964742070768,-86.3503445199844,215.665336585979,-74.5869822472634
2.45182133243243,-1803592.93936269,7.20149326158471,0.45284241797976,7.18724139994812,0.0934746333399873,-243.928741748417,15.0720169970523,10.6831439752733,4.33422253931478,-1.47477767383359,-4.07560005803639,-0.47753853668652,220.000725407875,-42.9658187304644,-21.8738548121703,9.16817864968188,6.70270520008578,6.25533714145174,-0.062734561843666,-129.328104621736,219.464986090478,4.92901048799251,5.98253469354619,5.37075289355475,2.63547618389108,-0.345196357025401,-126.882393651575,200.44386644583,-69.5102253880468
2.45671518738739,-1803629.32566637,7.21043596113611,-0.772704262083206,7.16891308867693,0.138347041309685,-243.102573051311,-22.283793353082,6.65275880142735,4.17518858935057,-0.328393153776105,-4.16225391983672,-0.527787477775158,231.459652852145,10.3347097393077,2.96062574717173,9.45237274324961,6.00204429055507,7.30224724393413,-0.0346741295980963,-149.220677620848,198.324714089961,5.97469298332385,5.86544324006586,4.638649231124,3.58975733344567,-0.662805779673391,-163.338628417769,177.763810554608,-55.2651672677783
2.46160904234234,-1803784.88024193,7.23989812504505,-1.97818331253335,6.9644034664173,0.160002221354261,-236.002926839875,-58.8319583017934,1.77334631298791,4.06006025719186,0.839818854687858,-3.97225296064332,-0.447932279214803,227.72037327734,66.0107500391831,28.5675011723211,9.74800311872306,5.21049842387731,8.23858428235134,-0.00298763201042752,-165.713082187287,175.560710524633,6.36702701372079,5.78303440284778,3.73736660937706,4.41311428943716,-0.897848029703184,-193.817303176158,148.658708187023,-37.6593724905826
2.4665028972973,-1804130.06360375,7.28822545340958,-3.13273353048195,6.58059350565899,0.156080504439564,-222.94654830225,-93.4900428636065,-3.26144365620481,4.00785381670071,1.9488105789973,-3.50214641944489,-0.242112466051946,207.379031977898,119.933803549777,50.3253794865965,10.0460439209324,4.34491346868219,9.05785434918046,0.0289961405391116,-178.915855427981,151.765103102254,6.13652781167611,5.74994298460705,2.70047619936243,5.0763444153159,-1.03939950457922,-217.081630811418,114.405332732866,-18.4739930955158
2.47139675225225,-1804791.26361666,7.35249721314846,-4.20764879555585,6.02950303778124,0.127387784792213,-204.456458727266,-125.302558870059,-7.82977553699442,4.02221028834051,2.91360917446684,-2.77291492514555,0.0553215156511623,171.259089573885,166.499034308965,56.6280758840679,10.3387472158488,3.4213398695975,9.75623531337389,0.0583776461063336,-189.014340881035,127.415465621317,5.40761779068196,5.77375023422537,1.56655030126288,5.55716761676581,-1.08258796065834,-232.34084997517,76.4565010977643,1.23392393679484
2.47629060720721,-1804034.38074853,7.42882195976656,-5.17729811775461,5.3275679169584,0.0777827490696198,-181.217207026555,-153.46866331831,-11.2866806587801,4.0964622795882,3.66140147473614,-1.83715607635524,0.324168292788733,123.69496371342,200.129117308419,43.2013348788215,10.6196189260434,2.45477005987184,10.3320090053936,0.0830723184459313,-196.229701179557,102.882532335062,4.33920510869196,5.85306782604255,0.377067699610728,5.84090942629354,-1.02706026521127,-239.213356234543,36.3501170922014,20.6149236556178
2.48118446216216,-1803715.82397493,7.51276365711203,-6.0198208658214,4.49481640459814,0.0145209782044113,-154.031248316518,-177.357074557409,-12.9251291963239,4.22167522001685,4.15055881160104,-0.771623752061356,0.487334864439377,70.5816971192064,218.172426075583,20.2477371813328,10.8833055180275,1.45904285780193,10.7850606367245,0.101769697193253,-200.791065097799,78.4460763236411,3.07069154304233,5.97795170727236,-0.825583261082548,5.92066878768783,-0.876438724102164,-237.693838946461,-4.38902924374789,38.8774249957663
2.48607831711712,-1803564.26056924,7.59981500299827,-6.71761060091979,3.55399717138431,-0.0514685428936193,-123.773223538522,-196.514861003304,-12.3014132224771,4.38079036112854,4.36721844592821,0.344568184400599,0.526645664602061,16.5468728012372,221.125079345836,-4.27337583237103,11.1254475617021,0.446859408893853,11.11646976863,0.113779233876355,-202.917800595212,54.3132883861367,1.71011941758717,6.13228453469259,-1.99987068985388,5.79701913385606,-0.638286015253605,-228.099803975168,-44.3184025454813,55.1350631187972
2.49097217207207,-1803527.3608968,7.68578533187687,-7.25755310120662,2.5296677945651,-0.108493154020359,-91.3283500792402,-210.672880046833,-9.73414553698677,4.54979337344268,4.31602753961341,1.439627041397,0.444601106115667,-35.3546521218821,210.634079111867,-27.0756618248532,11.3425315748734,-0.570135148150185,11.3281935205859,0.118870891369125,-202.809631073733,30.6361551644132,0.337368102296867,6.29711733249332,-3.10658130083423,5.47748476223302,-0.325088092914192,-211.035596522456,-82.0792097177889,67.9066935828123
2.49586602702703,-1803719.17609452,7.76692542316454,-7.63089410171219,1.44726837091599,-0.148809998263487,-57.5309953081111,-219.730111259707,-5.98481704059286,4.70282012472104,4.01367192470939,2.45090897551927,0.255889046353529,-83.0107301596213,188.492799123913,-45.3175412985842,11.5317555259894,-1.58123690184347,11.4228313202742,0.117152914899323,-200.642107115322,7.52635201564774,-0.987806057148237,6.45420782719957,-4.11022665507845,4.97622703667817,0.0407809205745172,-187.513915407815,-116.251055433508,72.1498490974748
2.50075988198198,-1803957.71954886,7.83991143052701,-7.83286305428773,0.332366681968024,-0.168341324426288,-23.1364938395818,-223.712605210745,-1.68457389842637,4.81708481042675,3.4859202380172,3.32455503263613,-0.00857430687017524,-124.5713334507,156.588707903352,-52.5195572350897,11.6909141828724,-2.5765562193034,11.4034570407423,0.108992830797643,-196.565411383162,-14.9326356969307,-2.21776746827423,6.59064041696381,-4.98172045491238,4.31497420789794,0.396410398060555,-159.194367649352,-145.333408091787,65.8028096450942
2.50565373693694,-1803447.57088144,7.90183474708863,-7.86225904010801,-0.789857681191468,-0.165655737247751,11.177494420367,-222.731324553447,2.69487267144986,4.87813953274668,2.76795859020239,4.01679605455279,-0.269306525997368,-158.160589956206,117.307089384819,-44.7609141618173,11.8183057176034,-3.5468910156751,11.2735049633049,0.0949752402165809,-190.705077274948,-36.6758843214684,-3.31057554551844,6.70265031670347,-5.70217033157197,3.5228929557603,0.698809017025459,-127.793207825121,-168.484656685126,53.9457849754811
2.51054759189189,-1803309.58475509,7.95022163731639,-7.72108811008406,-1.89494656356644,-0.14139259771179,44.7972462582954,-216.9527905988,6.75060347309615,4.88416339552945,1.90431433845514,4.49762592648432,-0.456183448488348,-182.528835442042,73.020285600208,-27.6930656240781,11.9126587612714,-4.48360699205289,11.0366981975277,0.0758870753424581,-183.163714314648,-57.6494248059251,-4.22558475653774,6.7897585556586,-6.25965253316359,2.63012764104668,0.935868247815367,-94.4547585820376,-185.713492047098,40.3772288996974
2.51544144684685,-1803281.5616399,7.98308264439707,-7.41428657752505,-2.95938558717946,-0.0981497025167893,77.1549535780744,-206.583428650725,10.0599922046807,4.8396927413048,0.94267023578197,4.74699891055487,-0.546237182238149,-197.199089112323,25.3494142508492,-7.41035087364327,11.9730782757533,-5.37852815882158,10.6970107152456,0.0527193926512035,-174.0232018963,-77.8041746796384,-4.92160319543695,6.8522703467913,-6.64671791739234,1.66575803528932,1.10258130602243,-59.941445885117,-197.252549825259,26.0741048480492
2.5203353018018,-1803311.07472077,7.9989918951103,-6.94953857430332,-3.96078085007369,-0.0407926756649822,107.710924611731,-191.866066785087,12.1121976388524,4.75160204833772,-0.0676765526680916,4.75112006899281,-0.530286957224781,-201.707795612379,-24.5586339932199,13.9672920861409,11.9990084677516,-6.22383901101589,10.2586564507313,0.0266710433880886,-163.347052614388,-97.0909921821364,-5.35846343167746,6.89051816477932,-6.85906699201476,0.657602142794087,1.19660929629586,-24.8086908139122,-203.324410693787,11.43896764255
2.52522915675676,-1803424.71066453,7.99719649601807,-6.33717733140774,-4.87804625503033,0.0229722738717343,135.941005063178,-173.085497176264,12.3835736419264,4.6278577204242,-1.07440772034182,4.50141257062267,-0.40656426137674,-195.243441226139,-75.5101785810102,34.7165478960921,11.9902110991344,-7.01199868496546,9.72610079342425,-0.000865241665571042,-151.18279034395,-115.456516611921,-5.50233280573765,6.90459119680721,-6.89480482553147,-0.367486071648551,1.21697098244793,10.5000911548824,-204.077040706633,-3.30156541661926
2.53012301171171,-1803778.92606526,7.97773496924889,-5.59012852367153,-5.69163582183633,0.0830430607542815,161.33834774586,-150.572724170631,10.7860701245612,4.47761213485031,-2.02011096492948,3.99601828318271,-0.183121478263859,-176.715774152523,-125.656728501841,51.2454655875556,11.9467577496972,-7.73566691445538,9.10409128461207,-0.0283522846692879,-137.564268689472,-132.839527798007,-5.33758540721469,6.89424129738656,-6.75406608046594,-1.38316826427225,1.16359364212967,45.5879712629186,-199.564847478237,-17.9744880077913
2.53501686666667,-1804280.08958694,7.94146034632453,-4.72379385394915,-6.38377349673664,0.130832975117346,183.425813451422,-124.698742453072,7.76299461808154,4.31317924524171,-2.84156546186705,3.24484528560426,0.105890394498817,-145.557574869636,-171.626589446366,53.2245347257464,11.8690347420109,-8.38764137186017,8.39770551544418,-0.054241095737718,-122.513930680916,-149.167570822592,-4.8748799099281,6.85887465216408,-6.43892511290228,-2.36313454643092,1.03722610237002,80.0495073775067,-189.746304631978,-32.3953922398934
2.53991072162162,-1804064.66507727,7.88993377254676,-3.75587038915731,-6.93862324636705,0.160673006935097,201.758609549655,-95.8693948465684,3.84890232893189,4.15664156322691,-3.47568671362585,2.27975238871904,0.349123868993605,-102.946561229686,-208.680295549997,37.865337352755,11.7577599500355,-8.96080622126454,7.61241557638615,-0.0771010837685688,-106.045233063444,-164.353472157823,-4.14348430145254,6.79761351709163,-5.95357100669087,-3.28063131059202,0.839639719730732,113.414250484591,-174.493536719807,-46.2914909181004
2.54480457657658,-1804072.835073,7.82530437847404,-2.7062077584526,-7.34246744520233,0.169321998406665,215.916570267496,-64.5329653918419,-0.510376419620288,4.04053754040919,-3.87103107416391,1.15804233010428,0.484543768026367,-51.7043427658697,-232.528275980646,13.9497938090592,11.6140129896531,-9.44809370249461,6.75417079386595,-0.0956759387522433,-88.1656013437995,-178.291465262636,-3.18047859926605,6.70946770869352,-5.30478260805637,-4.10806991362899,0.574311193189016,145.075675523649,-153.625331076326,-59.1141646403106
2.54969843153153,-1804181.08807416,7.75021338090656,-1.59670468648236,-7.58395290028547,0.155569242738894,225.500814036475,-31.197031900204,-4.90737845586617,3.99298973149361,-3.99273014128454,-0.0455303710874209,0.488621807084197,4.43015263692157,-240.386467169914,-12.5822004341685,11.4392807405738,-9.84246223470253,5.82950092375979,-0.108905869761229,-68.8802720215061,-190.852892864642,-2.0258276740467,6.593763237981,-4.50281425145438,-4.81688462135528,0.248498073327626,174.180525745084,-127.014456852622,-69.2993683756925
2.55459228648649,-1804413.78099746,7.66772447219125,-0.451199618087855,-7.65443776420437,0.120248213848003,230.141212435238,3.54962161751254,-8.88632093916823,4.02441701849869,-3.82672954779469,-1.24582234159486,0.358721763684682,60.9346104267806,-231.029208998628,-37.4106427210077,11.2355202002717,-10.1368964227097,4.84564186521953,-0.11593421549271,-48.1974568554381,-201.88155227355,-0.721325485137541,6.45135633932835,-3.56297735060552,-5.37821448215521,-0.11868249056791,199.408087904387,-94.9965443813967,-70.8377327511095
2.55948614144144,-1804670.44118734,7.58128029325387,0.704707437870021,-7.54845668411034,0.0667060333472118,229.518007593175,39.0137234312069,-11.8486857823601,4.1227644863658,-3.38338403701674,-2.3558224610737,0.11451537987412,112.763660204916,-205.223181415903,-54.01151902403,11.0052405030524,-10.3244368032569,3.81068540102429,-0.116119124612605,-26.1353944451666,-211.188878897999,0.686705498405106,6.28890314824364,-2.50873337241051,-5.76685006516925,-0.459879254183469,219.096264644309,-58.7685785189392,-61.984978047234
2.5643799963964,-1804168.55291268,7.49468652563292,1.8439804578439,-7.2643005298923,0.00176135602440287,223.400084688943,74.3796635299332,-13.0226405951284,4.26172077265262,-2.69909294574554,-3.29805415575389,-0.181393426555618,154.935907064211,-166.356993404737,-52.2074667247006,10.7516053024662,-10.3982503671613,2.73375307623954,-0.109067160508659,-2.7320094534028,-218.549398245978,2.14164720300698,6.12163298053227,-1.37201470416243,-5.96590026734461,-0.73853227104025,231.941493045152,-19.8177080336402,-47.7994276010962
2.56927385135135,-1803739.64285263,7.41211203118237,2.93870828475945,-6.80466004881101,-0.0635203726040725,211.695810287218,108.715103999341,-11.908058350525,4.41804966056772,-1.83402496637463,-4.01939239512107,-0.407559287372887,184.28841353371,-119.558106194054,-34.5406573091626,10.4785551493485,-10.3517568977909,1.62519141856451,-0.0947026525825349,21.9419721280839,-223.697284188621,3.56824289247565,5.96803069019296,-0.189318441958982,-5.96502714550565,-0.937873530194432,237.186383993942,20.5643828527018,-30.9100940585138
2.57416770630631,-1803598.26140906,7.33799769026439,3.96093856071607,-6.17714948989888,-0.117319227480847,194.495343792161,141.020411519428,-8.78915316079082,4.57447822125373,-0.856208810408432,-4.49363521769443,-0.526799999647244,200.444717939675,-69.229088892607,-12.4614869590224,10.1909461738722,-10.1788306458805,0.496780234353331,-0.0733847315839028,47.7656185738784,-226.325507825876,4.86253799317916,5.84638799048211,0.999849135776984,-5.76025643881759,-1.04763321162539,234.34488001141,61.0526087490444,-12.3727990076534
2.57906156126126,-1803565.2041264,7.27669613501298,4.88366172268106,-5.39445593361673,-0.151411904211981,172.089857010904,170.296162274927,-4.38654337483405,4.71476437373711,0.170422213022125,-4.71168328404714,-0.53217415696311,204.403823760227,-18.1084375217319,9.84775367798931,9.89469504863952,-9.87410071205216,-0.638063659694251,-0.0460772726507433,74.545648064775,-226.089969699742,5.88336911848562,5.77156470813691,2.15413035815512,-5.35450105801521,-1.06160152027097,223.189050735558,100.209345681754,7.03424241086062
2.58395541621622,-1803602.27315094,7.23198660478376,5.68183713082511,-4.47418786714962,-0.161184661229187,144.976842405359,195.596308825323,0.622545333920248,4.82327088400192,1.18782942719384,-4.67471959291175,-0.428322462867351,197.213728265725,32.0594180071264,30.3646069116482,9.59690917013182,-9.43337416523275,-1.76411946264409,-0.0145510403990466,101.990229501016,-222.622045322992,6.45465430964881,5.75189152229683,3.23173964313256,-4.75816298200005,-0.977290787516781,203.81450835513,136.504607975766,26.530215037836
2.58884927117117,-1803759.93343334,7.20663378223031,6.33343014673465,-3.43849284536349,-0.145186450872778,113.857765336951,216.075784556716,5.60826432162787,4.8859210709529,2.14255949567938,-4.39108910397588,-0.228528087846628,179.660920449073,79.8544403680504,46.6278035947273,9.30596330789558,-8.854198417042,-2.86428411292417,0.0184692704457448,129.681788046328,-215.553619277148,6.39938179767709,5.78713438609116,4.19227544170642,-3.98945497825755,-0.796299369892606,176.709687317338,168.394150114544,45.198616055122
2.59374312612613,-1804220.82958898,7.20208416315857,6.82041478419462,-2.31343002158245,-0.105102018012908,79.6243438124237,231.040882668393,9.89736844512093,4.89199428085348,2.98443863168457,-3.87617518923125,0.0379555730799221,152.53105565525,123.561899473277,51.7480845370178,9.03145883189714,-8.13655628476947,-3.91965565541557,0.0494427775777243,157.055543703273,-204.557836446989,5.62473792742973,5.86849250064287,4.99883651630594,-3.07422148085461,-0.525304626965562,142.811295242727,194.424531995193,61.7387066483981
2.59863698108108,-1803972.29813129,7.21836678063915,7.12967358485889,-1.12808401867956,-0.0462127664215689,43.3294650451168,239.999868414117,12.688297064585,4.8384152705598,3.66787005223188,-3.15547010924311,0.28895275752355,117.140949586609,160.955875302703,42.4098432036707,8.78397430592556,-7.28364298000927,-4.90986247739406,0.0747166497200421,183.393045881483,-189.405956474605,4.16596502149017,5.98094041496312,5.62038839413369,-2.04520965830561,-0.178912303408625,103.607760080343,213.335863290193,73.3247611763428
2.60353083603604,-1803866.6056507,7.25422598873281,7.25370943464579,0.0865686625587152,0.0217809526329416,6.13754215641006,242.707725454477,13.1597747196599,4.73377478637687,4.15584812755066,-2.26661643620422,0.462054005116629,75.0456550504538,190.069574326611,24.3979609458405,8.57451905141794,-6.30262582595464,-5.81371522016161,0.0911024277926259,207.840533609174,-170.036165215029,2.15829200195368,6.10781559148142,6.03491411710936,-0.940862847952673,0.207942984797866,61.5518192826339,224.198415318587,73.0730292379299
2.60842469099099,-1803823.81691725,7.30743246562023,7.19104900642299,1.29899323586521,0.0853849807750299,-30.7609688996804,239.192043750703,11.1867492841476,4.59304568646572,4.41832660273642,-1.254774365977,0.532932366981955,27.4996792647531,209.467110605446,2.80453399477308,8.41365330712327,-5.20523764391752,-6.61022412954434,0.0962995697395789,229.461521471017,-146.623068152642,-0.187582111085971,6.23901043140071,6.23590658696003,0.196774494880253,0.551817988970675,19.5838527630362,226.876972031422,61.9110802252638
2.61331854594595,-1803909.35411632,7.37503965383574,6.94609974564898,2.47848910006574,0.133648445474418,-66.2607212488042,229.736626604534,7.498414111155,4.43417995839212,4.43084492019819,-0.171945330149757,0.49009934506436,-24.2647412186593,217.604593735217,-20.1352262091657,8.31034063028422,-4.00801061124447,-7.27994590168804,0.0892266066817662,247.327323152703,-119.628043384396,-2.60007170540714,6.37068404346002,6.23075264473973,1.32790687236154,0.827053787050504,-20.2807756452554,222.12389082234,47.4035810672653
2.6182124009009,-1804154.5077264,7.45347931665332,6.52844179393495,3.59635950191055,0.16036912188658,-99.4176857310668,214.822817519805,2.93947755659037,4.27610079518887,4.17567919054982,0.921271571375175,0.331580104890298,-78.4287528904335,212.599143495682,-41.785976174568,8.2707401753876,-2.73196441239049,-7.8065045633883,0.0702988526855075,260.635419473525,-89.8065901729613,-4.76074348568786,6.49962078249643,6.03309883050747,2.41801340310365,1.02585379964333,-57.1025853822965,210.978672901107,31.8919204870731
2.62310625585586,-1804836.48703106,7.53869344209923,5.95192288833832,4.62671727526379,0.163043221040321,-129.468039654129,195.060992048483,-1.83771889346566,4.13710973841781,3.64655739129385,1.95404610480706,0.0722395833186804,-131.688766349568,192.695192620142,-55.3694053486492,8.29725965405325,-1.40165641650922,-8.17801180341765,0.0416191718248877,268.828838590953,-58.1558959801856,-6.33414651450327,6.62195172473638,5.65972679091676,3.43769360137261,1.14597299192123,-90.3979982126758,194.38559884068,16.1787642352502
2.62800011081081,-1804422.58631148,7.62634434954502,5.23376139739365,5.54696942239537,0.141991932951923,-155.818417788376,171.135046456582,-6.30289298521633,4.03547594309569,2.85879152705415,2.8482234975766,-0.222113948596194,-178.500349719687,157.965736632943,-50.2782937332115,8.3881772313395,-0.0436760264809597,-8.38806352319016,0.0069573875404748,271.680456695145,-25.8052570162925,-7.03371280111506,6.73303532958279,5.12911884838072,4.36186939151045,1.18764144199583,-119.892095905374,173.124539404194,0.652603974970611
2.63289396576577,-1804138.36662832,7.71207122181945,4.39373871045456,6.33806773982961,0.100014291188158,-178.025417327321,143.76431689616,-9.9474785886783,3.99405096644369,1.86155389409699,3.53370347113649,-0.430543354013435,-212.97554798983,111.416364201038,-29.0389726390212,8.53796209717559,1.31514815044222,-8.43606437358057,-0.0287179561862629,269.313384166548,6.12475055429853,-6.74375280541536,6.82764373762283,4.46080583186302,5.16893899541455,1.15249903167094,-145.39607748233,147.817809562792,-14.443969094264
2.63778782072072,-1803982.02134338,7.79176008347244,3.45350722412044,6.98461259135698,0.0425171470651403,-195.773323853655,113.681295681598,-12.2080173991248,4.02889630072764,0.729036047155849,3.96238713958697,-0.512503674986406,-231.659045742668,57.7161806741743,-2.8853675103727,8.73816294802219,2.64945781518452,-8.32681601764717,-0.0604801405136788,262.151345741227,36.6542824493169,-5.60724068819614,6.90021315016177,3.67515807355742,5.84004748713837,1.04320175105319,-166.734338071686,118.959114370524,-28.9106474319391
2.64268167567568,-1803886.88287653,7.86180412426432,2.43600547191801,7.47488069664559,-0.0220658828030896,-208.856183327616,81.6192524395245,-12.5467340503619,4.13597287307736,-0.4550365633297,4.11086527787824,-0.459397029117162,-233.709405410693,1.64356021220103,23.0407061407372,8.9785568242308,3.93666160785449,-8.0695215490874,-0.0847903630682243,250.820275898302,65.0298156291915,-3.92232123963211,6.94509452751064,2.79346245114616,6.35853013911979,0.86339255735155,-183.695191737313,86.9525160639777,-42.5127009667216
2.64757553063063,-1803900.70942829,7.91932044899896,1.36494539084428,7.80080511575222,-0.0829501934384792,-217.167413363243,48.2944811924526,-10.9287739193716,4.29148936427205,-1.60805800695108,3.97882274170898,-0.282096613579034,-220.060343579324,-52.4974222752859,44.6205447128561,9.24826411139023,5.15766057416754,-7.67651786135525,-0.0997033529099999,236.037941584916,90.7486094905263,-1.98177840026557,6.95682161539639,1.83820615618429,6.70957264777815,0.618074741385974,-195.994339383283,52.1659351543176,-54.8475780956771
2.65246938558559,-1804263.91695669,7.96221438302493,0.264331338285588,7.95782550857012,-0.131353621996806,-220.688332958619,14.378745853622,-7.89107429909267,4.4621786678897,-2.65563999912294,3.58589105512538,-0.0131915819886009,-192.961638015889,-100.940107902811,54.4169402978647,9.53663868987227,6.29704102370365,-7.16203545418214,-0.10460814707088,218.522330010091,113.535122625211,-0.0173537937242039,6.93049503616687,0.833519057313322,6.88018949066297,0.314916776394779,-203.250814729613,15.0277096502295,-64.9032814437653
2.65736324054054,-1803650.01354124,7.98908071458363,-0.841937938741904,7.94459257428844,-0.161860936429406,-219.466361409688,-19.5135206851673,-4.03151952716524,4.61872331710965,-3.53767438710997,2.96942166268087,0.262072789399612,-155.921895593462,-140.488380487015,47.1598154818706,9.83386010370182,7.34288387426845,-6.54116663510315,-0.099876890847242,198.931647440712,133.2929897462,1.80367395703434,6.86260094846367,-0.194301991111841,6.85984974428044,-0.0309580730516784,-205.00785241683,-23.7101941784266,-68.4797678001626
2.6622570954955,-1803326.14495937,7.99909641243512,-1.93033227581129,7.76269030171845,-0.171668817268458,-213.592243983939,-52.8145122400132,0.189092811038629,4.74571687279117,-4.21485895505756,2.18100725025523,0.458406572830105,-112.654547935402,-169.471771554863,29.1198553319329,10.1312483030415,8.28635749811077,-5.82910555672015,-0.0865714075005367,177.834399958339,150.051999467383,3.3642154238793,6.75356417889559,-1.21655946685497,6.6430875488787,-0.369880901606847,-200.920093878574,-62.6358431957319,-62.887523068625
2.66715095045045,-1803234.92012145,7.99195503246514,-2.9778603785813,7.41644745188831,-0.15997000831902,-203.187500723922,-84.9840302472283,4.39083472999751,4.8352680500208,-4.664219866464,1.27470394713225,0.553271342718941,-65.760333881763,-187.850287444088,8.3033323250839,10.4213682633521,9.12122787385184,-5.04064664042931,-0.066234736608449,155.70153715218,163.921304279323,4.58243747287438,6.61149295567008,-2.20350292989758,6.23349131232312,-0.659833303737929,-190.905786033019,-100.258747242326,-51.4169920971989
2.67204480540541,-1803220.12384783,7.96784673961141,-3.96220728305051,6.91284999924616,-0.127760469968483,-188.403417471503,-115.490029033873,8.19115861234038,4.88184367863436,-4.87246229387519,0.302504375814345,0.541439896080944,-16.8290996189136,-195.980813376318,-12.7868202824946,10.6979992862628,9.84337286963257,-4.18989251392691,-0.0407470327717929,132.911894068043,175.053152280253,5.40297797766399,6.44862192941205,-3.12561732718516,5.64050007645544,-0.884050822578837,-175.035412552389,-135.538903134249,-37.2124438242834
2.67693866036036,-1803269.64580185,7.92748330201219,-4.86189455329632,6.26154716154958,-0.0780584221956158,-169.430828017299,-143.791863558501,11.1219332464624,4.88083281666149,-4.83251086265313,-0.685104186630937,0.425403139893995,32.9821389599863,-193.978622071517,-32.5955228765759,10.9560305782359,10.4503468145323,-3.29011511762679,-0.0122049568318091,109.764039191183,183.617224309098,5.79659580221998,6.27924099540817,-3.95385705542147,4.87810228098063,-1.03195774198076,-153.423531283093,-167.561526592257,-21.1796455099586
2.68183251531532,-1803468.27016203,7.8721688087712,-5.6565155632235,5.47493136366115,-0.016541137503859,-146.519733906857,-169.329422193562,12.581606987814,4.82869322123877,-4.54264090427533,-1.63728184490083,0.215484667315185,82.4232405352366,-181.623408458276,-48.525187394964,11.1913256722622,10.9410132615444,-2.35372027083593,0.0172189252504069,86.4900365355035,189.78376115725,5.76779096210683,6.11837708771363,-4.65985264001609,3.96488481053287,-1.09584727767842,-126.254269418774,-195.35947535122,-3.82547605199964
2.68672637027027,-1803978.05296355,7.80391098967186,-6.32709189236489,4.56825293961396,0.047757647682524,-120.003210791647,-191.524795069447,12.0727254182929,4.72472108576789,-4.00827845730076,-2.50133827121369,-0.0598487340556446,129.477150823715,-158.705003639473,-52.5884614343251,11.4005813621855,11.3152471798873,-1.39227750605429,0.0454729527892592,63.2686405316628,193.713178330815,5.36492140559588,5.98026509662762,-5.21639974960921,2.92450752746843,-1.07021250250076,-93.8522230005011,-217.862610990924,14.3885244584096
2.69162022522523,-1803718.23364899,7.72551564409555,-6.85654767113997,3.55968341296669,0.10418611667907,-90.3085364445488,-209.803864615524,9.68746809305022,4.57656767615867,-3.24786939603818,-3.22433188129556,-0.310399947028066,171.096043472736,-125.72228813048,-41.2918089964848,11.5811946683682,11.573699666861,-0.416588487527783,0.0708681393063656,40.2370854624408,195.550062506788,4.66532425154723,5.87643780966304,-5.5983748700211,1.78625870062363,-0.951962033094327,-56.7774513332043,-233.909092552904,32.8961754813976
2.69651408018018,-1803723.66456236,7.64051188209965,-7.23017725681038,2.47021429345873,0.144632328613026,-57.9540887063479,-223.623975300548,5.97680245535732,4.40504847124998,-2.2973180225734,-3.7585611525185,-0.472766824020493,204.179343936219,-83.8279452774214,-20.9743849971073,11.7311462647307,11.7176180345117,0.563223119013591,0.0921261953047315,17.5014865979904,195.420027772579,3.74776776569442,5.81372380681249,-5.78417426294126,0.585416601939395,-0.741250747686783,-15.9369057635813,-242.316398007783,50.8632935172506
2.70140793513514,-1803854.53891107,7.55294089521001,-7.43608855820345,1.3234436599612,0.163954141232643,-23.5517798668922,-232.491925201209,1.49247329475457,4.23785677730903,-1.20607595667599,-4.06261133406977,-0.520143796999139,226.076869044908,-34.4402431366568,3.18756075369189,11.8489047253974,11.7487145328409,1.53761179019801,0.10834581696331,-4.85418241314754,193.42849342365,2.68147361360218,5.79286314972714,-5.75774392765691,-0.636905279454205,-0.443329097921821,27.2833291420274,-242.031101625988,66.7555090611171
2.70630179009009,-1804196.02758988,7.46710876514311,-7.4656950554793,0.145295041446633,0.159557061560572,12.1815366316378,-235.982035485429,-3.26581871065398,4.10312637197122,-0.0365493321243209,-4.10296358388507,-0.440891216483574,234.158788699149,20.3829481298987,28.1744640933124,11.9333518375899,11.6690762103802,2.49750805325009,0.118940931440753,-26.7605461377022,189.660713536458,1.52357454408651,5.80876207259949,-5.51134097152098,-1.83489441432049,-0.0736956570756122,70.7926596374794,-232.435799733102,76.0627543654891
2.71119564504505,-1804372.36280253,7.38733165488564,-7.31427319188707,-1.03637669489309,0.131295954126104,48.4133937924429,-233.765603328899,-7.77006071615423,4.02238545283293,1.1355119303155,-3.85878185277079,-0.238399156066015,226.059071891151,77.2227513659307,49.5278806776755,11.9837275144065,11.4811090714639,3.4342189255626,0.123581562404175,-48.1565194799638,184.182552060802,0.321071565565192,5.85403581076799,-5.04981733128212,-2.96126327678523,0.31729844573307,111.45803917894,-214.04207970838,72.2373291479772
2.7160895,-1805033.14399636,7.31769378675454,-6.98156111755487,-2.19236099184236,0.0818564543990296,84.1936565109974,-225.653988250189,-11.3632294760689,4.005017210905,2.22404138678719,-3.33073607022576,0.0543875902931806,201.018719759156,130.599952306128,55.727700688839,11.999592434285,11.1875110155806,4.3393335738581,0.122151647096405,-68.9839451135156,177.041671557541,-0.88534443069342,5.92744756412942,-4.39676057973158,-3.97531521140428,0.64867763440416,146.377424282813,-188.555548036671,58.238020045744
2.72098335495495,-1804319.46220418,7.26184831816274,-6.4723366267771,-3.29291657739498,0.017663659365415,118.470004746147,-211.652797922212,-13.1954762636801,4.05118755751846,3.14569912790706,-2.55278232970951,0.318877850822375,161.67329832589,173.978259943948,42.2666511156016,11.9808068249027,10.7912696203288,5.204635641138,0.114728118097241,-89.1828635391258,168.268957554016,-2.05700995777472,6.0292086625799,-3.58604308845398,-4.84681875715194,0.89967864619051,174.245696691207,-157.943637877503,41.5117869259018
2.72587720990991,-1804004.61885798,7.22288878710765,-5.7968610700934,-4.30888897106448,-0.0500983082377713,150.135741591364,-192.014565151435,-12.5726098044218,4.15724436469759,3.84077437004609,-1.59095347078628,0.477054101449197,113.099367738646,203.10075337113,19.0957699133513,11.9275244072536,10.2956823801893,6.02202314939826,0.101581547518658,-108.687120496812,157.880127236811,-3.15308108080517,6.15634574220993,-2.65430361281951,-5.55475159017931,1.06379550366318,194.806021228922,-123.885957982613,24.040782246915
2.73077106486487,-1803844.3271545,7.2032390018184,-4.97097921086346,-5.21306222890932,-0.108062438678803,178.12453600724,-167.255921372941,-9.67055390303756,4.30840461059409,4.27669280529353,-0.521774795998211,0.509835549955887,60.1405281446287,217.135115896005,-5.70892444512275,11.8402012214139,9.70439841536064,6.78343691350611,0.083197307289189,-127.420051516417,145.87757615396,-4.12672796469666,6.30225901750898,-1.63798287616476,-6.08567833697808,1.14008646865966,208.227487157036,-87.7448088022452,6.67728517789678
2.73566491981982,-1803782.72556261,7.20436617045119,-4.015615710021,-5.98144818479388,-0.146803847268147,201.515134567985,-138.122694734554,-5.3184400466802,4.47993543843775,4.44217965149238,0.580397688173773,0.419964856997969,6.4706728992071,216.95555761727,-28.6025434661521,11.7196197628962,9.02148186502517,7.48079891093786,0.0603142678716914,-145.290029212658,132.252608316859,-4.92246991663084,6.45758542963807,-0.572028741249151,-6.43219967820176,1.13056835544215,214.854511931719,-50.5968974058928,-10.0925999351715
2.74055877477477,-1803855.68390761,7.22644920473866,-2.95582786518361,-6.59428917625487,-0.161246839145605,219.594400493302,-105.530847756238,-0.30654723337102,4.64359035831194,4.3413995342856,1.64778078017449,0.223810115294366,-45.1477599765923,203.990989906399,-46.3360640248504,11.5669294707452,8.25149812323406,8.1059629966747,0.0339726081228806,-162.185720318782,116.988277512904,-5.47625656279135,6.61139078237206,0.510562243152426,-6.591647311037,1.03916046930795,215.077551655233,-13.289981949373,-25.9296002175706
2.74545262972973,-1804183.05734924,7.26822876906837,-1.81967170508797,-7.03675666235627,-0.149869319601857,231.882672164258,-70.5061578941038,4.6956415517906,4.77406689494288,3.99070205172645,2.62030758723777,-0.0433957832505343,-92.2493699387875,179.987948601108,-51.6215434218678,11.3837049667375,7.39962466183735,8.6506816860669,0.00555170224377791,-177.97098552311,100.063136786942,-5.7204969728749,6.75225686679437,1.57874677530317,-6.56509949769549,0.87127235326644,209.264925736125,23.4901149292713,-40.5267110803593
2.75034648468468,-1803762.01167299,7.32709300502263,-0.637001143541031,-7.2993507551959,-0.114290423627699,238.139171375146,-34.1265610145902,9.05256929170908,4.85543802544451,3.41890583489772,3.44766026618557,-0.292405318924312,-132.460958310926,147.216577833511,-42.0020766111315,11.1720232861469,6.47178826800297,9.10659436454412,-0.0232323616058684,-192.47947064873,81.4562398042054,-5.59903881818411,6.86912890265261,2.60321150051368,-6.35674616174429,0.633893358504352,197.736339400246,59.14628353269,-53.4710179725845
2.75524033963964,-1803669.14154119,7.39937443448235,0.56172000866349,-7.37802227250217,-0.0593436266847663,238.353717614924,2.52966159785444,12.07363447858,4.88430008283077,2.66609246861719,4.09247336557287,-0.463416549361849,-164.269916597694,107.921891188785,-24.4522684336223,10.9345602843351,5.47482995535005,9.46524408410896,-0.0504386859380631,-205.509069638819,61.1537704218081,-5.08869320374128,6.95199644060849,3.55611016930563,-5.97363666236859,0.336562173540594,180.782101553178,93.0801905788874,-63.862083870477
2.76013419459459,-1803756.14971572,7.4807921862236,1.74653603260821,-7.27405413921736,0.00644592115810138,232.728778937434,38.4293595184299,13.0345960888917,4.86287417311957,1.77620666892078,4.52687917807342,-0.536928003260536,-187.090789040121,63.6539679758684,-4.253148571671,10.6747041338396,4.41669757161477,9.7181320687622,-0.0741192936432811,-216.816434349981,39.1580481391889,-4.20117705167808,6.99271613368839,4.41103251604545,-5.42594425595541,-0.00472748020041786,158.797755225493,124.529173653695,-68.1526855375003
2.76502804954955,-1803685.08530697,7.56694171175263,2.88900779803783,-6.99372867731787,0.0710023342041509,221.650321771397,72.633167452945,11.7011124338307,4.79540226637438,0.795184578215981,4.72901304533156,-0.505948035078559,-200.400495400535,15.4724362509049,16.6171490217538,10.3966835088721,3.30666561185024,9.85682456550084,-0.0924504564548439,-226.112013538538,15.5000705343936,-2.970854651399,6.98705118234781,5.14408772156056,-4.72834492583164,-0.344964681834409,132.5809648671,152.416037972987,-63.6417856027643
2.7699219045045,-1803787.11475292,7.65364942848658,3.96303925032218,-6.54772246468791,0.123457045496409,205.637757175715,104.349467802685,8.62347152239937,4.68714238847956,-0.227798285084572,4.68160354058247,-0.370756513042997,-203.325192759597,-35.6107045045272,36.3861777083338,10.1057045701282,2.15557743622939,9.87313277410614,-0.103827840157271,-233.056972643369,-9.74329878506259,-1.45012756079699,6.93795902550902,5.73684216471645,-3.90178387622554,-0.641145336228061,103.079060967965,175.835024733622,-53.3363574459536
2.77481575945946,-1804164.26665152,7.73706152890753,4.94538536979497,-5.95023399929102,0.157237049428145,185.281883371992,132.95817976977,4.57429879779986,4.54479016555666,-1.23806734937998,4.37290600028628,-0.142086257995221,-194.611835232447,-88.0248863391252,51.0883453729333,9.80808274554396,0.976095885416551,9.75939157765022,-0.106951732062814,-237.264378551671,-36.4267265277587,0.288673222020574,6.8520063336158,6.17487833124021,-2.96999467849542,-0.878328256293945,70.9684275999627,194.36077689064,-40.668171261731
2.77970961441441,-1804388.95426038,7.81365454024011,5.8158580840421,-5.21814066699021,0.169200033474407,161.196464602872,157.991161122278,0.145946642696982,4.37906507467147,-2.17391663740904,3.80135467719122,0.140126940686336,-173.234440103233,-138.678018003483,50.8631289096024,9.51134275825354,-0.217066349287317,9.50886550882855,-0.100941107937065,-238.308218628271,-64.3084443992977,2.14407548681142,6.73737017078081,6.44652644071608,-1.95817610731914,-1.04782704884537,36.7566348346254,207.70162818148,-26.5042367987749
2.78460346936937,-1804261.55591122,7.88026376498106,6.55735001582369,-4.37032238806824,0.158696515855114,133.991959941715,179.098558681128,-4.20715705337966,4.21192276536025,-2.97041175041231,2.98612582025145,0.366545031100804,-139.388935970763,-183.061186340962,34.4262855818862,9.224243394772,-1.40698630086616,9.11630713365724,-0.0855109771946996,-235.745002067787,-93.0187846833741,3.97072633834886,6.60310478505283,6.54244467958647,-0.89297839668062,-1.14337062428169,0.910942904229444,215.53358395668,-11.226753445388
2.78949732432432,-1804320.62749011,7.93413802493313,7.15577768345926,-3.42715508017893,0.127128462940611,104.266608803245,196.018130099257,-8.07335117629152,4.0759130107417,-3.56780599711667,1.97074281378161,0.484389796505198,-94.6223274629935,-216.806555193671,10.5935421976744,8.95666483506151,-2.57451636996519,8.57867766199481,-0.0612338445535767,-229.153134302698,-122.03034678745,5.56409667875389,6.4586458675895,6.45563586975837,0.197159732247653,-1.16009458329925,-36.062853724328,217.456481080333,4.90046272028057
2.79439117927928,-1804455.66936957,7.97301855249836,7.60001610385615,-2.41014108707567,0.0779630040921991,72.6095128879063,208.552298705748,-10.9977014651272,4.00115639809079,-3.91663502504225,0.818060268314735,0.472480453077548,-41.5686403128069,-236.425998524544,-15.5467132341799,8.71928360888917,-3.69851764389314,7.89600366578274,-0.0298700104071607,-218.193457331469,-150.639719630313,6.65853850569666,6.31326496787508,6.18181614234319,1.28158641412271,-1.09436599707889,-73.5489544403808,212.990912516909,21.6038840694575
2.79928503423423,-1804670.02383743,7.99524206657756,7.88187281233832,-1.34163209312145,0.0171514482893386,39.6108600275333,216.554724820453,-12.4401163603929,4.00288239485555,-3.98349240024474,-0.393517171463834,0.3289226641634,15.8743418107279,-239.426382123336,-39.7024941719299,8.52296759123441,-4.75645094327988,7.07228046569168,0.00535154050338986,-202.688154240392,-177.97566633251,6.96925582873142,6.17538042962749,5.72014632535456,2.32706885741675,-0.944055742604675,-110.744140202953,201.60686397648,38.5019091560237
2.80417888918919,-1805134.81736308,7.99986477573437,7.99612470413148,-0.244593838871147,-0.0464381595117298,5.87085277297738,219.927038366305,-11.9944543272776,4.07506649880779,-3.75789160693497,-1.57620355291862,0.0754555113582485,72.471042022119,-225.065269102076,-54.3998058120673,8.37786806040314,-5.72539918629706,6.11624700245764,0.0398225478801535,-182.703414967235,-203.049734684987,6.33373703378007,6.05176072391855,5.07437474031365,3.29765505388751,-0.709346905518651,-146.568618805031,182.800306022422,54.9309228788699
2.80907274414414,-1804459.42886468,7.98676251403788,7.94058134006809,0.857638290541601,-0.102793094983438,-28.0070789433991,218.62127989859,-9.80655787241367,4.19658125800013,-3.25878198002355,-2.64416986248459,-0.215075393957273,122.169444024899,-195.460525307889,-50.1196026710149,8.29227670706678,-6.58348509295222,5.0417831188418,0.0686889108411906,-158.608823193252,-224.854874235237,4.82386812922034,5.94685241961489,4.25446013730425,4.15507191764096,-0.394746513815976,-179.56035205313,156.269844856567,69.3942392769012
2.8139665990991,-1804260.58068792,7.95659300208296,7.71605391469749,1.94161896011476,-0.144503738235866,-61.4298208632115,212.638054665431,-6.41692941280071,4.34728730276888,-2.53619716668598,-3.53080880599751,-0.425740515351901,160.503506608483,-155.071857315541,-30.9581807676394,8.27145320352783,-7.31148741822958,3.86769826010527,0.0880612291723569,-131.085931307841,-242.49500409733,2.68892248595313,5.86288127804768,3.27877121978235,4.86035350245318,-0.0154045127496389,-207.734296345974,122.383618806547,76.3496427265951
2.81886045405405,-1803890.19687922,7.91067588406347,7.32628313143598,2.98401883719591,-0.166962389111445,-93.8122204787713,202.020934681884,-2.32762834690156,4.5090983403368,-1.65374691393872,-4.19488843564001,-0.524657201633668,186.153874912912,-108.302704028592,-8.16919473227878,8.31675952270197,-7.89434440603064,2.6168330778685,0.0955781357007219,-101.072984573942,-255.310481391822,0.249738137780807,5.80280032383358,2.17711717384451,5.37890810570643,0.368749913449975,-228.682671480824,83.0763400560929,70.2831536056773
2.82375430900901,-1803769.25668988,7.85088796237857,6.77793170990978,3.96182830693359,-0.167780021704882,-124.562508239139,186.857109529826,2.04594512050424,4.66290094220649,-0.674658417556858,-4.61383584628342,-0.507432462674689,199.551273224546,-58.2564169956818,14.3373208222276,8.42540539781094,-8.32221726396901,1.31459344618705,0.090558610550165,-69.6550090336176,-262.96261105761,-2.1653817375747,5.77691660877334,0.991944504974115,5.69111690301411,0.687427023307135,-240.739498344621,41.1851403795365,55.1400907026017
2.82864816396396,-1803742.2017961,7.77959069375469,6.08065804904459,4.85258993249417,-0.146502937906402,-153.067800675873,167.288593155303,6.30281044860717,4.78966149882085,0.341765818306744,-4.77745260559682,-0.381283993411391,201.449431292546,-7.06656610947166,34.4010942727638,8.59090402166102,-8.59089449636681,-0.0127930327076022,0.0739243183249749,-37.9294044270769,-265.453758391549,-4.25680410401845,5.79533636353236,-0.230277809601694,5.7907595095018,0.920150820475992,-243.61446385731,-0.943333204939929,37.1633101722229
2.83354201891892,-1803870.38598268,7.69958933805149,5.24725370315105,5.63471423848662,-0.10475191721881,-178.685064759038,143.534268217171,9.96776590346389,4.87234179826767,1.33983589536861,-4.68450150737814,-0.163421519947051,192.488658924615,43.5027804446506,48.9256119534102,8.80407572318966,-8.70151130823977,-1.33994413772844,0.0479905695099805,-6.88467023831801,-263.083617584334,-5.77772391968442,5.86235807729771,-1.44420013359899,5.68168357096471,1.05906012502936,-237.776700223808,-41.5164278991624,18.2202332313834
2.83843587387387,-1803972.13568877,7.61412362438133,4.29380740145421,6.28793261466588,-0.0468252788717635,-200.742145796775,115.922039999732,12.4031650638635,4.89840446373212,2.26665240755289,-4.34242480115032,0.10797212612271,173.384447590853,91.3642840118171,50.3946247670851,9.05427484791751,-8.65974119874999,-2.64362920855095,0.0161470791281307,22.6802616025716,-256.363527144299,-6.56114983471395,5.97485747301541,-2.60804481183978,5.37559523051018,1.10235315278983,-224.065587664374,-79.1566527659897,-0.69082109965739
2.84332972882883,-1803694.62985482,7.52688918803255,3.23983224518329,6.79393463848394,0.019279733419825,-218.555702093105,84.9262626353487,12.8623314773279,4.86486239406871,3.07368037127714,-3.77085866725997,0.3405247277238,145.265304383625,134.114487451476,38.0603590296019,9.33052086550347,-8.47470869221406,-3.90357940917143,-0.017620928837159,50.1880524692519,-245.918417657129,-6.55948600544178,6.12302282483433,-3.68485601024273,4.89011704330481,1.05215191403279,-203.491625956776,-112.848950548701,-18.8816974292489
2.84822358378378,-1803618.61457062,7.4420612450722,2.10825038052316,7.13719524101937,0.0817980359015154,-231.474690290722,51.1893378870317,11.083151744312,4.77921690643546,3.71930545138914,-3.00127992663556,0.488575716418729,109.339529973865,169.881573704917,19.288566474809,9.62233834474324,-8.15786067405747,-5.10281338512224,-0.0494477809262871,75.2745951781249,-232.400118586855,-5.88064767963197,6.29245536735306,-4.64296107140754,4.24710572502316,0.913536178497337,-177.10794619859,-141.877956666653,-35.7957722297088
2.85311743873874,-1803626.75322404,7.36416362594236,0.925085342276067,7.30582801735426,0.130111250862945,-238.940036273326,15.5068801874522,7.54479088938475,4.65380291295282,4.16707567101578,-2.0720429302108,0.53341039247189,66.5003027134447,197.310675995996,-2.18492338356562,9.9202554721313,-7.72196274043281,-6.22758059503998,-0.0764274056334787,97.7548343912206,-216.424754476488,-4.72990932223445,6.4666386750642,-5.45593547222863,3.47133747663829,0.694194191735702,-145.942035527772,-165.749017597676,-50.8627167277865
2.85801129369369,-1803727.94976912,7.29768183629431,-0.281149982210106,7.29226404289389,0.157245944795363,-240.534198184865,-21.2026139319554,2.94364601792449,4.5032544782108,4.38430847852359,-1.0281731666756,0.466726482583073,17.55966755041,214.844741261134,-24.4066633255182,10.2160197590416,-7.18031233014527,-7.26706092988712,-0.0967468741486316,117.577326323571,-198.537102564337,-3.30742300713225,6.62911515729031,-6.10238142668525,2.58961554904641,0.404909011219472,-110.998992551368,-184.106040961598,-63.1720670432962
2.86290514864865,-1804072.40676032,7.24659815387934,-1.48025663957258,7.09380187803471,0.15954771104219,-236.017105388677,-57.9233433534467,-2.08710529557423,4.34334442039305,4.34267234651988,0.0764044824005465,0.289343759216708,-36.2012002444035,220.425118295791,-44.6170994095813,10.50262686165,-6.5461894771971,-8.21295162068335,-0.109501635704801,134.779840696295,-179.197331959916,-1.77090187155587,6.76529228075006,-6.56592539774231,1.63027706702231,0.0624735213027402,-73.3999225763787,-196.661965104284,-69.8637718325122
2.8677990036036,-1804723.29052812,7.21396955759618,-2.64132103609687,6.71303060935942,0.136374891839621,-225.359185478966,-93.573210314502,-6.92914204117022,4.19070739158254,4.02229647607956,1.1760780162823,0.0205554884872597,-92.015263592633,211.765312691554,-54.8229827100322,10.7742433700692,-5.83251392318232,-9.05903424948628,-0.11445589286419,149.45301779729,-158.782302996817,-0.234521606185554,6.86470861101248,-6.83638065244904,0.62299589800357,-0.29372870710565,-34.7440961404153,-203.21931197234,-67.0454515930798
2.87269285855856,-1804213.78887248,7.20162814447269,-3.73384849436224,6.15806977488969,0.090256290630488,-208.770575143041,-127.047530471634,-10.8831144223361,4.06540649411584,3.42251971059355,2.19405760931609,-0.258886067883613,-144.628433939992,187.778869956808,-46.5175729452073,11.0260802386112,-5.0516592992242,-9.80077465065151,-0.111846851766657,161.713695997974,-137.594494467097,1.22036584879266,6.92503941715835,-6.91336635914646,-0.401916052701091,-0.607980994628058,3.36995128793234,-203.891344853144,-57.049248037209
2.87758671351351,-1804044.12531619,7.21006952818413,-4.72902678752729,5.44255530464309,0.0275437476162597,-186.719931921113,-157.276851346888,-13.1010745729167,3.99523972328314,2.57601213667964,3.05386671585038,-0.444620240964814,-187.972813964472,149.826964758644,-24.3137155224334,11.2542522507892,-4.21537696320258,-10.4349791941572,-0.102252234376264,171.686781488585,-115.873861676737,2.53348218666554,6.94847416319226,-6.80268113956972,-1.41591755052787,-0.86422118747774,40.0332035079868,-199.075373182076,-44.7014778932274
2.88248056846847,-1803969.30833742,7.23855816222556,-5.60104781357338,4.5853012614208,-0.0407544550986794,-159.93050035718,-183.299716085178,-12.8551412923258,4.00168544534127,1.54279157094883,3.69232725690253,-0.502023223107948,-217.696801560678,101.239965573431,2.03374009002464,11.4556433823136,-3.33479148433836,-10.9595132674189,-0.0865120299000013,179.493682080797,-93.8099461926787,3.6563936672811,6.93862268784183,-6.51303432406659,-2.39266978452185,-1.05499577356033,74.7600174137426,-189.167430400489,-31.1558510603554
2.88737442342342,-1803940.61809811,7.28537529929966,-6.32833179109909,3.60955814379131,-0.101007665306998,-129.327294829835,-204.348578970349,-10.2746670961848,4.08579960537021,0.399044121072857,4.06626637158469,-0.424282840064567,-231.543288679309,46.318966691695,27.7231049205484,11.6277877775779,-2.4204401423946,-11.373078656084,-0.0656882977034527,185.245388971952,-71.5529450203898,4.54678346309239,6.89957747794109,-6.05508096543229,-3.30759185453275,-1.17577969808129,107.182753149218,-174.467229541377,-16.8462922085871
2.89226827837838,-1804030.71947526,7.34795785642767,-6.89432076187173,2.54181547171732,-0.143501126060527,-95.9389090159766,-219.911583478248,-6.20895695088582,4.22673579811888,-0.772641315844263,4.15551692381948,-0.224792173902464,-229.107762977404,-10.2749012828893,48.0372811577309,11.7687699953197,-1.48233759461884,-11.6750427176228,-0.0410441952690774,189.038666065091,-49.2232663852664,5.16682739652552,6.83551979340006,-5.44120679257442,-4.13734207993562,-1.2234586956462,136.940259189656,-155.17905077972,-2.00771451809754
2.89716213333333,-1804336.51289179,7.42295245506655,-7.28772088125886,1.41044230900883,-0.163097234815856,-60.8060829877542,-229.733898184086,-1.46372539690847,4.39195408118148,-1.89203350870118,3.9635173587558,0.056089971512742,-211.76497538007,-63.7757435224461,53.5897791572699,11.8771448341984,-0.530053481743693,-11.8653113199367,-0.0140200237381975,190.954215293228,-26.919524282377,5.48605701573101,6.75049470509709,-4.68567837353573,-4.85938236232995,-1.19585684326227,163.616328378649,-131.433626583552,13.1790112836981
2.90205598828829,-1803736.03826,7.50636385357922,-7.50238159174927,0.244476489876459,-0.158138380029612,-24.9243411652927,-233.779975348135,3.33578413588863,4.5528468332319,-2.89029106964496,3.51775948859502,0.311105617670236,-182.579987033669,-109.929245953228,42.1057439568426,11.9518753419878,0.427204558313439,-11.9442379604466,0.0138163748882327,191.056022236085,-4.72512160339912,5.48858341739911,6.64824434640598,-3.80504350878793,-5.45167834577114,-1.09166858280922,186.692913204465,-103.320839516346,28.5162195431686
2.90694984324324,-1803553.70687139,7.59380158961543,-7.53696429291179,-0.927357444472517,-0.12973939345697,10.7872142495317,-232.188494936684,7.65423850961842,4.69319393458444,-3.71783337903788,2.86422489922352,0.477147411081168,-145.07639895818,-146.447812474848,22.7028942114652,11.9922868975981,1.38050674061716,-11.9125625359707,0.0408658104357936,189.391330749636,17.2863542377595,5.18461931943612,6.5320726512879,-2.81874924149108,-5.89259075749341,-0.910694647830583,205.50739771593,-70.9389138375928,43.7113426123807
2.9118436981982,-1803509.67856548,7.68078094354137,-7.39450944925395,-2.07740845949039,-0.0815959949334274,45.4987297731273,-225.232054173898,10.9489479994501,4.8021582008882,-4.34105505922676,2.05328136384654,0.538134559784888,-101.891351161726,-172.950671432796,1.53185954965497,11.998034999005,2.3211178658098,-11.771374418069,0.0656625680825939,185.990889873555,39.0465293253489,4.60823992165004,6.40477524241427,-1.74996953162862,-6.16106748414707,-0.654555156685414,219.213979477723,-34.4793893992483,58.2018872832731
2.91673755315315,-1803557.53925581,7.76303743751529,-7.08197699518051,-3.1796779862115,-0.0202499134624689,78.4712078228688,-213.286039751222,12.619602249382,4.87076549068664,-4.73674689065514,1.13471818489557,0.492466006577718,-54.7589653421068,-189.552878097727,-19.1888137541923,11.9690859461528,3.2404156393527,-11.5220972427172,0.086948209652294,180.869329251863,60.4879193938806,3.80288143038832,6.26878031911335,-0.626609446713853,-6.2373846514859,-0.328675774997852,226.767646370186,5.59684344706236,70.5198962069561
2.92163140810811,-1803835.09881101,7.83682238756619,-6.60979737102527,-4.21026885700261,0.044600027560393,109.056992497805,-196.804934673553,12.2387919238654,4.89118932407053,-4.88864471264783,0.157752582869272,0.346246422242965,-4.96340653872943,-196.213279117606,-37.6965841935712,11.9057110578905,4.12981115832844,-11.1664952241302,0.103691382386477,174.025681034769,81.539579122273,2.81316988537042,6.12701027205577,0.517706932073235,-6.10509904967644,0.0506438053841466,227.029853705299,48.077891754439,74.4789505761977
2.92652526306306,-1803988.57214027,7.89911737950779,-5.99140707020247,-5.14772733294703,0.102138005776185,136.710691778884,-176.294253051538,10.0130675110598,4.85737146891732,-4.78638095604244,-0.827414606280488,0.115500164642006,46.1143794983128,-192.597350070556,-50.2983540463421,11.808494993971,4.98067244970039,-10.7067014514945,0.115079908505998,165.444128368151,102.122577954349,1.68144596680185,5.98667047713068,1.64368909033914,-5.75660573394151,0.416113730764125,219.262196094371,90.4818238085208,66.5366107805754
2.93141911801802,-1803920.85080766,7.94764477492741,-5.24269045323643,-5.97321138751799,0.144730702670991,160.995799032471,-152.276405774066,6.58611318536595,4.7675328619943,-4.4275009176647,-1.76822091783629,-0.156737118220456,96.2438073019835,-178.389502595359,-49.0794361377768,11.6783589778771,5.78425244200994,-10.1452694445867,0.120505842054496,155.095113943881,122.145132223958,0.447949154192586,5.86419672484872,2.71032889301695,-5.20028081159124,0.716009913189901,203.502427641124,130.117135698935,51.4921113438104
2.93631297297297,-1803767.18810535,7.98076133165253,-4.38144907987776,-6.67049139068769,0.167999137629845,181.567590820345,-125.267905095081,2.52381470305104,4.63049426821994,-3.8239428830226,-2.61130963223408,-0.375294196735763,142.492908989071,-153.743638948199,-34.1320639985768,11.5166000505674,6.5316235891392,-9.48525012925489,0.119559400047924,142.937029805805,141.497210729936,-0.846378689022972,5.77787396211054,3.67871336675038,-4.45543437695215,0.931034844202229,180.368313837161,165.087832456253,33.5421189894251
2.94120682792793,-1803777.64321754,7.99736965011762,-3.42701454503298,-7.2258904384688,0.169968849701501,198.145648991443,-95.7746878849057,-1.74300958227233,4.46573709642304,-3.00257182777399,-3.30565730731828,-0.498057758206223,182.17732218485,-119.159248789398,-13.0247878968642,11.3249478865676,7.21362274006799,-8.7302973372873,0.112042055164266,128.91884106428,160.044436279781,-2.15531946371697,5.74234818122745,4.51401203138856,-3.54940248702871,1.05143110308415,150.8310300696,193.967132249219,14.1908053306019
2.94610068288288,-1803880.4717797,7.99687335955146,-2.39999258996333,-7.62823826953675,0.150569041807121,210.491873818614,-64.2992950257482,-5.84094517957433,4.29776079923028,-2.00216966117411,-3.80290212012806,-0.505542075704405,212.801852924362,-75.2860184721401,10.7682757885767,11.1056410130478,7.820811999782,-7.88480576645709,0.0980062054107544,112.984177218176,177.621161054202,-3.42144841907154,5.76491788951366,5.18702366744637,-2.51576305445997,1.07294289750825,116.133903725545,215.685273341371,-5.57217891974991
2.95099453783784,-1804110.14994045,7.97917684400179,-1.32209580684684,-7.86888338872628,0.111559397905758,218.397589635092,-31.3553930502317,-9.36983907277193,4.15167528898425,-0.874553298530376,-4.05851749203969,-0.390375000320456,231.511343670259,-23.3343832762479,34.4694853200027,10.8615242190999,8.34346451224975,-6.95408572674529,0.0778275709735505,95.0776537168205,194.022739931621,-4.5693412677604,5.84369785056105,5.67535106864401,-1.39254975361499,0.995709313886653,77.7053046491385,229.540249279619,-24.9021045853109
2.95588839279279,-1804634.62044261,7.94472948315552,-0.216016693612414,-7.94179220003907,0.0568706510794021,221.680805261802,2.51319107602751,-11.8243016546439,4.04835956887074,0.312943775528484,-4.03624595289054,-0.160847222504378,235.207025680428,34.0207893502472,52.7590943446724,10.5961680538124,8.77158853695021,-5.94457836714087,0.0523127927331504,75.1544347272826,208.997328731668,-5.4996325848285,5.9681462638638,5.96407671393776,-0.22036056166378,0.823921851655138,37.0590432653867,235.202147384602,-42.9697248460711
2.96078224774775,-1804853.48882406,7.89461507933267,0.89471224577118,-7.843751477966,-0.006683618640681,220.194699412188,36.7129209611786,-12.598075384305,4.00111017500905,1.4775169582739,-3.71830959853721,0.137215943126268,221.853849388592,91.4227761336985,53.4302749093872,10.3140087249429,9.09500885952258,-4.86411243942861,0.0228312451252656,53.1942179483593,222.238083966469,-6.08857011396974,6.1216006582461,6.04594150129788,0.959471720231026,0.566012065425941,-4.28137155329373,232.688679939144,-58.7702320555036
2.9656761027027,-1804435.03826312,7.83067293257932,1.98593030050947,-7.57466299042728,-0.0691101027636476,213.845536339586,70.5926734302324,-11.3926858939582,4.01937806989475,2.53148226941441,-3.12201819155355,0.373455526589493,192.443255152298,141.888671582114,35.556703358149,10.0205008969201,9.3035307164338,-3.72219752747618,-0.00857290840654701,29.2206978268141,233.377505465194,-6.2018844775607,6.28480773663866,5.92126299840482,2.10652623772766,0.236219531100102,-44.7762863358756,222.352491385064,-70.367339515085
2.97056995765766,-1804271.21909004,7.75555593214036,3.03316760916703,-7.13782474366368,-0.120610477580263,202.609758742956,103.458525915752,-8.52017740372152,4.10616683304095,3.40194950979688,-2.29942288271607,0.492782976707758,150.714425396185,180.321253885276,10.9265348113717,9.72226457498804,9.38721583779072,-2.53033738477667,-0.0391875996503414,3.32679747859634,241.986774251108,-5.74406793883675,6.43980369536627,5.59817863793912,3.18299663408167,-0.137661329724909,-82.6390940657982,205.047055086936,-71.8574392157349
2.97546381261261,-1804081.90437468,7.67261262573911,4.01202788793903,-6.54007773126976,-0.154311876800863,186.54477778288,134.590951760118,-4.54676684637806,4.24850003470799,4.03862652337626,-1.31880565270079,0.48272087470321,101.083317636532,204.696013433953,-14.2366721463479,9.42718795130183,9.33679869121976,-1.30232978496511,-0.0660135877949145,-24.2951337598409,247.583818885642,-4.69884004033283,6.5755869384577,5.09487205774684,4.15699678859702,-0.482354861057246,-116.061059602697,182.235106047651,-63.0858192826491
2.98035766756757,-1804058.4680057,7.58569144479308,4.89861538699584,-5.7919152260625,-0.166078146044043,165.801968108687,163.247977691196,0.0172034285909959,4.41999869622274,4.4127826861622,-0.25246274837654,0.350416255244279,47.5308309023776,214.830482940086,-36.36526370084,9.14442690450491,9.14426450019231,-0.054499195920247,-0.0861760000536697,-53.3198738053859,249.65440249594,-3.12220100694189,6.68920889717304,4.43756804191215,5.00534769455818,-0.7685195225514,-144.098513197401,155.415496603535,-50.4473767103858
2.98525152252252,-1804251.4338644,7.49893039817236,5.67004756902591,-4.9075979543578,-0.154139842514953,140.648346258014,188.667634554539,4.69420048066693,4.58951811798368,4.51393483240003,0.829499176700071,0.11906823769481,-6.48064022976345,211.483849344715,-50.8842174793235,8.88422871083292,8.80359995316591,1.1942142399943,-0.0972355978643334,-83.2571117785308,247.691078984341,-1.12860381525503,6.77998112318714,3.65388692577283,5.71115175463237,-0.986828628161104,-166.653396663125,125.659926620571,-36.4887326659373
2.99014537747748,-1804016.08146834,7.41654651551697,6.30509884957598,-3.90523888051711,-0.119136141237374,111.495837762976,210.081102615269,8.94911837355779,4.73004663622633,4.34797628386457,1.86237574507061,-0.158425919548956,-57.5502285222009,196.14178973884,-50.0259004124991,8.65750107210629,8.311693382407,2.42241159392316,-0.09746203820622,-113.429914338912,241.253613189281,1.11122521955988,6.84767183689376,2.7710340752809,6.26194696076389,-1.13340684921077,-183.837585091347,93.737134736293,-21.9778469341603
2.99503923243243,-1803767.38584705,7.34263975396422,6.78500594665566,-2.80678692820511,-0.064648658779375,78.9337489488408,226.742584522681,12.0886436523709,4.82705593950492,3.93843254717803,2.79091707408847,-0.381190766430181,-102.777742720962,170.919733858628,-35.4923522582864,8.47507068737192,7.66930080977679,3.6067503718871,-0.0861233456687346,-142.977778170493,230.048982169843,3.36505582074607,6.89194746792967,1.81551107485936,6.6485231019953,-1.20660709750271,-195.772172471906,60.2222656658168,-7.25853847910928
2.99993308738739,-1803714.87262252,7.28103416470519,7.09443633906439,-1.6378130352903,0.00175029528633479,43.7550738439475,237.980480495261,13.2440327274677,4.87645924207669,3.32019885665495,3.57157308365689,-0.51334944213182,-140.654748309085,137.835505156449,-16.2178737111667,8.34664963424648,6.88191560070207,4.72290141562159,-0.0638114799987594,-170.898907259977,214.019089201253,5.33736147991614,6.91218500304473,0.813312350561832,6.86416961742206,-1.20599223400187,-202.520059313015,25.571926418837,7.4620400246123
3.00482694234234,-1803719.52822921,7.23516681238171,7.22255668509514,-0.4269821232525,0.0677916684953019,6.95184598466959,243.270044360711,11.9248532744434,4.8778347691875,2.53188506408718,4.16927212565295,-0.543369503541848,-170.574456262707,98.278029068776,4.44486852378832,8.2796527641588,5.96031173717702,5.74694126389963,-0.0327497308695731,-196.139260343845,193.412566651076,6.69108256872637,6.90742588415381,-0.209689518270794,6.90424236618367,-1.13198669725658,-204.058806269869,-9.81711519358784,22.0141890935875
3.0097207972973,-1803763.98833304,7.2079188641897,7.16395479891108,0.794887408316805,0.120998828030768,-30.3495690676459,242.30687624218,8.5428871004684,4.83203863042397,1.61445429402788,4.55435337434465,-0.468900756893937,-191.935682232191,53.1802467583034,24.8609803070277,8.27813723846396,4.92052299726362,6.65702708213235,0.00309934568850431,-217.719434118076,168.810476268856,7.12301227758899,6.87640464985608,-1.22727571213686,6.76599846548618,-0.98585034306599,-200.269361928585,-45.5543978463914,36.2027272766857
3.01461465225225,-1803908.86359787,7.20123370788341,6.91906099441868,1.9960866391693,0.153220539499986,-66.9820395383878,235.046062798489,3.93572365528363,4.74081144722388,0.612528241765266,4.70107459323599,-0.294759700471571,-203.76481364749,3.40622878980316,42.9552842664452,8.34217517493935,3.78311739599626,7.43504602658819,0.0384803919063168,-234.86970426617,141.082837927992,6.52799357040798,6.81764989150399,-2.21238313755664,6.44869838771975,-0.769959424489728,-190.936634805837,-81.1962581983297,49.7159956236882
3.01950850720721,-1804431.73238741,7.21574638693341,6.49413440352721,3.1453480363017,0.160356064583605,-101.812580225203,221.702217796155,-1.15307098113496,4.6078901156385,-0.423193842447024,4.58841566224268,-0.0393479142294848,-204.650219026392,-49.5747513286979,52.8291120852328,8.4678557195434,2.57182595460192,8.06785546141227,0.0683792813925841,-247.130370920964,111.278092790186,5.08083812770724,6.72971520317358,-3.13664206019523,5.95403588350288,-0.488690386829108,-175.774856989718,-116.162503887361,61.8718756682069
3.02440236216216,-1804141.88366002,7.25060839151699,5.90093519216665,4.21310881713085,0.141689829688636,-133.799472754562,202.728588246612,-6.06827838722703,4.44309094373785,-1.43397394849865,4.20532707994901,0.233531420380756,-193.254956121077,-102.721321828347,46.7964025110588,8.64790152538449,1.31181368678662,8.54782695449006,0.0892887731833891,-254.383268051653,80.4808225355478,3.10451490427015,6.61173883109499,-3.97013170745382,5.28707334884614,-0.151240667807659,-154.5406494904,-149.582506554967,70.4574423134865
3.02929621711712,-1804031.68866419,7.30355516278332,5.15613967598159,5.17263391876782,0.0996732807113344,-162.038110827356,178.784173622918,-10.1505655518945,4.26985829164602,-2.35574340365779,3.56120244395921,0.428616110881103,-169.051947295516,-151.957038848418,27.5149699133641,8.87270784607952,0.0279932740853879,8.87266368676775,0.0994244304352856,-256.81229887526,49.6848426217347,0.920044941076428,6.46507713562814,-4.68204855509922,4.45821081795321,0.215884036305757,-127.479931154529,-179.963446186519,69.4785953215024
3.03419007207207,-1804038.88370259,7.37119737959891,4.28055408389309,6.00095055336003,0.040184174169691,-185.795547270922,150.693133277581,-12.6603852265236,4.12016360675838,-3.12449342145381,2.68575669146483,0.508681119514397,-132.452575492565,-193.396025318721,2.95995070519309,9.13150950306579,-1.25630930196597,9.0446753807074,0.0984892225941534,-254.819935524217,19.7113858317609,-1.20976948372933,6.29853406631146,-5.24493101899911,3.48743888698096,0.543545285407365,-95.5199809169065,-205.495534917414,58.8334182451792
3.03908392702703,-1804159.66519869,7.44947051731494,3.29818420327236,6.67956525154364,-0.0269305715539012,-204.535242175815,119.397061737163,-12.9148122706711,4.02396548532029,-3.68026915858344,1.627242190772,0.458215617933034,-84.8527468902877,-223.332586453273,-22.977606866611,9.41341082758179,-2.52020608115678,9.06977754508536,0.0873267355979923,-248.932906414798,-8.82226073292616,-3.08823228437367,6.12814865751983,-5.63724836426829,2.40325546877907,0.804218218757549,-59.7544935184201,-224.81264014601,43.9909920334657
3.04397778198198,-1804414.90669785,7.53412351394994,2.23520166213494,7.19492117073166,-0.0889639485370198,-217.934778883914,85.8877514866427,-10.9224586394104,3.99869836926582,-3.97302089035669,0.452430826932101,0.278905050848288,-29.1551682799243,-238.309671406278,-45.880257660405,9.70813334536861,-3.74563836611396,8.95645277337814,0.0676068997504168,-239.72091161908,-35.4948778514176,-4.57532628778697,5.97247190968514,-5.84247595418331,1.23931248552086,0.983455205742022,-21.2197715060205,-236.994056005723,26.778283289967
3.04887163693694,-1805049.05604955,7.62101792838083,1.11883641443322,7.53844276641006,-0.136155157948005,-225.882200967306,51.1245027849764,-7.40681297056559,4.04310238015574,-3.97182084138269,-0.755854523290782,-0.000586958671015325,29.5849337910512,-236.072605278488,-55.8657288903099,10.0064585470466,-4.91741519734758,8.71482876657118,0.0415734727201226,-227.738750483414,-60.0510174889182,-5.57834711591982,5.84954094934933,-5.8494460793285,0.0333149087218398,1.07200105165722,18.9278712985595,-241.315256599064,8.08049364953077
3.05376549189189,-1804166.13708664,7.70620239813208,-0.0236203475381112,7.70616619858142,-0.163032078242676,-228.437509159938,15.9782674608271,-3.11669309936767,4.14284700358726,-3.67717155244617,-1.90829522585278,-0.279752238054812,84.5428036280773,-217.196113861231,-46.2632702578556,10.3004183095325,-6.0230258709481,8.35594259848896,0.0118234285912186,-213.4919132817,-82.3628916760035,-6.05090607274491,5.773780354534,-5.65319724119771,-1.17384008046979,1.06426014223733,59.3505470013792,-237.257235725853,-11.3760631035734
3.05865934684685,-1803817.37716482,7.78595885865782,-1.16553867716617,7.69822544101834,-0.167322088941682,-225.780470354938,-18.7819064445704,1.38929349254575,4.28327404235102,-3.12639280510191,-2.92781566190309,-0.463219661249572,130.257997646735,-185.078660997803,-24.8281461717405,10.5833101898261,-7.05233433016458,7.89119984981114,-0.0189355880073264,-197.420528626143,-102.393777768297,-6.00244052583446,5.75300244213209,-5.2559406093147,-2.33925744853669,0.958240420621485,98.5355811389102,-224.589659014021,-30.815961973842
3.0635532018018,-1803669.8658679,7.8568723989318,-2.28142505108749,7.51834713413572,-0.149139143317218,-218.168813930218,-52.4808484741464,5.66464834548816,4.44627725194716,-2.37459157597882,-3.75908183583082,-0.528033699772217,164.561826164006,-143.771514879262,-1.07462199220577,10.8496083281455,-7.99723115720953,7.33200482080598,-0.048200976667126,-179.895484280774,-120.167270785993,-5.50811955656946,5.78647928451769,-4.66784142980861,-3.41973667060999,0.756100522498909,134.855768747155,-203.468519243816,-49.2801632275578
3.06844705675676,-1803632.23332744,7.91592307880043,-3.34722681646834,7.17341695627687,-0.1106756054868,-205.911601002921,-84.520782361976,9.27963931743188,4.60983215613087,-1.48077454346185,-4.3655308106957,-0.473965881171629,187.157379488031,-96.5431866112846,21.5766206521368,11.0948228199678,-8.85128917297232,6.68952714195122,-0.0740167835730211,-161.221880170156,-135.743148058839,-4.68083132493914,5.86506739300151,-3.90738292184315,-4.37394264097485,0.465438788345907,166.659307688638,-174.534147970195,-65.2990110976506
3.07334091171171,-1803768.55563884,7.96059576669947,-4.34054106111671,6.67313931051596,-0.0563427501428994,-189.356556369541,-114.363005075824,11.7415050055688,4.75121632931554,-0.503017781098513,-4.72451370194366,-0.312267493250848,198.311331609803,-45.8739175563538,40.7043023798345,11.3153460004745,-9.60944995891109,5.9745733402176,-0.0950092899165174,-141.646613323696,-149.199166073543,-3.62910677692705,5.97373618221865,-3.00124835292223,-5.16507815031194,0.103110411522403,192.34619704576,-139.091075709995,-75.1560774009733
3.07823476666667,-1803854.93362553,7.98900712842005,-5.24079238016375,6.02978690551863,0.00673944456888772,-168.888234453875,-141.512939462656,12.5058974861117,4.85035309465356,0.502338772636179,-4.82426998625924,-0.0669228573732838,198.365977235359,6.02973437738258,51.7030564489796,11.5083089160261,-10.2677553062093,5.19753548121579,-0.110307851342292,-121.367684464918,-160.618081024119,-2.44292412789672,6.09667754130405,-1.98392095138555,-5.7648533980748,-0.286121985663826,210.471307774148,-99.5976012297173,-72.6212604973685
3.08312862162162,-1803394.37307596,8.00003842992376,-6.02942340565546,5.25800991588939,0.0687162247182175,-144.927816761379,-165.516341230875,11.3611661207257,4.8935891676853,1.48064199125507,-4.66421635816984,0.204763071238948,187.868748025584,56.5562184394601,48.136231897313,11.6714577967749,-10.8231268035603,4.36839252997641,-0.119438531195485,-100.54355384226,-170.078972911715,-1.19241954379132,6.22594281167492,-0.896535275180756,-6.16105416260912,-0.623102193451282,220.430053450014,-58.9474890261524,-60.1683557196329
3.08802247657658,-1803202.66417509,7.99339568904131,-6.69007054777754,4.37462349320988,0.120351105776145,-117.922359688234,-185.967257822147,8.66911096913947,4.87912678238881,2.38102625289202,-4.25870780186464,0.414439461599846,167.739627736155,103.168093162266,32.6564863421919,11.8030531081713,-11.2731908446319,3.49674575209864,-0.122232046780205,-79.3017110009926,-177.651749757944,0.0678772618617485,6.35814872086247,0.220379583114588,-6.35432828833633,-0.887805542860156,222.704552320595,-19.0935792553747,-45.092868092227
3.09291633153153,-1803157.45021521,7.96952246171532,-7.2086470025378,3.39833733766793,0.155407334409612,-88.3328197780199,-202.508914555509,4.98905423558463,4.81336881312531,3.15803826861662,-3.63253542654718,0.531327934660867,138.900432202997,144.215877108144,12.8052903733703,11.901790436919,-11.6161439135702,2.59187503239697,-0.118759758576867,-57.7461835943111,-183.393828825966,1.29338063966187,6.48984082320899,1.3305102480252,-6.35198995516286,-1.07403087437355,218.163231814419,18.9095459568937,-29.2485412666469
3.09781018648649,-1803179.34953037,7.9294817113116,-7.57339874555774,2.34953434765479,0.170241648131991,-56.6361718846308,-214.821828745952,0.785164407689343,4.70596206727725,3.77003057492199,-2.8165490307832,0.542492365333549,101.958413793696,178.467817344706,-8.80612645626654,11.9667413115442,-11.850652680575,1.66280746383898,-0.109298240383586,-35.9640239929154,-187.348225645697,2.44409982122104,6.61662731357147,2.40201190125878,-6.16523282876739,-1.18029095552663,207.645515506926,54.4323085006666,-13.3294280487561
3.10270404144144,-1803283.50874668,7.87486877714752,-7.7750087213841,1.2501190502084,0.163258978486506,-23.3387717484293,-222.613738243815,-3.54906912667745,4.56805269229386,4.17762240655358,-1.84785725310011,0.443266670098201,57.36846844712,204.420403747584,-30.4338514996133,11.9973119602571,-11.9757841534994,0.718392775939997,-0.0943187603646566,-14.0309591774293,-189.542516061142,3.48015042218257,6.73323159653613,3.40696540309446,-5.8076668701562,-1.20732515486111,191.865705304957,87.068069818682,2.30970751247839
3.1075978963964,-1803595.85723898,7.80776163125905,-7.80678646304203,0.123396965216637,0.134750956865216,11.004564100725,-225.618817380889,-7.60997097715973,4.41184531045368,4.34371525939319,-0.772344993307359,0.238153850337416,5.93805441218003,219.953131343916,-48.9772991919913,11.9932183841434,-11.9909622723493,-0.232617696772444,-0.0744967361617604,7.98355720557165,-189.988328837887,4.35848094955908,6.83377366293026,4.32066895430835,-5.29455213058057,-1.15719388040184,171.400053045052,116.519800780439,17.4378120490198
3.11249175135135,-1804407.46306284,7.73070721894203,-7.66496308037685,-1.00606912360049,0.0871592687149083,45.7689288981122,-223.608812640902,-10.8945131783829,4.25157249129627,4.23700295067538,0.35167406033905,-0.0465063218217121,-50.0395504465045,222.421933297503,-54.6579224744149,11.9544766712447,-11.8959485814436,-1.18149051243887,-0.0507339508690659,30.0116470679467,-188.681172277364,5.03158211762598,6.91207705617018,5.12096593354498,-4.64246886235181,-1.03294703437091,146.702159174434,142.525805738047,31.855470157088
3.11738560630631,-1804064.65737075,7.6467439617376,-7.34909717406091,-2.11269116119238,0.025805825081387,80.2392745239856,-216.418310410449,-12.7300457214664,4.10841159535,3.84331975492814,1.45187433966767,-0.308425374406732,-105.801984993103,209.81569681358,-42.1452936294068,11.8814080235828,-11.6908458016698,-2.11942941954608,-0.0241809149855006,51.9824424440928,-185.600504785337,5.44946163713924,6.96195363973139,5.78769054605269,-3.8692940732001,-0.838639178830961,118.132788343099,164.804855491228,45.3168537454586
3.12227946126126,-1804006.80514487,7.55945572061711,-6.862570335137,-3.17025222770498,-0.0401411884997554,113.6024327871,-203.983575472844,-12.4697259627978,4.01342816341544,3.17898310074434,2.44983102847485,-0.46795925811578,-155.652953220054,182.031972722328,-18.8529644179811,11.7746583863115,-11.3761241570027,-3.03749556029224,0.00376066550232652,73.8174629303639,-180.710034074986,5.56585929923619,6.9774967096445,6.30229381697597,-2.99442030743953,-0.579778496916328,86.0084079538606,183.010299420431,57.3762614081801
3.12717331621622,-1804040.846185,7.47300167131718,-6.21307284618991,-4.15252691592083,-0.0988914345465914,144.972176684286,-186.381064961826,-10.0996100156053,3.99207509124752,2.2867902227276,3.27219406689095,-0.496955018586544,-194.900571382265,140.916951207795,7.70101645746574,11.6352327767205,-10.9526711723662,-3.92652976029594,0.0314776780068613,95.4257853404956,-173.958277753084,5.35333272896796,6.95350327024527,6.6477746255913,-2.0391910789958,-0.26487656474916,50.7028993940323,196.687940761357,66.8327305956067
3.13206717117117,-1804192.54069768,7.39193605736195,-5.41284856829414,-5.03406287732324,-0.141137288655809,173.440154578699,-163.849282811837,-6.21663397622294,4.05027524303294,1.22997738692169,3.8590005405528,-0.390949093541122,-220.142733330307,89.8139053627172,33.0420176993359,11.4645442428282,-10.4218663035978,-4.77707833782309,0.0572939927920062,116.69880930206,-165.279480261813,4.81341151615787,6.88641542778826,6.8093228109163,-1.02754089982596,0.0885488090397381,12.9624992570031,205.249558956526,68.8888977290089
3.13696102612613,-1804324.54387075,7.32082005603911,-4.47867130040292,-5.79101974403919,-0.161057774308821,198.120175916951,-136.799981054413,-1.47554313934368,4.17120667900565,0.0853628894245306,4.17033312051812,-0.166534841593185,-229.516752492929,33.2543208286369,51.6411898505121,11.2644776136191,-9.78568307934559,-5.57932456291407,0.0796117931684399,137.504169925206,-154.595197387187,3.9693032748981,6.77741267699222,6.77739961816133,0.0133045105694658,0.424012412540928,-25.8458338538137,208.130878388798,61.8992815686784
3.14185488108108,-1804245.42760604,7.26378733733022,-3.43164680912463,-6.40206268786737,-0.155892720049245,218.185158882826,-105.828179567166,3.5260289382055,4.32477387022043,-1.06519013800759,4.19154374883917,0.125462804963998,-223.127933175201,-23.2348246303468,53.18318678878,11.0374701695818,-9.0468246043457,-6.32303031169496,0.0969870255409872,157.678393814016,-141.817133913243,2.85618023298346,6.63507739886634,6.55086447237816,1.05376788406203,0.707541624726522,-64.3621483331056,205.027480372254,50.0091215531713
3.14674873603604,-1803753.99913242,7.22414786458329,-2.29681971157466,-6.84930153971085,-0.125797484926766,232.911226758323,-71.7168938255794,8.17102278207708,4.48471651801927,-2.14591644232748,3.93798487421466,0.365297026294615,-203.217974927439,-74.4347193410227,38.0588178952197,10.7866108676285,-8.20889914120543,-6.9974959020465,0.108173595498275,177.01822945133,-126.852047626145,1.51714966489582,6.47159901366701,6.13377813483027,2.063579314292,0.924103628072641,-101.637995053035,195.832309444067,35.6266468481558
3.15164259099099,-1803601.05565774,7.20409892781076,-1.1025345415414,-7.11923162612316,-0.0741824922284745,241.730800367056,-35.4296749685511,11.7252067861093,4.63431379067089,-3.09736988728199,3.44719655542894,0.506050983916196,-172.966292737318,-117.438731651526,17.1690237149062,10.515758016965,-7.2766423098324,-7.59155078795641,0.112158522189945,195.270852784305,-109.609813113335,0.00414651791162324,6.30104840366667,5.53448452184781,3.0120909785027,1.06380809320808,-136.798858816324,180.48282354928,19.5198375329023
3.15653644594595,-1803564.78823611,7.20460587010327,0.120488292095907,-7.20359828939637,-0.00854541706567298,244.290284669177,1.91655681620298,13.3049316093248,4.75999862518588,-3.87557936970067,2.76359755769939,0.536987263443678,-135.017834395777,-151.426402657285,-4.61552356908915,10.2296718111896,-6.25619061336238,-8.09359403317985,0.108215060677391,212.123609952934,-90.0160578513893,-1.61606492910396,6.13818596772311,4.76578954666704,3.8684075497848,1.11930200340166,-168.89180403519,158.963727764743,2.14688193007518
3.1614303009009,-1803592.04294606,7.22547750815567,1.34036830515037,-7.10006605796113,0.0588668238647735,240.501192688847,39.1128647948303,12.3480236526303,4.84942403078076,-4.44754823123976,1.9329325288561,0.459895748225304,-91.2336370761281,-176.198546699395,-25.245049224844,9.93415195800187,-5.15540621030306,-8.49171136647031,0.0959978728989058,227.194760863479,-68.0310440067948,-3.25146689630484,5.9970229703625,3.84556648149592,4.60172825615014,1.08527691250883,-196.826624262624,131.368776462391,-16.0557621780416
3.16632415585586,-1803715.91769633,7.26552778342645,2.52550021898438,-6.81246964144806,0.11493481946063,230.558075094345,74.9673711360026,9.23213019111836,4.89156047882581,-4.78791574046195,1.00161209070544,0.284536771195238,-43.0295890211138,-191.503170196181,-42.6638966858119,9.63616064760226,-3.98424300472759,-8.7739044732478,0.0757003917143424,240.02797445971,-43.6764225897927,-4.77133855868614,5.88899384311684,2.79752330404079,5.18209531440871,0.958744381621248,-219.366769513875,97.9975727401629,-34.5366695798559
3.17121801081081,-1804142.75280773,7.32259704445092,3.64594905609382,-6.35039234660111,0.151188125775957,214.903962256264,108.414987738902,4.85417605525753,4.87787696777774,-4.8778441214509,0.0179008268942907,0.0332567813671851,8.04518091303949,-196.837781413176,-51.6287021936993,9.34389630965309,-2.75512646570596,-8.92847559236823,0.0482844873120444,250.095129420812,-17.07062879719,-5.99447687743543,5.82101270917406,1.65189878635717,5.58170398355177,0.739910216710273,-235.173691404739,59.4831067073361,-52.4631657386047
3.17611186576577,-1803828.51064898,7.3935762692705,4.67453984154702,-5.72831976405904,0.163476580013205,194.164817493714,138.572321509821,-0.0232799825139085,4.80571041873931,-4.70746393133155,-0.966765723426318,-0.231750250741755,59.5900923673072,-191.693522024737,-46.1014450218427,9.06676436046636,-1.48329171051948,-8.9446107612197,0.0157556229399881,256.813925642603,11.5288198717586,-6.69297061482223,5.79410078636598,0.445786389993401,5.77692638148207,0.434112724235201,-242.926515071952,16.9619540039775,-68.259429878217
3.18100572072072,-1803919.49890817,7.47456904453512,5.58759723103097,-4.9646691315029,0.150955325950818,169.084557118948,164.749011059837,-4.79273865325287,4.6841615232754,-4.28194319777783,-1.89903439335308,-0.427757668851242,108.864792731391,-175.915928620958,-29.1718687709785,8.81517080106999,-0.186987209279929,-8.81318739365065,-0.0186452188361779,259.587601088327,41.6829231675551,-6.64292215643905,5.80362134683676,-0.777366364362347,5.75132352359154,0.0573159179281038,-241.590107908119,-27.6152046614784,-77.0719131081635
3.18589957567568,-1803728.70851545,7.56117068404375,6.36538541273651,-4.08082965346067,0.115549193480676,140.472546695563,186.438901706694,-8.90366220859566,4.53061766529606,-3.61881600401764,-2.7259250096359,-0.52346893845154,153.606432296742,-149.573889229525,-7.62065740699971,8.60005242083153,1.1125843003638,-8.52778152954415,-0.0506735986244024,257.87102150272,72.7425919769565,-5.74680868243458,5.84293335331613,-1.97011468908779,5.50077433486729,-0.336606406846434,-231.063862321322,-71.0110122698877,-72.6123473621128
3.19079343063063,-1803789.01228599,7.64881124755642,6.9923226979866,-3.10028011443596,0.0619187038648615,109.165994699425,203.302235636202,-11.7715588281854,4.36627260441691,-2.74587887481041,-3.39477328564833,-0.503964242921239,191.579955603168,-112.76152311871,15.8739183508012,8.43207433249496,2.39172300574728,-8.08576147388108,-0.0761133056605237,251.258629983421,103.850926329696,-4.08959503327411,5.91181929329977,-3.08800498757557,5.04121340089266,-0.668807555693024,-212.479231192079,-110.0311869984,-58.2738521366632
3.19568728558559,-1804017.59253293,7.73311322968522,7.45704535973076,-2.04780729709865,-0.00216639480117777,76.0047258895697,215.146467485479,-12.7784762968879,4.21307932630669,-1.70301644798596,-3.853540240823,-0.364729754943527,219.984792011374,-65.9299276433654,38.6723596318574,8.32052047401599,3.62517060019801,-7.48927226624719,-0.0915695489571435,239.578311061642,133.988949184713,-1.88309090338209,6.01101765525237,-4.09490700100857,4.40046246488329,-0.919344928213066,-187.522998171201,-143.041609258031,-41.3151333185623
3.20058114054054,-1804613.29221715,7.81021707039944,7.7523699568823,-0.948815439581166,-0.0658660591040173,41.8063881008634,221.910649564665,-11.6866907748681,4.09067893412731,-0.546030954696667,-4.05407256208198,-0.117240646602665,235.337467823378,-10.8507189913355,54.818274716033,8.27206163010229,4.7875061163637,-6.74587198203395,-0.0949442146943446,222.965902179994,162.067796600714,0.587889111603807,6.13771607050007,-4.96323496928758,3.61079730831235,-1.08195888887865,-157.804830062041,-169.471877016291,-23.6513087785396
3.2054749954955,-1804453.23651811,7.87697206856811,7.87510924073939,0.171299198548003,-0.119033302549858,7.33020826299693,223.648409722796,-8.93319318997117,4.01506982144216,0.650358230247823,-3.96204743073635,0.183452992216803,234.454596305491,47.7886912594943,52.5335378933784,8.28971826803749,5.85482962199795,-5.86859430024004,-0.0856906578411054,201.892586120966,187.054857354541,3.00295469504902,6.28517866061096,-5.67295530162898,2.70574369472037,-1.15585801599846,-124.708715023749,-189.231207636622,-6.12477100358158
3.21036885045045,-1804071.89610209,7.9309036964201,7.82567203951227,1.28766865764679,-0.155197991003729,-26.7481460549578,220.499561089226,-5.19000162844793,4.00296890256306,1.79851500835825,-3.57618564948704,0.40809473233112,216.567621853695,103.14841817765,32.6392608030312,8.37235299080787,6.80643197757336,-4.87532340848855,-0.0649146677438544,177.127820218427,208.103834197066,5.03719704778636,6.44370175603118,-6.21032211952507,1.71848523194612,-1.14320659891446,-89.3721076192666,-202.460569783662,10.7772142964933
3.21526270540541,-1803865.87631659,7.97011778227201,7.60762778018981,2.37629480944026,-0.170933318834338,-59.8313411879986,212.658024351773,-0.984772916155062,4.06426512089168,2.81603444878477,-2.93056324895985,0.509845600247115,183.869684042658,149.557211963008,7.03439607155022,8.51487525939606,7.62610782418221,-3.78755595826938,-0.0353186873632418,149.642816404518,224.651879903278,6.39973617524327,6.60190787741238,-6.56667637782165,0.681137996883755,-1.04808587303353,-52.7142011127291,-209.394262407041,26.7124841457122
3.22015656036036,-1803738.75517487,7.99323515802669,7.22735862763228,3.41424890116452,-0.16504572016528,-91.3804854902094,200.350411769329,3.27356391610685,4.19025807004349,3.63721184878483,-2.08061352985696,0.478438693046622,140.022215665331,183.840785474672,-18.698176963208,8.70908147889166,8.30286014161854,-2.62880460945576,-0.000917305991421709,120.481877468563,236.457877357401,6.89251028358397,6.74791754285186,-6.73746413065236,-0.375457392124287,-0.876081757457341,-15.4877096957793,-210.278667102892,41.3712551634554
3.22505041531532,-1803712.57873861,7.99936897493969,6.69382292528772,4.37979892713355,-0.138197679673269,-120.893549213222,183.827773126347,7.20918879099459,4.35541308810187,4.21625660543808,-1.09215539421312,0.322863830615035,88.9740529845301,204.642788247935,-40.7971445825747,8.94483810153963,8.83092659886784,-1.42297718469537,0.0336064154725979,90.6377422621316,243.578579952243,6.49952444352662,6.87025225643268,-6.72155347477944,-1.42164867414516,-0.634373321398975,21.6542207245458,-205.331299223031,54.3366533514893
3.22994427027027,-1803963.52406208,7.98814453188522,6.01842313550006,5.25252663242799,-0.0929538322553337,-147.886442887081,163.368792322586,10.3958123779657,4.52708145463185,4.52695237863013,-0.0341856473776101,0.0704672472208749,34.6490458418289,211.801543149485,-53.5211312967433,9.21126010791111,9.20923756423986,-0.193018809933331,0.0640779384438445,60.9601514830273,246.29981887356,5.40621347103879,6.95854498520249,-6.5209219234069,-2.4287703843546,-0.332715223942448,58.0651651829359,-194.742869691499,64.6925796424075
3.23483812522523,-1803468.30800333,7.95976232175286,5.21495849641691,6.01348685035941,-0.0342395558936116,-171.879392223143,139.292677911189,12.2918514673308,4.67664939725244,4.56274706385637,1.02586003728172,-0.212347482352398,-18.8104305725333,206.170343753259,-49.7650656186069,9.49764258931496,9.44052811369812,1.04002100404023,0.0876685501829858,32.1118097508861,245.049527811573,3.87874433345515,7.00438130967334,-6.14090182295008,-3.36907737106016,0.0125524750250997,92.9154191101034,-178.783311908507,68.7774151653864
3.23973198018018,-1803097.45065132,7.91510343688192,4.29962921326863,6.64545341153988,0.0299646824179741,-192.392800472025,111.97770388518,12.3512646055909,4.78919941004178,4.3388480729048,2.02751779015498,-0.427183408965194,-67.9584581580782,189.50030120915,-33.2788878019638,9.79407366951174,9.53035566174872,2.2574764681824,0.102865381778396,4.56744915437243,240.317464554073,2.15149401249488,7.00339999409407,-5.59176773230587,-4.21660350343967,0.355058927711416,124.999731491779,-158.06373557249,64.0520627099345
3.24462583513514,-1802991.97384686,7.85584721149806,3.29103049169666,7.13326388921121,0.0892730901622979,-208.958960618267,81.8711925195939,10.5081693400559,4.85905256371513,3.88316248227559,2.92086304937322,-0.545136360372036,-111.066040549663,163.678782086097,-13.0646398682355,10.0917608051811,9.48620260524184,3.44319564958096,0.109183490307935,-21.36078487242,232.595774118491,0.40037922101341,6.95849285285567,-4.89090450803229,-4.94971472678506,0.653073102124445,153.276203786631,-133.361123231973,53.6972699748409
3.24951969009009,-1802967.53091199,7.78447424294134,2.21003960708595,7.46416533673582,0.135046375818533,-221.141672232653,49.4841786124639,7.23010176971881,4.88347532264975,3.22818766740816,3.66430561101595,-0.557829807647549,-147.392797829884,130.075381846877,8.00052206528246,10.3831430194858,9.31674781302452,4.58343420936731,0.10686917398853,-45.4879777615002,222.342483466595,-1.25067710726321,6.87607524977247,-4.05900569443955,-5.5502147357594,0.892031627459825,177.231898091047,-105.26097810462,41.036002876992
3.25441354504505,-1803002.43070189,7.70412630251508,1.07961376937013,7.62810567533585,0.161574107859486,-228.547614292551,15.3894344539267,3.05976308709319,4.86070569711849,2.40923450397675,4.22161686784199,-0.465131139719211,-176.278221651429,89.5806885175325,28.3801481553398,10.6618656776992,9.03132282762684,5.66662048424691,0.0966767192353025,-67.7214686273202,209.963498683749,-2.71462744600767,6.76413151759229,-3.11858552712182,-6.00232450783126,1.06343313089437,196.510303805097,-74.203957973161,26.9082748460296
3.2593074,-1803161.13997305,7.61843317083037,-0.0754365358395621,7.61805968127509,0.165644006689465,-230.834212245698,-19.7675249559955,-1.52951393764047,4.78978487130991,1.46540545089388,4.56011249619127,-0.274028326094151,-196.724215584868,42.9338145248739,45.8938396897809,10.9226803729439,8.63953312675132,6.6830691962048,0.0797228995284535,-88.0310870582416,195.807126258053,-3.92780133846507,6.63150757409252,-2.09390265638859,-6.29225431549101,1.16111437592012,210.728470958248,-40.5810990870373,11.683150810277
3.26420125495496,-1803743.43057904,7.53133916896429,-1.22872835308685,7.4304304257759,0.146278968483081,-227.726840275642,-55.2535115002561,-6.07256076442367,4.6719096491261,0.441992348128073,4.65095501309073,-0.00619274282140248,-207.226772997414,-8.60286181211121,53.8496740185628,11.161313549848,8.15101195704442,7.62469174682743,0.0573987058506518,-106.425939113273,180.165975480141,-4.84135680154597,6.48744402004948,-1.01130081753934,-6.40813549870163,1.18026463899714,219.420091448985,-4.80205764191354,-4.38695214801389
3.26909510990991,-1803372.62561559,7.44693614345487,-2.35270493859598,7.06552456627253,0.104918399045228,-219.049681558824,-90.2361741743627,-10.0175307622832,4.51505352944766,-0.606862279080266,4.47408387807016,0.264468414091477,-206.11735295615,-62.3101403387633,45.9283752824681,11.3743306414749,7.57527373561859,8.48472895100621,0.0313093315129938,-122.937318142848,163.282571794387,-5.41891890942939,6.34106816282276,0.100298258101267,-6.34027489191015,1.11724485443998,222.018226125976,32.6368310982002,-21.0429359547934
3.27398896486487,-1803342.19428354,7.36931350246032,-3.41922516867509,6.52806868403227,0.046103660860249,-204.770755160432,-123.78314496405,-12.6307552269476,4.34112340293459,-1.61918118143343,4.0278536097031,0.453091010003278,-192.271336390501,-114.60064224598,26.2003574035234,11.5590100333314,6.92163877561594,9.2575174647713,0.00320951675635794,-137.606640931963,145.356345647266,-5.6401288017649,6.20074886369338,1.20888144372042,-6.08176718771963,0.969835279449201,217.866135719292,71.073045976294,-37.9257586845708
3.27888281981982,-1803443.00180876,7.30244049243478,-4.4004124902003,5.82769311663202,-0.0213891532242477,-185.056201508413,-154.883036232467,-13.0735887853884,4.18029334905175,-2.52957564298528,3.32807745561036,0.526471988126711,-165.296239830518,-162.035601301787,1.70142426722167,11.7132330059207,6.19920732629896,9.93829240747887,-0.0250919565046552,-150.477185142375,126.550652708081,-5.51063690420963,6.07333742201612,2.27895961529419,-5.62954443214721,0.737987267594274,206.270019893071,109.577966313493,-54.4156096211728
3.28377667477477,-1803656.6148089,7.25006698082676,-5.26978718375922,4.9792383217076,-0.0846322269936346,-160.310504785288,-182.507520046615,-11.0995875303652,4.06238455644831,-3.2721435797386,2.40749759668523,0.470105252675495,-125.539139512682,-201.019547867617,-24.1377752434387,11.8353910458211,5.41686692419219,10.5230239918521,-0.0518968522857384,-161.588504911201,106.999173902994,-5.06815233496792,5.96349880857254,3.27158164265113,-4.9859875245847,0.425679183237473,186.640645538149,146.822584363082,-69.1367542412883
3.28867052972973,-1804158.86661057,7.21548148168396,-6.00351753805318,4.00261791616587,-0.1323850285279,-131.17221123208,-205.707362106247,-7.30759581243094,4.00784086319842,-3.7849670381121,1.31788197693418,0.285094235692323,-74.6888111651038,-227.629184833305,-47.1200222789877,11.924309747186,4.58332227718695,11.0082841465088,-0.0757734798543344,-170.972523570242,86.81167398936,-4.36898438162136,5.87372388311207,4.14536607067568,-4.16131858851639,0.0466197251813907,158.891139978853,180.86058862726,-77.1994994194155
3.29356438468469,-1804695.02540768,7.20106319595129,-6.58150929608002,2.92216470064514,-0.157708185117944,-98.4756938243973,-223.693037009166,-2.50356654828946,4.02117279966864,-4.01903169138964,0.13120574835218,-0.00109497011438231,-16.8410735510506,-238.313710242278,-57.176518503113,11.9791897334075,3.70714168848978,11.3911407317457,-0.095586696101952,-178.65063903626,66.07932729058,-3.47085459531178,5.806905087143,4.86049304243966,-3.17738163831209,-0.346315810956682,124.365657066842,208.985557204216,-72.2527288595329
3.29845823963964,-1803763.73090315,7.20788683779288,-6.98827447629715,1.76568754607421,-0.157420694010794,-63.2050957226192,-235.880767727991,2.61004423758003,4.09438204169481,-3.95337777362261,-1.0652551254886,-0.286670949338807,41.2035254741019,-231.72785030126,-47.2513626191484,11.9995644473075,2.79681588682436,11.6690774194146,-0.110482025807452,-184.631547270887,44.8796724329888,-2.4264084233828,5.77343260613128,5.3890226413441,-2.07146301647422,-0.675907563413938,85.5278958618771,228.939867378178,-57.3648745592756
3.30335209459459,-1803387.51883656,7.23552504410386,-7.21356025330621,0.563357023365232,-0.131607742742144,-26.443789541064,-241.919751565894,7.38228253530035,4.21774079130812,-3.60699643664862,-2.18607275466042,-0.473608596305867,93.0429972835176,-209.759352835661,-25.1394722070012,11.9852740131012,1.86082621578091,11.8399374560756,-0.11985078033578,-188.909579752852,23.2812664249921,-1.28153409424764,5.78433775927544,5.71577200105844,-0.887982964530317,-0.919964556549438,44.6803933205874,239.907150528526,-39.3994041251952
3.30824594954955,-1803210.66636157,7.28209530472308,-7.25271237170779,-0.653509969584726,-0.083597868657791,10.679827192044,-241.705521407481,11.1202012173044,4.37513714224092,-3.02294780078743,-3.16284865384521,-0.53806567140882,135.358428339562,-175.948051965218,-0.626665823796797,11.9364543866319,0.907720089295838,11.9018900836645,-0.123297366749929,-191.463390577507,1.34818028525146,-0.0769678999023615,5.84501489563241,5.83582657454998,0.327608488811041,-1.06990160466589,3.70372059406668,241.978296343993,-20.3508451470574
3.3131398045045,-1803133.86890867,7.34453966170176,-7.10676198138577,-1.85369819070958,-0.0204057305691,47.0476452321989,-235.379750794982,13.039163368025,4.54370520312082,-2.253412153253,-3.94555327431261,-0.479875254543835,166.98815556888,-133.637042467852,22.6961231051366,11.8535413862453,-0.0538076899941584,11.8534192589281,-0.120620459334804,-192.254889998676,-20.85546313139,1.14838421353468,5.953253313004,5.7528092069991,1.53179999890961,-1.12347300802001,-35.86383270003,235.70984788118,-1.25903793081103
3.31803365945946,-1803157.85661718,7.41907152753242,-6.78223591938581,-3.00730747753455,0.0467937650224593,81.6109744870075,-223.314364639568,12.5731488787975,4.69827208451971,-1.35306624509863,-4.49921907852372,-0.311104440357453,187.639429727079,-85.5605539662646,42.2445554699422,11.7372897858155,-1.01482881069092,11.6933354523506,-0.111813524614582,-191.228400571386,-43.2606599928321,2.35327876043726,6.09977397950932,5.47718824754968,2.68470696762284,-1.082491983974,-72.813792515226,221.910632047692,17.1674240344988
3.32292751441441,-1803446.53288217,7.50163860515114,-6.2906522365157,-4.08684183710526,0.105325758218875,113.461398300058,-206.067854461411,9.98373184041671,4.81593899678367,-0.37701785598221,-4.80115881397525,-0.0574296998444124,197.266136159539,-34.1998424389686,53.0574622176777,11.5888083230288,-1.96609169570802,11.4208126589998,-0.0970876717304311,-188.310113328057,-65.7881187305179,3.48949264537196,6.27029662037054,5.02467128184684,3.75090631938654,-0.951798767675025,-106.233676372272,201.497247707549,34.3656525704714
3.32782136936937,-1802974.46353428,7.58815628839007,-5.64762193638522,-5.06798602214866,0.146631083426626,141.883553279465,-184.314061025236,6.09419249396474,4.88070538128474,0.619595116496753,-4.84121750291341,0.219470181819323,196.050640709179,17.5537315288706,48.868716159809,11.409612122946,-2.89792994397149,11.0354542650454,-0.0769185981608622,-183.408052010943,-88.341966564943,4.49715088376908,6.4480927805956,4.41485148382696,4.69967944469834,-0.738835458269286,-135.444298536173,175.404590408134,49.783139194871
3.33271522432432,-1802812.60148942,7.674587273634,-4.87181670372105,-5.92998244735763,0.166267683158523,166.355095391608,-158.773872330502,1.61599267257163,4.88915230286461,1.58348855110958,-4.62562149868655,0.431257461753677,184.619269367846,66.9541551496475,32.9347289482175,11.201694513161,-3.80017221581744,10.5373929933504,-0.0521161628927403,-176.41292283547,-110.802268709881,5.30130747402836,6.61627347764465,3.67022829648511,5.50495222346788,-0.453967375726314,-159.919584275755,144.563304533707,62.6006818222024
3.33760907927928,-1802839.16829324,7.75702865023697,-3.98407098246915,-6.65572474545369,0.162791010152343,186.514410383022,-130.171230572252,-2.91843625152399,4.84592506838881,2.46578781017522,-4.17167595141693,0.548817471301498,163.752890811728,112.287035352389,12.9130187695798,10.9676202277925,-4.66205917232618,9.92743157794664,-0.0239055234205786,-167.200436347844,-133.016138460063,5.81267039479988,6.75964365105669,2.8156556410694,6.1453124900354,-0.112828640047262,-179.196110222124,109.997083144617,70.5017771020232
3.34250293423423,-1802762.62907711,7.83182540182435,-3.00667259989083,-7.23169475308015,0.137083320643283,202.124699593332,-99.2112907631073,-7.0611423282281,4.75859423123915,3.22101745922686,-3.50275114516265,0.560387649449475,133.952469457845,152.373540351076,-8.67851015068676,10.7106409897893,-5.47217657929588,9.20723160874973,0.00601054105525852,-155.63591201764,-154.787423095456,5.93683152435369,6.86679664868438,1.87826719426387,6.60492305491405,0.251050395293918,-192.804254272512,73.1912574872003,68.9437887724545
3.34739678918919,-1802819.97379842,7.89570128424711,-1.96282398653583,-7.64783765308476,0.0921795868700617,213.043996084944,-66.5745400180531,-10.3550374643225,4.63594568605806,3.80531250475367,-2.64794054790618,0.46203236979463,95.4608006410831,185.852140645118,-30.2233172037973,10.434831450103,-6.21841829250258,8.37955734699207,0.0354627918229583,-141.582139349051,-175.86535555951,5.60468618268909,6.9342686424556,0.887613098344285,6.8772250649074,0.576609247677284,-200.541218658291,35.7846301901426,59.447635470974
3.35229064414414,-1803092.39517005,7.94590112020377,-0.876232639041388,-7.89744015326068,0.0335329460000574,219.20438093786,-32.921073690061,-12.2697161092757,4.48768754069902,4.17562546563769,-1.64422973871147,0.258154477411503,48.6435013458158,210.751398878825,-48.932835481479,10.1452368669759,-6.88799797278639,7.44857805315464,0.0620574028821494,-124.911649494876,-195.93295966844,4.79797352554977,6.96393013788051,-0.127144992319034,6.96276935681548,0.845526750003658,-202.617844542674,-1.16939611480446,47.3139945488796
3.3571844990991,-1803926.43136548,7.98034101673307,0.229219822842767,-7.97704838998537,-0.030517574222695,220.601298619608,1.10271916751282,-12.3214191509739,4.32563956264012,4.29174751821183,-0.540426559117926,-0.0272959850201599,-5.00140360535416,224.314894303861,-55.7453685096477,9.84801503693088,-7.46753478745134,6.42022775030767,0.0834425270784561,-105.525097142488,-214.596234043433,3.54403418792098,6.95929941777649,-1.13856534708246,6.86553110375936,1.04974919316608,-199.355846634422,-37.1047971164748,33.8969222687478
3.36207835405405,-1803558.01963758,7.99773875369429,1.32978034715469,-7.88641296158555,-0.0896812455096816,217.289020370372,34.869708007882,-10.5292927603984,4.16885762304582,4.12561142958415,0.598919204327131,-0.299299207684975,-61.5972251635986,223.750649875308,-44.5338298016984,9.55054643392208,-7.94324894421128,5.3026157127203,0.0974977447613592,-83.3777285130603,-231.376349853932,1.90547096687185,6.92446199972471,-2.12070345866326,6.59172138565073,1.18449597269114,-191.006888286536,-71.61105483845,19.6736085547734
3.36697220900901,-1803518.45326267,7.99761691299278,2.40211002654649,-7.62835130990655,-0.135810501826679,209.372482937041,67.7875462872154,-7.40923379056159,4.04862990799144,3.67577526657584,1.69707993963515,-0.472634283037144,-115.91260313404,207.653349484837,-21.7115043114521,9.26147022763914,-8.30131207258194,4.10646425176835,0.102497236747175,-58.5151431904973,-245.709309378636,-0.0204170596758551,6.86363925588141,-3.04863422994782,6.14942055537486,1.24648527871381,-177.727834986299,-104.311234570574,4.88839151899491
3.37186606396396,-1803567.74314166,7.98018800305177,3.4235051765251,-7.2085374987134,-0.163773583415297,196.9951128967,99.2997887187036,-3.50007788712649,3.9947569091897,2.96648539824375,2.6754526991755,-0.516414250799496,-163.121732952708,176.49691421954,4.95282674201823,8.99058462783174,-8.52840037611625,2.84552261893395,0.0972935741646006,-31.1174251685976,-256.959636763535,-2.09310870272453,6.78095306411722,-3.89798180852624,5.54860903994499,1.23337988788109,-159.589884952502,-134.794914264153,-10.2817063165631
3.37675991891892,-1803666.13492829,7.94624652222327,4.37206115551348,-6.63535342271951,-0.170811280697944,180.332635106076,128.870391210769,0.76864074889654,4.0206965818068,2.04455793704876,3.46204908183056,-0.423106015616962,-199.094469260114,132.412572022381,31.0914467328999,8.74853608205289,-8.61248632426792,1.536867884133,0.0815661497199293,-1.5465373366481,-264.455941136231,-4.1146140632034,6.68025562786431,-4.64453307947284,4.80147141273333,1.14366821554818,-136.600656710207,-162.566579018376,-25.6547102623299
3.38165377387387,-1803900.49852262,7.89710057621596,5.22683152758586,-5.9198335866057,-0.156087175926332,159.597454323907,155.966310439348,5.01633841454703,4.11683218036518,0.975540705642607,3.99957841939931,-0.205499783470497,-220.722453667593,79.1389193549176,51.4728740388483,8.54622888506864,-8.54386574948273,0.200963207571632,0.0561474335325666,29.6144030524155,-267.554696248236,-5.81922229574607,6.56498723224936,-5.26398837562831,3.92294324976123,0.976832785257786,-108.740772661819,-186.996256773421,-40.9752293887063
3.38654762882883,-1804159.61461712,7.83454416728462,5.96803569875255,-5.07569031832603,-0.120647896552474,135.053277783422,180.044396318066,8.82751363162835,4.25654761339511,-0.162666599627169,4.25343827537973,0.0916227247715213,-226.543642418461,22.065993340843,55.2884169435823,8.39393466678064,-8.31634229374376,-1.13867907834936,0.0233739267624685,61.548009696559,-265.731795413951,-6.88890797093454,6.43808119806201,-5.73194080609103,2.93150884499912,0.733915921661119,-76.0299914731039,-207.267913214071,-55.7786132028631
3.39144148378378,-1803604.65984117,7.76086928609135,6.57736430542008,-4.11938962342505,-0.0678120396100485,107.0391876413,200.545966282315,11.6639944731131,4.4129630317081,-1.28989571854201,4.22023835280774,0.347384385965326,-217.441051181854,-32.8297360228852,41.2703310020545,8.30017937734036,-7.92838565251714,-2.45635474656788,-0.0127416461767788,93.2362078864092,-258.688071952107,-7.0336912198827,6.30202560374955,-6.02428829035935,1.85026411762052,0.419046653229155,-38.6669486644713,-222.330982487667,-68.9433295609782
3.39633533873874,-1803576.36018172,7.67891782797814,7.03842757516555,-3.07023065550288,-0.00400795182134248,76.00080161473,216.903561459853,12.8331807922243,4.56822291801034,-2.33707711144571,3.92514091515088,0.504326034792066,-196.038462652577,-81.5212335029,20.1828834633072,8.27060817722873,-7.38398021487967,-3.72555979787043,-0.0469629854363585,123.552497909301,-246.438604631982,-6.16904724473513,6.15945921055365,-6.11861029273574,0.708199020122447,0.0444826260513364,2.59608005072553,-230.896964472788,-76.1291364839165
3.40122919369369,-1803331.01250232,7.59216130920891,7.33737232156738,-1.95035400882651,0.0605197683121944,42.5163718834336,228.566569781095,11.8639174210427,4.70728419614581,-3.25028034506778,3.40502601777874,0.549213220598398,-165.043622966102,-122.457796590487,-2.11116147993706,8.30710984305952,-6.69286067342413,-4.92074079288771,-0.0744321186241301,151.399745185635,-229.349029158127,-4.47898112084331,6.01584104145997,-5.9983274898521,-0.458705527107358,-0.34224471161001,45.6642198465166,-231.728523384533,-71.4447675390533
3.40612304864865,-1803276.96586148,7.50471433012004,7.46359129399989,-0.784564957691932,0.114631222389084,7.2945671782389,235.044614341566,8.98077399444978,4.8159425752748,-3.98751334110673,2.70056294924601,0.483214419992696,-126.495970965,-155.081529344159,-23.3512120545914,8.40747653089317,-5.86998276302332,-6.0190500894517,-0.0917527966447916,175.852215454618,-208.098857534311,-2.28372661469851,5.88617372694104,-5.66196809427058,-1.60908621372288,-0.669965049339197,87.7762280624155,-224.248964745844,-57.3080624706772
3.4110169036036,-1803321.57904698,7.4211108655459,7.41031799334977,0.40009213458915,0.150327508256692,-28.8470590360522,235.949188581826,4.82132518355428,4.88113615482857,-4.51524005471778,1.85421072433714,0.315701100052484,-81.9118138119759,-178.975697024469,-41.5752043501953,8.5657405263543,-4.93433851887795,-7.00172936823081,-0.0972693847711152,196.257273275369,-183.582800894663,0.0816033587458878,5.78935604649197,-5.12056520922794,-2.7011951745658,-0.915325336316782,126.781676506123,-208.662111616306,-39.6880350490852
3.41591075855856,-1803621.83134901,7.34593438173332,7.17512070363937,1.57492692812633,0.162844474224627,-64.9974233803767,231.025215493411,-0.00598651361880931,4.89216452181195,-4.80663147922649,0.910805979001319,0.0674623764907427,-32.7793450745941,-193.512729277117,-52.266918753216,8.77308173251279,-3.90741003026963,-7.85487809839833,-0.0909367630573327,212.273373092539,-156.78378412841,2.32286718954862,5.74167384759574,-4.39415132920934,-3.69570732988594,-1.06684539983005,161.049029185768,-185.64220102484,-20.3759802091469
3.42080461351351,-1803265.53919018,7.28342048181923,6.760343759546,2.71034428952327,0.150267643120504,-100.166237815043,220.183331109855,-4.9292280439565,4.84370942832983,-4.84303350546372,-0.0809165684340285,-0.206968087479676,18.6620137338715,-197.911068026608,-48.5431343973143,9.01901345170473,-2.81160478795255,-8.56956720951491,-0.074040712875629,223.847071606524,-128.655163988707,4.20488086991011,5.75260813273993,-3.51007491737027,-4.5576171848142,-1.11908513840825,189.275360305423,-156.203323329218,-0.430472608484408
3.42569846846847,-1803107.71972814,7.2370923443838,6.17345832548893,3.77676023922488,0.113552193785062,-133.30964363251,203.536068644798,-9.32248456461874,4.7419173056809,-4.62001134188777,-1.06830470126476,-0.4179689674824,69.7379665057474,-191.665893582037,-32.4627769203164,9.29252904727802,-1.66893931420439,-9.1414297382854,-0.0488879543582316,231.150277133254,-100.037179912673,5.5551651182041,5.82244161963884,-2.50139772615511,-5.25774056317812,-1.07115012591489,210.495463672986,-121.611793722765,19.2909184948385
3.43059232342342,-1803085.77888386,7.20948883252943,5.4272473232209,4.74570497597124,0.0570427974743167,-163.372833889862,181.432809252253,-12.4097619095603,4.60182068964798,-4.14565384040624,-1.9975755042544,-0.531595856682841,118.253687699616,-174.58749758517,-11.3983693995243,9.58299716456957,-0.500102016620017,-9.56993900864164,-0.018489061693588,234.503631468464,-71.6144869972763,6.26963598985718,5.94225380327756,-1.40512028064041,-5.77373512204185,-0.926175953459866,224.102043780512,-83.2840878576992,37.9891225242871
3.43548617837838,-1803146.30641207,7.20204256336697,4.53972998659032,5.59108833174742,-0.0105454253105413,-189.352988745205,154.482913125764,-13.2988748784738,4.44250356802076,-3.43747446489161,-2.81417967711646,-0.531952661477643,162.211679239098,-146.475906580581,11.8675554292908,9.88073298452268,0.676097000480249,-9.85757460825817,0.0138084055403402,234.305710348787,-43.9079319526712,6.32808891392919,6.09614457103343,-0.260377288349996,-6.09058144175511,-0.691258900672021,229.832479507498,-42.6940754185883,54.7941621767042
3.44038003333333,-1803339.54846904,7.21512150071408,3.53371743576885,6.29053410722888,-0.0759459513104212,-210.385628368057,123.541860972774,-11.6537053500087,4.28439026090523,-2.52353704801526,-3.4623345700602,-0.412920302389932,199.12024228211,-107.222163221268,35.0521696035777,10.1772752417247,1.84295508686786,-10.0090183281684,0.0447918274457039,230.977858991775,-17.2883346275376,5.81520388968348,6.26467841366489,0.893204514434567,-6.20067587622773,-0.378234331692824,227.73758867237,-1.34008528049734,68.3528847266597
3.44527388828829,-1803944.94111961,7.24808096798978,2.43587370290974,6.82650694147516,-0.127082478810628,-225.83406504019,89.6360867177611,-8.07396260538212,4.14678404993918,-1.4462720420705,-3.88640130932914,-0.181430965441866,225.60460030617,-57.5341175654864,53.5329449558033,10.4654450368343,2.985875590398,-10.0304579545335,0.071960444437175,224.92666783852,7.998496409906,4.88480413890356,6.42859885186069,2.01699859837371,-6.10398229456009,-0.00773005340542476,218.223294701407,39.1169705771124,74.3052175906445
3.45016774324324,-1804202.90316091,7.29918114022403,1.27537678536695,7.18689497440649,-0.156685577364242,-235.331937376926,53.8617934883561,-3.44474122223201,4.04652652118654,-0.267491044953562,-4.03767574571507,0.1224091471681,237.722154250109,-0.57954574682412,55.1874144289871,10.7392729046622,4.09222176525305,-9.92903336406929,0.0936398688347394,216.522146382357,31.8028669435295,3.69020709359539,6.57333077852127,3.07543746144864,-5.80950617045661,0.364817844213622,202.293842048259,76.6403743351699,69.3726277445037
3.4550615981982,-1803747.87354707,7.36558752996785,0.0825543291404836,7.36512487635872,-0.161529891032948,-238.770051961977,17.3067804417084,1.51173673939432,4.00198233926887,0.930949500430588,-3.89219676679738,0.370443178848005,232.887633035479,57.5278330248923,37.8955559826986,10.9938657204845,5.15109705422157,-9.71242928509825,0.108862515373129,206.088027531469,54.0437508667277,2.3559581889733,6.69408962493373,4.0399370188563,-5.33757855120839,0.685996224039612,181.31173632697,109.695860334094,57.7292745040457
3.45995545315315,-1803545.29039911,7.4435419119832,-1.11232373425282,7.35996277882357,-0.141568209970299,-236.259965144909,-19.001167410656,6.19597463023571,4.02957878164645,2.06138528540123,-3.46239741546614,0.501364706995087,211.487772992737,110.481666262295,12.8056050328868,11.2252570953948,6.15310204056774,-9.38859585540202,0.117199450724472,193.900131766366,74.6859101803572,0.975368614819213,6.79014527433727,4.88855482471834,-4.71254756711567,0.942110589254079,156.425143645667,137.825818852471,44.174155434635
3.46484930810811,-1803430.73461856,7.52866894855356,-2.2800453223086,7.17511320225216,-0.0995701447305913,-228.09271839732,-54.1256451188382,10.0321102078399,4.12874694820808,3.04582723035796,-2.78738010417443,0.498499229176873,176.166366621243,153.967161938638,-13.4772296326586,11.430264372909,7.09009837188523,-8.96557018329468,0.118616201521321,180.189311575728,93.7222652967346,-0.382727999429327,6.86171596446725,5.60418845531297,-3.95932036268368,1.12773777838596,128.473663834498,160.99772798889,29.8273790020696
3.46974316306306,-1803401.05548552,7.61635790759428,-3.39325091822602,6.81870632763519,-0.0412471078919004,-214.700661758656,-87.23765065742,12.3904157555113,4.27931977928092,3.82304895161366,-1.92272579607976,0.366592410668501,130.501114995605,185.475558517431,-36.9997541874343,11.6063627784067,7.95499515632503,-8.45137320243467,0.113372170730179,165.14656480335,111.160941041305,-1.6655098098251,6.90908603761112,6.17329146306332,-3.10257028722677,1.24038437927477,98.0806066522793,179.260615259643,15.1239950442021
3.47463701801802,-1803575.76284642,7.70216065358124,-4.42705193989517,6.30273669567796,0.0243340128245221,-196.624596436614,-117.623860508543,12.6894659741023,4.4496722469249,4.35083838031401,-0.932624519000122,0.12850168730253,78.4085892179298,203.839846352923,-52.7296370506006,11.7515803761154,8.74156401991873,-7.85396077288162,0.10196110342307,148.928870059467,127.016000099272,-2.82882650173182,6.93230144474409,6.58499452183576,-2.16671421008725,1.27897772882798,65.724543528771,192.638535260097,0.295727948104334
3.47953087297297,-1803273.87258527,7.7821365211959,-5.35949688259216,5.64246772254976,0.0856475518491228,-174.477203492604,-144.699778176011,10.9272402804476,4.60858672858459,4.60713484379296,0.115672667449466,-0.160703959837505,24.2591628717225,208.981537217633,-52.0986661675786,11.8644140443023,9.44428385691969,-7.18121320144195,0.085083905712861,131.66498168754,141.300887963899,-3.8317534372871,6.93106379426532,6.83053689835103,-1.1761849346258,1.24334165875582,31.7959225477968,201.086991720762,-14.492786364049
3.48442472792793,-1802935.79958264,7.85300016403374,-6.17182397482121,4.85573891391785,0.133606415628998,-148.896151505582,-168.021506495272,7.72048892946284,4.73694943170638,4.59343000903124,1.15719085317621,-0.392484974373256,-27.8517059470194,201.977663432839,-36.8935416656456,11.9437651884882,10.0582138367941,-6.44095189324264,0.0636435690501989,113.460847041489,154.023782692861,-4.63345168892863,6.90471272980823,6.90295374731373,-0.155844292879629,1.13404986518749,-3.35326697540028,204.470816554697,-29.0808447557939
3.48931858288288,-1802838.32187221,7.91206853780666,-6.84845839764798,3.96225265759704,0.162852441143751,-120.506043342891,-187.272015701706,3.72349865138876,4.82670442882293,4.32861778432277,2.13544930177785,-0.529639376493961,-75.4796875005378,184.543194514026,-16.9175357118619,11.9888934455689,10.5788923273346,-5.64097537451334,0.0387493888235747,94.4045464205457,165.184238970915,-5.19306526059593,6.85226963029153,6.79700422859703,0.86852323092117,0.952533211197879,-39.358032935255,202.551975786545,-43.2513107142155
3.49421243783784,-1802824.91286927,7.95718697007338,-7.37688440825012,2.98301875690078,0.170841402142886,-89.9040244495771,-202.228274872179,-0.571783154939679,4.8734841752704,3.83863313402586,3.00262279831647,-0.561660331491876,-117.553585806132,158.137259213511,4.19740119245753,11.9993866327936,11.0022593009996,-4.78910950353348,0.0117129164442396,74.570773192954,174.770685607791,-5.47338609808881,6.77256440639951,6.50937341796118,1.86967546498582,0.701536758045339,-75.7743684901776,194.989047755232,-56.6080983362287
3.49910629279279,-1802881.97879565,7.98669008146433,-7.74749864214375,1.93996990887524,0.157134609594354,-57.6618800909088,-212.731587693606,-4.7695393499504,4.87408356768606,3.15308192626144,3.71682189391296,-0.487665364569386,-153.329798622513,123.720365123567,24.8013023157768,11.9751453543965,11.3246000592641,-3.89326851843542,-0.0159844721573134,54.0249252738966,182.758459305523,-5.44905375566381,6.66454227586153,6.03926054369525,2.81841370847349,0.386452227835592,-111.971057936752,181.371416146797,-68.1578937052807
3.50400014774775,-1803155.88286262,7.99940252249414,-7.9535032091592,0.855702879964718,0.123146008643382,-24.3373309217744,-218.667727812867,-8.4825460720244,4.82604376959092,2.30533514780073,4.23982644955214,-0.313647308334108,-181.85867474491,81.9623908442001,42.9901415191194,11.9163808897043,11.5425085537386,-2.96152491047826,-0.0427776211123985,32.8268971435713,189.108140235016,-5.11922387652905,6.52807970646689,5.38966283859366,3.68338962645378,0.019957820992532,-146.885997065937,161.400011496145,-73.8031099407347
3.5088940027027,-1803473.345387,7.99467942253471,-7.9908719513615,-0.246707369253422,0.0723091488741104,9.50960972113515,-219.957711618655,-11.2509138475887,4.72865920742628,1.33449517881234,4.53644580235496,-0.0577639493781918,-201.683375556204,33.7762907862643,53.5743017244083,11.8236250741666,11.6528690306998,-2.00218711608527,-0.0671767109226039,11.034842248831,193.763971340219,-4.50696083857187,6.36669880708864,4.57040057303589,4.43241382343495,-0.351578871571755,-178.680115686261,135.424844580871,-68.9370988169518
3.51378785765766,-1803134.86824825,7.972487710865,-7.85840711194785,-1.34387423622183,0.0106368701674953,43.2989278861272,-216.559368987469,-12.5091153917693,4.58667171034082,0.288501392238686,4.57758935741478,0.222095708909976,-210.895630915205,-18.6952163924151,48.7728211248819,11.6977526305351,11.6528569762269,-1.02388519707606,-0.0878472294981172,-11.2906294949661,196.652229831722,-3.64685165454214,6.19341663742998,3.60286168173105,5.03763807226249,-0.669413167176986,-205.426336466924,104.379935075147,-56.0705495535926
3.51868171261261,-1803049.68594227,7.93352298106899,-7.55788267250023,-2.41230105912811,-0.052782005043583,76.4200852889707,-208.477931537603,-11.8530400544715,4.41790504121095,-0.77446113033971,4.34949363843081,0.429964261870627,-207.845181203083,-72.280846668378,30.6057741426681,11.5400178475481,11.5399627357502,-0.035664817768046,-0.103645227468025,-34.0814441373901,197.679625195956,-2.57803539058576,6.02659582023383,2.51613720836664,5.47621317418641,-0.912284367107681,-225.829098431404,69.2496885951463,-39.8427026665509
3.52357556756757,-1803111.54620056,7.87930375242283,-7.09420625905815,-3.42865355159787,-0.10789353037722,108.241324709208,-195.776376656076,-9.4507562064055,4.25008920151789,-1.78995041979214,3.854780890731,0.528153450336657,-191.549840845348,-123.811995606838,6.94716201804324,11.3521075483296,11.312042534853,0.9529110548835,-0.113627583403975,-57.2559463159574,196.731949055946,-1.34129272710596,5.8857724216706,1.34457069741701,5.73013495821396,-1.06784019384249,-238.938457959748,31.0734060886714,-21.5944843168158
3.52846942252252,-1803267.03940676,7.81211692565586,-6.47546942540815,-4.37006482568887,-0.147289567107638,138.125195508039,-178.579167723204,-5.84317742864978,4.11297076474439,-2.68995953879319,3.11137368236243,0.49943588205106,-161.585990809859,-169.982333852679,-18.7270871658037,11.1362122967618,10.9674032725906,1.93165467279142,-0.117058154739085,-80.711323433136,193.673337438268,0.0199187271023976,5.78833521234045,0.126752628769162,5.78694723507313,-1.12822921027584,-244.00831555187,-8.94060260524025,-2.14465866815578
3.53336327747748,-1803558.28835445,7.73487465469253,-5.71295430397775,-5.2144452288299,-0.166325304663718,165.429563322399,-157.077503881332,-1.53563383219781,4.03030843005459,-3.40581032789073,2.15495755220421,0.34088257867862,-118.490288999657,-206.898913512061,-42.8141416242089,10.8951174631826,10.5049293005216,2.88964442926618,-0.113428396132951,-104.314194969652,188.346728559868,1.45510112453911,5.74612655899437,-1.09551245810169,5.64072893216156,-1.08928678052405,-240.54003540908,-49.3913735798325,17.7567448357347
3.53825713243243,-1804217.86686441,7.65096693432286,-4.82117379218416,-5.94083986450219,-0.162645905429616,189.502498027426,-131.543900231676,3.02754134853727,4.01262063823319,-3.87486242878975,1.04238454724182,0.0712944658089706,-64.8473537866358,-230.306013823639,-57.5132944845951,10.63231481675,9.92426132289408,3.8151219583901,-0.102507143493694,-127.889028663139,180.576437892806,2.89961822490038,5.76267638173087,-2.27864772532164,5.2930334992748,-0.950661761918493,-228.368435789672,-88.7228943353922,37.2877707176355
3.54315098738739,-1803484.19935412,7.56412403342072,-3.81792932370349,-6.52988423114667,-0.136049891178345,209.684013019434,-102.355920118109,7.38374140777726,4.05698805028159,-4.05428386575709,-0.14810258603218,-0.234250366167331,-6.47990970391453,-237.023287664436,-52.2798819842859,10.3521331020178,9.22603901389022,4.69540880819425,-0.084432213883947,-151.20425514487,170.174243365946,4.26538237686767,5.8322151250488,-3.37919681599841,4.75349998880763,-0.716409073347697,-207.741817424559,-125.304709504535,55.4228478369152
3.54804484234234,-1803099.72092427,7.4782918001333,-2.72433366198981,-6.96439906568328,-0.0888084913518436,225.320867271894,-70.0265037850536,10.9551571906967,4.15741676092181,-3.9396615258289,-1.32784832940254,-0.451504354033888,49.6064739299678,-226.956077369078,-31.2172133758275,10.0598815787723,8.41221877144538,5.51686439204956,-0.0598533197250171,-173.956495667377,156.950935188111,5.43104287593245,5.94111102974278,-4.35606589956723,4.03998640422945,-0.396433283549341,-179.39897211435,-157.518414493725,70.4942083339766
3.5529386972973,-1803088.13149916,7.39752723331238,-1.56472065098455,-7.2301492689972,-0.0264983192713783,235.799566951859,-35.2356392329055,12.9702454033512,4.30186232611345,-3.55821912645741,-2.41766335972296,-0.546422499925606,98.7200918136052,-202.721649543272,-6.33821729344289,9.76199228445797,7.48647405721645,6.26491816007536,-0.0301217851246225,-195.754424199555,140.735751538581,6.23747185773274,6.07153609488274,-5.17318653714192,3.17831584387039,-0.0114669900079311,-144.784444322986,-183.786009271782,77.3306074593975
3.55783255225225,-1802799.03827316,7.32592069006218,-0.366337992471222,-7.31675545801234,0.0408939626816688,240.60141649251,1.15120017356554,12.6925029653827,4.46917035016846,-2.95246060769285,-3.35506482483526,-0.514886526968317,138.690674060035,-167.54966899057,17.9840220755279,9.46613291183556,6.45467452944983,6.92422190743537,0.00252139885231034,-216.105684029334,121.406011201238,6.50152707232921,6.20763526305137,-5.80391034279709,2.20212631151163,0.376872791044635,-106.459482618712,-202.706917398211,71.8286452139025
3.56272640720721,-1802780.62675377,7.26749604560578,0.841293513940552,-7.21863726726155,0.100426710382449,239.371766735454,38.1104125085633,10.1294278428051,4.63341738556461,-2.17131238585705,-4.09316004962866,-0.366582279170327,168.596700458843,-124.305798898522,39.1182346305569,9.18124090353051,5.32541721692311,7.47897827208774,0.0348934855986696,-234.412878669921,98.927680624961,6.08127651620948,6.34312897800635,-6.23778136332904,1.15124666988827,0.706819462131094,-67.0872156540459,-213.80936441041,58.6835503076309
3.56762026216216,-1802998.18261095,7.22589286926245,2.02737967488332,-6.9356513329267,0.14218824110972,231.974471792265,74.5326325885967,5.99391035474712,4.76935419712992,-1.26649360310441,-4.59812281382048,-0.123704180662748,187.971568716302,-75.550039024043,53.0726626060504,8.91740142612965,4.11054574275063,7.91349871368498,0.0633341640144051,-249.986590212221,73.4042287084875,4.94939789009956,6.47509911864082,-6.47478249933755,0.0640326674075364,0.963708294120943,-28.2743684801477,-217.631946580157,43.6003472485925
3.57251411711712,-1802810.92745911,7.20388209558108,3.1610382318632,-6.47331094137558,0.16036581392992,218.514956392788,109.294704926735,1.04609184569857,4.85742078636809,-0.291596698694039,-4.84866043986909,0.164144346890176,196.538385522321,-24.1844466687943,52.1748694747014,8.68547332837798,2.82555131480091,8.21302055917262,0.0843874644996653,-262.082622087502,45.1274892181223,3.19480713840057,6.60060763416664,-6.52052504813052,-1.0250727959133,1.14282293461702,9.07625846937136,-214.956029807943,27.9364600636384
3.57740797207207,-1802587.94825594,7.20295744358737,4.2125292388112,-5.84270428365936,0.152649159566705,199.342081628949,141.317277781492,-4.04393363865973,4.89016675184996,0.698890252118792,-4.83996728050842,0.398044514084266,194.48333036161,26.7667834824464,37.7110135189286,8.49639345435774,1.4897195218756,8.3647736058662,0.0952822353984109,-269.968009081407,14.6193446404492,0.991093456479313,6.71603571825411,-6.38401991464383,-2.08552763067189,1.24307289475733,44.402557272372,-206.504249645952,12.232672409937
3.58230182702703,-1802546.86452448,7.22311887714761,5.15445904815269,-5.06013816356066,0.119926477543323,175.03622740204,169.618673145814,-8.61917226456153,4.87018321209047,1.65323660492206,-4.58099260504463,0.541254482079462,182.413288576001,75.2258165694395,18.1836982973411,8.36016162260422,0.125871223986833,8.35921400557711,0.0942983990644584,-273.014212074007,-17.3528573203392,-1.42105521672313,6.81708576994418,-6.0764994754068,-3.09011529237282,1.26514965871639,77.3204105712203,-192.874371814527,-3.22341788280733
3.58719568198198,-1802563.06311479,7.26289770026481,5.9628915128316,-4.14651755220122,0.0664574369210901,146.384179305083,193.365153037709,-11.9442923125947,4.80364565321022,2.5230231378788,-4.08770911481403,0.579881497057677,160.816919894725,119.946268351021,-3.25247843108294,8.28463296766349,-1.24042259886447,8.19124503266281,0.0810716832311796,-270.803817293758,-49.8052653367213,-3.74566753418449,6.89895850862226,-5.61081580893163,-4.01427134881716,1.21083871592925,107.528871264331,-174.534322375931,-18.2368242028143
3.59208953693694,-1802625.53573387,7.31961916305423,6.61830084120352,-3.12648663318357,0.000483554417376089,114.340333009654,211.914887160278,-13.204550691967,4.69803282531582,3.26140580386931,-3.38152992153442,0.508729697768633,129.86014900563,159.708436016115,-25.0104587057176,8.27438480841519,-2.58216694895075,7.86116135220989,0.0568417237226135,-263.223657814245,-81.6199565207437,-5.6505346999687,6.95656295557052,-5.00121076276349,-4.83545851613213,1.08278141668825,134.745673535499,-151.837809621055,-32.6308944349479
3.59698339189189,-1802806.05338664,7.38983424453475,7.10629484292813,-2.02736868059844,-0.0655880699985797,79.9652969992256,224.854286989409,-12.0247730904495,4.56158157499456,3.82162462793511,-2.49062475465287,0.329776910000501,89.5912082000592,192.813787441017,-44.9494015680433,8.32999308212737,-3.87265917700692,7.37504546745537,0.0245663362314926,-250.511887096281,-111.670927561446,-6.81247437057128,6.98472909079613,-4.26335907357664,-5.53264944502772,0.884529771579775,158.656735166401,-125.051138155606,-46.1791070055949
3.60187724684685,-1803433.95388849,7.46972717015373,7.41795381119578,-0.87794376328947,-0.119764176487119,44.3317458936178,232.015359312266,-8.90946544906061,4.40404818852131,4.1573178858699,-1.45339204712425,0.0592356820881999,40.6505975302883,216.706725154985,-56.8153708585752,8.44796489262272,-5.08728581991356,6.74445207659543,-0.0112830199830993,-233.23675986359,-138.963265584681,-7.00901895170927,6.9784539276642,-3.41464341109948,-6.08596989768819,0.620990346632297,178.869988376634,-94.3971591239232,-58.4655105418288
3.6067711018018,-1803056.25577362,7.55528748053062,7.54961230186431,0.292784912524222,-0.154682724489186,8.43659060396251,233.451736942923,-4.70941424329284,4.2404926430607,4.22813060323799,-0.32355750310302,-0.238376798585251,-14.2590122164584,228.14186706764,-51.1118914597494,8.6213411840509,-6.20502677564282,5.98541281160856,-0.0455238532856001,-212.208764431502,-162.745944384563,-6.25557705736362,6.93329345644104,-2.47465918981031,-6.47662103626695,0.299874666161487,194.866700583993,-60.1505979631563,-68.3794865663087
3.61166495675676,-1803044.47292693,7.64240850842992,7.5023197172354,1.45657360613976,-0.166858318920048,-26.8389198072762,229.383337597194,-0.0961249129729715,4.09922762309895,4.01472776370532,0.828026623552147,-0.451883232509294,-70.5214874081849,224.574711810895,-30.2206321889762,8.84073975130695,-7.20937346422858,5.1169926327498,-0.0738387905567356,-188.354402293463,-182.566753899689,-4.79729918136954,6.84627054902969,-1.46597640525955,-6.68747587731975,-0.0628045190307899,205.951140933519,-22.9449227661191,-71.1864449237421
3.61655881171171,-1802946.17689465,7.72701779845049,7.28122310379155,2.58661828849616,-0.155643973618915,-60.7338238316091,220.142242089319,4.41510352601382,4.01319674957164,3.52291572915614,1.92218961500593,-0.540583120475014,-123.321991511907,205.214034008714,-3.85932076760263,9.09551858316034,-8.08857079857746,4.15974527261166,-0.0934968450992955,-162.593628108116,-198.261468428714,-2.94277413154897,6.71890810060494,-0.415147780475116,-6.70607026392814,-0.411989783075934,211.378477805951,15.8712691277086,-64.6219943659056
3.62145266666667,-1802967.69768516,7.80523571254765,6.89498147891931,3.65799602703296,-0.122707283659909,-92.5963581269356,206.132952334299,8.36520503042973,4.00401643979967,2.78150784858625,2.88016696363929,-0.49047644018532,-168.226042458267,170.94358010411,23.3906641028746,9.37480791373211,-8.83530974530974,3.13437794846266,-0.103266531872225,-135.752147469855,-209.896598519582,-0.958284496747404,6.56082345649506,0.647808372799963,-6.52876318604267,-0.709024462689846,210.668181453836,54.8423519118904,-52.5551249123757
3.62634652162162,-1803091.48477165,7.87354700628563,6.3552595225222,4.64794781183915,-0.0719919233146182,-121.866889015384,187.80807523851,11.2615653065279,4.07145122932023,1.84065530457347,3.63162541604703,-0.306676479446268,-201.336010725064,124.316065779284,47.0915656585844,9.6682713298028,-9.446092273276,2.06077928741585,-0.10307969006677,-108.51659582987,-217.695443509678,0.956688918814787,6.38575765451947,1.69153403406324,-6.15764674480923,-0.937541032199691,203.608188973897,92.9231674228582,-37.7867294520252
3.63124037657658,-1803593.48764376,7.92897664979467,5.67631258876547,5.53607677941806,-0.0100916305946308,-148.061389185621,165.656976322706,12.5480305411015,4.19426771036186,0.768147741335607,4.12332762143212,-0.0195607835994762,-219.829570074632,69.7400492823451,58.4372427477057,9.96656901696021,-9.92047570360844,0.957423513365885,-0.0936996426840774,-81.4247275102523,-221.969401164893,2.66102958411215,6.20951045519292,2.68389026253893,-5.59953151181408,-1.0868917572101,190.07016651618,129.150628949538,-21.1708787869594
3.63613423153153,-1802635.48685521,7.96926043487661,4.87464563066598,6.30451757506621,0.0534883820963972,-170.762709669717,140.199626030875,11.883884788867,4.34377393203728,-0.357640396172847,4.32902590887048,0.277695948030789,-222.859644197316,13.3239259072526,50.5276532719055,10.2615701302285,-10.2603395483785,-0.158914724233084,-0.0764693942256481,-54.8775167798085,-223.064824954325,4.05618642191101,6.04842791555203,3.59223569922505,-4.86614045531386,-1.14924982006929,170.003586710125,162.480616622672,-3.22002457780554
3.64102808648649,-1802319.35779675,7.99295452505126,3.9686854920683,6.93807303972681,0.108747217294039,-189.623539888331,111.971087110809,9.52174476302454,4.50014133282534,-1.46044870063756,4.25656688050465,0.485715749119579,-211.951031614496,-39.5880102784398,30.327703123133,10.5463887201857,-10.4692508714065,-1.27322473617737,-0.0531377784649673,-29.1615008302667,-221.327120014977,5.07389221696636,5.91753748471411,4.38392612964018,-3.97472534558737,-1.11909200298815,143.501106477205,191.735100549698,15.5762366811104
3.64592194144144,-1802213.1640661,7.99938094665903,2.97841023178267,7.42422844617431,0.148705829726643,-204.365124124079,81.5020806195484,6.04983323348108,4.64821595706021,-2.4771507123178,3.93314580608608,0.58097297926212,-189.701882657788,-86.3390484822841,7.49751229616783,10.8153137275858,-10.5519545566812,-2.37218592438285,-0.0257304720559845,-4.47346122984676,-217.079392195593,5.67174386115328,5.82825610671585,5.0272467639971,-2.94878944981688,-0.993487453258181,110.897733929841,215.608261413909,34.6140106831276
3.6508157963964,-1802194.14769261,7.9885055580213,1.92503425082752,7.7530938459223,0.16924554962885,-214.76168374823,49.3147122544307,1.97185968447542,4.77349287718316,-3.35746752721544,3.39317639568181,0.560690872081257,-158.340950948848,-125.90478358322,-14.998384378473,11.0636863327342,-10.513985483705,-3.4440186581333,0.00357966014656546,19.0568722816545,-210.611644804002,5.8366875926211,5.78614292112865,5.49290346893859,-1.81864273144827,-0.772951896156877,72.8902778198619,232.730947409703,53.0243305498829
3.65570965135135,-1802257.82064082,7.9608450280203,0.830793394300376,7.91737556871861,0.168424426571397,-220.624006280143,15.9328199687056,-2.31016079301476,4.861990258056,-4.06056022180629,2.67409797025389,0.43098913547739,-119.492520819333,-157.728307736711,-35.4430213084057,11.2877592345452,-10.3613858338646,-4.47830237242288,0.0326364038702265,41.3478684168356,-202.176791428254,5.59769403322782,5.78960231037855,5.75614954219572,-0.621479975719842,-0.463244147759352,30.6805729456323,241.8044615373,69.2630522289801
3.66060350630631,-1802574.98216543,7.91741746635434,-0.281205811973912,7.91242204560935,0.146143941698702,-221.791741445392,-18.1010989942402,-6.41949409938905,4.90119864532162,-4.55239273540877,1.8158933183147,0.2062606589972,-74.4771949577776,-181.17008063201,-51.161388847992,11.4845574778782,-10.1005067995366,-5.46578657241584,0.0595566004788437,62.3509511288398,-191.990664121152,5.0231027075688,5.83060111861539,5.79970919839491,0.599401883924726,-0.0803213738670758,-13.7669831434946,241.853168615091,78.8693970327815
3.66549736126126,-1802709.54705944,7.85973599703134,-1.38712402015354,7.73636457877621,0.104229485577506,-218.136515413435,-52.2061377071226,-9.9199045265933,4.8821046840169,-4.80533217138406,0.862397163933787,-0.0806247530025307,-25.0149005297895,-195.288730704227,-54.3108762782862,11.6517515359685,-9.73787632257625,-6.3982090136344,0.0828674309459144,82.0387018509771,-180.234291344965,4.19423571403479,5.89887354587244,5.61847971076077,1.79705171043107,0.325449822568463,-57.2494092583466,232.812063195342,75.1950075189046
3.67039121621622,-1802340.71811395,7.78984509308078,-2.46257096610827,7.39036066853813,0.0469448964327694,-209.577161267021,-85.743392599422,-12.234736517981,4.80449524135234,-4.80254174070667,-0.136993988727573,-0.336848103785662,26.3386251276267,-199.142832682982,-42.6787175666964,11.7875497612317,-9.28011978102687,-7.26812948586549,0.101498957619192,100.395430823081,-167.057435185909,3.18618157183956,5.99117399542,5.22721510581145,2.92752251587814,0.67162870132197,-96.595545861663,215.821301407105,61.253434717867
3.67528507117117,-1802262.30073699,7.7103987520054,-3.48289563282376,6.87893065278199,-0.0181178796023038,-196.107400332719,-118.002614706537,-12.6932698757368,4.68016923924491,-4.5419459201078,-1.12903116289604,-0.507411928669495,77.0968422344703,-192.198515250853,-23.2816297178731,11.8906122109811,-8.73392201434544,-8.06878336549349,0.11472924666431,117.409876369062,-152.582670220946,2.06212843982307,6.10656212264153,4.65252425214414,3.95526472450212,0.937984169747133,-130.219771217404,192.557047795164,44.6740489997102
3.68017892612613,-1802283.67803354,7.62475505732531,-4.42364496943546,6.21033452147275,-0.0799878023245988,-177.827490202141,-148.210763313074,-11.0543676800858,4.52691711050395,-4.03157331836196,-2.0589791412361,-0.569664400964392,125.32230595066,-174.116636440169,-0.519280564658887,11.9599850405959,-8.10602101733625,-8.79395618807495,0.122120242017422,133.069607082801,-136.90955190129,0.873668556351087,6.24165628235935,3.92501739363741,4.85309299382978,1.11836919131907,-157.62875481434,164.570734833264,27.3907080811149
3.68507278108108,-1802394.69455913,7.53694992036969,-5.26117053484517,5.39682301965125,-0.128661556403162,-154.963553773101,-175.567227576693,-7.73964900739402,4.36505806370854,-3.2887228606012,-2.87019752729773,-0.512604734316083,168.905514694433,-144.496155242997,23.4754958733896,11.9950536559609,-7.40322594351743,-9.43787888450639,0.123465932227821,147.356676125079,-120.118654290085,-0.33594469219311,6.39015809035397,3.07623670400074,5.60097207283476,1.21189125055828,-178.77390293792,133.156971985535,10.1973043107615
3.68996663603604,-1802682.8575935,7.45144923760551,-5.97328050716646,4.45466224570583,-0.157384292398539,-127.877411354632,-199.278992666941,-3.3703401789973,4.21485370661318,-2.34251817141763,-3.50394069366607,-0.334909442230496,204.985558527005,-103.197816115976,45.8823979675694,11.9955128140336,-6.63245425608546,-9.9951427309758,0.118760795095491,160.244124040539,-102.275429585224,-1.52759081833552,6.54354733217186,2.13727836425821,6.18466271368514,1.22034223442669,-193.798901402815,99.354939635846,-6.47193121230922
3.69486049099099,-1803496.65340387,7.37280932224209,-6.53994464839149,3.40403309298184,-0.162364958193135,-97.0798160972929,-218.585503246617,1.48818155172153,4.09411372942607,-1.23886727533115,-3.90217568845748,-0.0537807546403893,229.68157795953,-51.4519442932145,58.9515900486104,11.9613523359977,-5.80078470311204,-10.4606331803586,0.108190024044466,171.693006170248,-83.4339606487052,-2.66199172132714,6.69203416095422,1.13824768997259,6.59452146919322,1.14717193843519,-202.909974942347,63.989425938019,-22.3275865562633
3.69975434594595,-1802873.52599981,7.30532098679838,-6.94407866813939,2.26880721323965,-0.142502476881324,-63.2454834302857,-232.789440770385,6.27952613773271,4.01872001737459,-0.045702391822332,-4.01846013659821,0.254606458255608,238.969141535248,6.30097223077038,52.258451158215,11.8928577643468,-4.91552419438298,-10.8294823374629,0.0921408778822197,181.649708374789,-63.6407591565454,-3.69568083612178,6.82541430913334,0.108178614834741,6.82455697306533,0.997066368864054,-206.303598808671,27.7257988182461,-37.1241446576161
3.7046482009009,-1802583.37703593,7.25268149095946,-7.17239948269434,1.07613868527798,-0.0995696968158079,-27.2226503512743,-241.300649225369,10.3591209543557,4.00794105706391,1.15082414002133,-3.83916596614978,0.46880375694176,231.038856778179,63.4358294130669,29.750663453579,11.7906260108428,-3.98428761936415,-11.0970407719241,0.0712332156832479,190.043402548483,-42.9388211053442,-4.57770770317512,6.93372816795837,-0.924788298114124,6.87177945737568,0.775930491859028,-204.128912610572,-8.86812042750125,-50.5633728589934
3.70954205585586,-1802448.2271204,7.21774575352177,-7.21630517165214,-0.144199279014037,-0.038911267337767,9.97121138766855,-243.692875442015,12.9067456101898,4.07197111430989,2.26468617595946,-3.38410184246755,0.552113092791398,207.140197038479,114.37190721226,2.94155773442628,11.6555967138038,-3.01509016889814,-11.2588705485163,0.0463638008504685,196.783584675331,-21.3721946266066,-5.24824004019479,7.00777700996278,-1.93311051127098,6.73587576879031,0.49143264027412,-196.479746171372,-45.2466843096204,-62.0801306634198
3.71443591081081,-1802422.47294696,7.20240628049465,-7.07268736881766,-1.36079006914217,0.0294977592860898,47.1804232485841,-239.767044547356,13.0837517115483,4.200973109305,3.22222611040612,-2.69544689402718,0.498219334286023,170.212768212635,155.544801963064,-23.3695980330368,11.4891005313064,-2.01645177261084,-11.3107627181901,0.0187508152813,201.757739475531,1.00866182454756,-5.64108253265308,7.0396931966704,-2.88958575982784,6.41931261427948,0.15512918522483,-183.441787753018,-80.7589182745222,-69.9168747719104
3.71932976576577,-1802418.15946608,7.20759284467995,-6.7445009391663,-2.54186972448759,0.0919262497777165,83.1927078940633,-229.599637885808,10.8037079236468,4.36801865706612,3.96681385808581,-1.8286538228369,0.31841711246103,123.781999095359,184.945802859814,-45.5298156915761,11.2929257344807,-0.997512774142838,-11.2487839302708,-0.0100470244760623,204.829288906704,24.1404564252004,-5.69260043551548,7.02416201455411,-3.76752838880116,5.92828658604509,-0.207736107444985,-165.330895714767,-114.345806203031,-69.3203988221763
3.72422362072072,-1802736.98841933,7.23319957708788,-6.24076028987703,-3.65678644800025,0.137534838522558,116.857911299585,-213.543784822354,6.82579593403963,4.53957138799291,4.46004610135971,-0.845988865429039,0.0429211773702625,71.6712020872007,201.64970052867,-57.0334793245776,11.0694039494841,0.0318411164562038,-11.0693581539381,-0.0381751890738548,205.836104091533,47.9393569177498,-5.36372911398224,6.96222189146628,-4.54289471697552,5.27585455224917,-0.538074802996933,-142.78738748577,-144.754513373966,-60.6083288347465
3.72911747567568,-1801995.68666106,7.27791936897524,-5.57592182617045,-4.67730757271113,0.160184209118113,147.178354293436,-192.183750272608,1.99890711987878,4.68729129882713,4.68352587895782,0.187843182449796,-0.251917680784745,18.2338991317855,205.705090173365,-51.4266394619069,10.8215141174756,1.06084826677249,-10.7693903610933,-0.0636843156158846,204.589995292481,72.2916546801181,-4.65195067941224,6.8607032178662,-5.19540226365885,4.48074145230543,-0.813819395792449,-116.439444330255,-171.150358012055,-48.568260130901
3.73401133063063,-1801768.39905011,7.33922232913661,-4.76897674694267,-5.57862395072633,0.157523909721345,173.348578400916,-166.273292919389,-2.98800860561408,4.79775057756165,4.64238509267756,1.21106203630461,-0.471345217248806,-32.8159213622961,198.229544662393,-33.7842412595835,10.5530025055094,2.07774106938102,-10.346441607137,-0.0846946958679772,200.877918565679,97.0420945216651,-3.5819742950483,6.72887415631633,-5.70728916027807,3.56435097212862,-1.02375740430594,-86.7414377770073,-193.043149441191,-34.6260107802962
3.73890518558559,-1801712.77332072,7.41353008383295,-3.84243604216129,-6.34004050190503,0.130304123061972,194.766913074717,-136.676284466781,-7.53334988620419,4.86607855042518,4.35536666533486,2.17013862907372,-0.58976009338058,-79.5637049720654,180.773696104655,-12.8545231976539,10.2685156819276,3.06962745242928,-9.79896941587667,-0.0995040585663677,194.46625346992,121.979339669219,-2.1975972276984,6.57737231034692,-6.06281664142893,2.55030995789352,-1.16007950359541,-54.0908945162276,-209.965356154959,-19.2922353454403
3.74379904054054,-1801721.0924701,7.49654416400237,-2.8213076161955,-6.94538679539414,0.0821904108593035,211.0310223094,-104.316141005235,-11.0260640809192,4.88984845290743,3.84674804295691,3.01879899735116,-0.599890449225345,-121.106594495051,154.521046593743,8.78895770567699,9.97373742943597,4.02240360408021,-9.12664821044476,-0.106670668144961,185.110205216431,146.818751871793,-0.560252423223724,6.41757883234676,-6.24819810544035,1.46469741057903,-1.21667975776035,-18.9059230434781,-221.381992450762,-2.86979158854949
3.7486928954955,-1801784.35907199,7.58366206563891,-1.73212581906729,-7.38320191195738,0.0200434822527797,221.924825097466,-70.1359015481474,-12.795577048323,4.86728321736159,3.14430072038435,3.71534909501116,-0.50187051632381,-156.672850159131,120.187507865207,29.7515207590858,9.67551062608096,4.92072950459359,-8.33078189715874,-0.105106582798605,172.57102214792,171.183653110314,1.24522571905322,6.26092464894441,-6.25187587186371,0.336490033385898,-1.18877741948091,18.303191924592,-226.66618356501,14.3610541836274
3.75358675045045,-1801970.37071113,7.67041048284861,-0.602059365220836,-7.64674581087562,-0.0457653596239262,227.402631894491,-35.0627816690453,-12.374582610982,4.79714277094759,2.2800195413656,4.22067407600323,-0.302375241634487,-185.171878271471,78.2668087486167,47.9961651857395,9.38191050861648,5.74811382555941,-7.41481167934163,-0.094218410954429,156.644096499951,194.587921805747,3.09825118327811,6.11795617876067,-6.06516618619443,-0.801964425071072,-1.07306921592407,56.8548126154123,-225.110808724718,32.0442417930195
3.75848060540541,-1802615.83128317,7.75279165355839,0.541900499877622,-7.73382972864783,-0.10370234385704,227.568919336938,0.0382454396049674,-10.0079246580612,4.68005626457962,1.29258193766964,4.49801718249733,-0.0219088644664147,-204.904363328741,29.6589728457844,57.0699269693748,9.10221747285547,6.4871704695931,-6.38490267910127,-0.0741240709658238,137.200519092592,216.42533435743,4.82654310380699,5.99716404288927,-5.68332774570958,-1.91461805386128,-0.868335001550711,95.8042923986281,-215.982858880267,49.6249691635165
3.76337446036036,-1802227.58427307,7.82738202600218,1.67362982814855,-7.64636335647957,-0.145844606204538,222.643917642456,34.4064765972273,-6.41603405686679,4.52316505880635,0.230975908078195,4.51726380446107,0.268324028059261,-213.706967999867,-23.2524324312313,49.7934104206378,8.8467201632137,7.12011901648533,-5.25055833576733,-0.0459529799163591,114.242191887209,235.974244677761,6.19487814453231,5.9038060496953,-5.10712326220814,-2.96179301387375,-0.576819524288906,133.836183882355,-198.650957852728,66.047390732905
3.76826831531532,-1802287.9362457,7.89128194699544,2.76833967630218,-7.38976496267556,-0.167862684425708,212.920827865729,67.3924254822359,-2.21913483057899,4.34828573925074,-0.844487742329035,4.26549285818501,0.476025239739963,-209.808815378192,-77.0431502669242,29.7876184116347,8.62627352395029,7.62959238846519,-4.02516023232366,-0.0121752895205007,87.9648105633619,252.428628484172,6.92018830395205,5.83930865224536,-4.34496590688603,-3.90112763238856,-0.207861094221661,169.121898701927,-172.881423275973,78.4585920149069
3.77316217027027,-1802387.15542461,7.94207055451492,3.80283810680584,-6.97243910165721,-0.168035954510328,198.732847660056,98.4389318239198,2.11949008204356,4.18627046854446,-1.86711224570373,3.74683230179183,0.566200212175609,-192.245413831193,-128.374003088568,4.70444094059808,8.45155804001803,7.99976712211895,-2.72627205092561,0.0232489031231614,58.8135128312828,264.965008509289,6.7579146056776,5.80260272286705,-3.41590427518887,-4.69060724663348,0.207766395860162,199.085093312607,-139.670196384902,78.406835632015
3.77805602522523,-1802458.37497353,7.97779522969046,4.75566815290274,-6.40537564443636,-0.146667783605272,180.435801826199,127.056995804317,6.20806426572907,4.06777793075685,-2.76694188064096,2.98175282729933,0.523069649145944,-160.742716753724,-173.731494985888,-22.0687065745052,8.33205099031117,8.21772751677802,-1.37551014723077,0.0554038565362753,27.5065331061314,272.844832083914,5.65814545646542,5.79731452833566,-2.35411497375997,-5.29782959623758,0.576207262098489,221.211830694236,-101.519008761607,65.68783121655
3.78294988018018,-1802710.50034956,7.99699694359536,5.60719612506782,-5.70186914361404,-0.105955311853037,158.40414543637,152.803695602137,9.63898056897664,4.01379921295081,-3.47453941324097,2.00951735193295,0.345513146430556,-116.181162292448,-209.101653948303,-46.7574885791069,8.2748327393583,8.27483245318026,0.00217626991352726,0.0798303576878156,-4.99520699975334,275.532965991381,3.79648208652426,5.83139982138735,-1.20378596824651,-5.70579733424955,0.864644708025662,234.390323477842,-61.0958437822814,48.5770440512367
3.78784373513514,-1803380.07890902,7.99877181734647,6.33970960726644,-4.87733868841499,-0.0502779779155057,133.037535072308,175.265264654135,11.9146056486246,4.02846313452296,-3.92875350356544,0.890736287816302,0.0554947633548749,-61.6592989845589,-230.372769303154,-60.8650549948937,8.28350515401608,8.16777544678048,1.37981951268304,0.0933686774015179,-37.5767433159723,272.797763685934,1.46647408481975,5.90879685816566,-0.0102117389815481,-5.9087880340604,1.06197770261086,238.749768385528,-20.3910192517775,30.0280349704139
3.79273759009009,-1802381.12288864,7.98286971724195,6.9375714757909,-3.94921649707269,0.0131907446332091,104.774163666918,194.048327725342,12.4783879904637,4.10169770514529,-4.09113240308656,-0.294210341098589,-0.26313740351838,-3.43884799359184,-234.901159280559,-54.3745522514321,8.35756953576692,7.89906502002054,2.73015390677287,0.0944950985360131,-69.0985054893662,264.759239201385,-1.00204897807166,6.0270902164809,1.18371171560876,-5.90970752676732,1.1649250577298,234.925812489034,19.0816393394343,11.248086162643
3.79763144504505,-1801922.78619458,7.94981481467304,7.38745124393562,-2.93685541116157,0.0745059019891309,74.0992797898641,208.783933352958,11.1359140779211,4.22292093775537,-3.96314198350136,-1.45827530498929,-0.488250759159446,51.600938513405,-223.244998274285,-32.6322069746902,8.49249322721575,7.47679039188682,4.02741190469689,0.0833481876208012,-98.5325905984034,251.868592368118,-3.29103808339195,6.17789103812087,2.33904638590879,-5.71797164066605,1.17445856423728,223.765390770711,56.1963390466073,-7.05652216979551
3.8025253,-1801708.95879485,7.90095400886129,7.67856427368954,-1.86137716354311,0.12454988541242,41.5380336614898,219.140192323145,8.25981927196313,4.37784387405129,-3.57512301795251,-2.52666032384144,-0.589459473265282,99.3440204728173,-198.312449982343,-7.54421075689916,8.68044400377764,6.9137391140365,5.24883983045405,0.0615847177020936,-125.068680892868,234.827276415356,-5.12273955092794,6.34855180933038,3.42136562331587,-5.34774413630125,1.09435983603185,206.167305781468,90.1394459704979,-24.3923137192771
3.80741915495496,-1801601.90011445,7.83835962284863,7.80283158055052,-0.745453487930118,0.157104094708762,7.64855947489879,224.828427415099,4.39387476729248,4.54558701065261,-2.96970177877319,-3.44139980481272,-0.563692866728438,138.10569967978,-163.222810843713,16.9632262224742,8.91143764060204,6.22610358295814,6.37568466885045,0.0321207921115218,-148.166379676163,214.474087472402,-6.28447110924666,6.52424304900735,4.40071944372347,-4.81657718096107,0.930535427044514,182.994863739892,120.326034001313,-40.3495776127703
3.81231300990991,-1801584.37035044,7.76469545920556,7.75504986843853,0.386907110607883,0.168488633085345,-26.9697412284998,225.603348012641,0.00467278913397395,4.70215681334918,-2.19406602115471,-4.15888843227857,-0.41982721104054,167.234246484435,-120.548526748134,38.6573381718623,9.17455600541674,5.43207531727487,7.39358070517807,-0.00125999339037296,-167.552746039722,191.673566504045,-6.6614477685878,6.68977184980784,5.2513142607148,-4.14448379628812,0.690864059904143,155.045680098264,146.314932860665,-54.4659638022373
3.81720686486486,-1801758.01827129,7.68309588056229,7.53313416826552,1.51057999219629,0.157150822600102,-61.6604605606214,221.270045602639,-4.48308950637932,4.82459138835065,-1.29735931392884,-4.64688507229406,-0.177119485009815,186.354209788579,-72.4806173518713,54.2893489418459,9.45896284172577,4.55057612256092,8.2924203338909,-0.0344936855743562,-183.180583008178,167.229288773163,-6.28659163800535,6.83095725769827,5.9511762447061,-3.35342785235442,0.385875789022141,123.083753549788,167.727769094379,-65.8825054392702
3.82210071981982,-1801955.12279037,7.59706260807131,7.13844526283232,2.59960756663427,0.123657738021552,-95.6946133950951,211.703179370653,-8.59985202820129,4.89486660354974,-0.330523923268917,-4.88369460579728,0.123066278377919,195.114766962339,-21.5387274670385,55.7279968621781,9.75458888846839,3.60026948719309,9.06587359290969,-0.0641259097704264,-195.168076043492,141.831297580651,-5.33191333306939,6.93580549578717,6.48215179621268,-2.46720610534433,0.0320390055114419,88.0070047202026,184.16702053725,-71.4697771102087
3.82699457477478,-1801507.97924442,7.51038057170762,6.57618803431457,3.62761178590282,0.071152302318089,-128.260752680741,196.879981855951,-11.7341667199994,4.90603012527409,0.653788355694552,-4.86227234696444,0.380160483611966,193.493700575307,29.3381334305542,42.5968501088631,10.0524921544534,2.598895362126,9.7107333096974,-0.08781281890505,-203.73678225957,116.036392338688,-4.01100481876776,6.99652321399114,6.83124629190813,-1.51175764698193,-0.328821982079946,51.2145295635329,195.206846400974,-67.8872524348097
3.83188842972973,-1801406.51640356,7.42705740032661,5.8558377360249,4.56840738519378,0.00631607082155779,-158.468581494989,176.926173102761,-13.0900894462363,4.8626245248507,1.60441308248415,-4.59031327149174,0.54903477946655,181.905570010318,77.907895931526,23.2311175581454,10.3449792340494,1.5629016645974,10.2262375162966,-0.104235957958104,-209.159273653766,90.2728507216369,-2.50541957367478,7.01324166121154,6.99429709184801,-0.515137641334589,-0.646833518836655,14.1317247826957,200.684958120704,-57.8128477144235
3.83678228468468,-1801396.76430537,7.35128139603346,4.99150221936468,5.39687351693043,-0.059748592144274,-185.381019470442,152.163026493063,-12.1060501214975,4.77361770204069,2.47284405579773,-4.08319338764918,0.61247165919342,160.730444346681,122.816686066442,1.37278674863847,10.6255789344871,0.507302625588338,10.6134618169138,-0.112867014641798,-211.721423463087,64.8582411505931,-0.950663245545933,6.99011862123797,6.97256353973509,0.495091934225107,-0.90695045922418,-22.4104354457766,200.763287207323,-45.4505103039302
3.84167613963964,-1801448.99116069,7.28730286329726,4.00202754132048,6.09003765012441,-0.114744430393418,-208.085760747884,123.125060102422,-9.03311153352642,4.64964062636453,3.21171752595096,-3.36214641082732,0.562762646952935,130.053943371171,162.760142043705,-21.3493106964497,10.8889380054911,-0.554312570033473,10.8748199278025,-0.113742590413563,-211.698624320652,40.0214966805323,0.556761062150454,6.93275210253397,6.77019273739024,1.49249523073864,-1.10133862187596,-57.9058773743307,195.637821239399,-31.7744271565426
3.84656999459459,-1801620.81407482,7.23905251947465,2.91064461188584,6.62812411795466,-0.150079707479538,-225.774775956732,90.5424042993171,-4.6233271911209,4.50203896788324,3.77338348950944,-2.45559196721214,0.398978552228923,89.8441574203199,195.946001896213,-43.0521855652919,11.1306854076944,-1.60968361761819,11.0136767837191,-0.107299404020293,-209.342713144488,15.9242347731289,1.94722226347435,6.84737972311484,6.39350476599178,2.45147014661909,-1.22469473078961,-91.9290866322931,185.43328490853,-17.1657181950546
3.85146384954955,-1802177.94490437,7.20964605628517,1.74427978175316,6.99546169311758,-0.160977702304627,-237.799917446863,55.3121046570358,0.412346666942465,4.34291802161908,4.11015910015416,-1.40268639186519,0.132240791300016,40.6158919602384,219.706492792263,-58.7484773831751,11.3472928854041,-2.64773970147835,11.0340622755338,-0.0942703677788198,-204.876155853008,-7.32086212674525,3.16720997853991,6.7404978229176,5.85090187106731,3.34682807982394,-1.2729958038265,-124.038630254529,170.194963706197,-1.84443777443289
3.8563577045045,-1802184.25991074,7.20097168964129,0.532645437417207,7.18124516452502,-0.145956240810114,-243.713295552347,18.4645789838855,5.42633529619383,4.18753041536513,4.17954240911182,-0.258527039289501,-0.188506221602829,-14.956486776984,230.615354879528,-56.8166266201337,11.5359466330467,-3.65844517614827,10.9404681624516,-0.0756273042348942,-198.490721227004,-29.6351532967258,4.17179790596887,6.61857430250552,5.15311846344649,4.15341978368107,-1.24313910853394,-153.716645131739,149.905392785194,14.0041288133739
3.86125155945946,-1801966.86713936,7.21345887818116,-0.692853173770311,7.18010748295643,-0.106714349342688,-243.299873803601,-18.8795475866175,9.74557186001766,4.06233425228,3.96059423238432,0.90346715693009,-0.435925474901321,-71.7413338157316,226.02266434151,-37.0544671674757,11.6944366866682,-4.63264691374839,10.7377107425665,-0.0525523887191311,-190.348695000951,-50.9623929886551,4.92098818136478,6.48774889340839,4.31373541974992,4.84588200767588,-1.13295451569276,-180.317481358326,124.516854057584,30.1605365715004
3.86614541441441,-1801929.51873714,7.24608137655091,-1.9003533006188,6.99244968865884,-0.0485005222099371,-236.599716659824,-55.5625018949121,12.5869755074614,3.99914228417856,3.46212907095451,2.0016996041256,-0.559050893277585,-124.288277065795,205.426253646674,-10.4895750913999,11.8210659578577,-5.56193212615778,10.4308442325651,-0.0264174224212463,-180.585368189258,-71.2597968621387,5.38050847112667,6.35349339749889,3.34994364986323,5.3985883242569,-0.941533742818931,-203.018119028135,94.0071798765897,46.2863625757135
3.87103926936937,-1801947.58545433,7.29659737964986,-3.05885034036855,6.62448246400731,0.0191554057319254,-223.914797786336,-90.4523977313519,13.1488885807995,4.01673007910666,2.71771146172637,2.95772969339683,-0.54082122581532,-168.109411577533,170.282168602812,17.5122806747134,11.9145782993099,-6.43850059564097,10.0251127739452,0.00125269599213555,-169.312019520453,-90.4912411506698,5.52677117073702,6.22027984653439,2.28355422946857,5.78595380644178,-0.67009088993563,-220.773084240097,58.4821386751735,61.7267474226954
3.87593312432432,-1802063.40773372,7.36195016971828,-4.13950127848217,6.08792571134532,0.0829883635980583,-205.786566238494,-122.523617501256,11.2935266658866,4.11042132886304,1.78103495517917,3.70452129015371,-0.383928086530451,-199.74848656208,123.539112994211,42.8775980244363,11.9741037762814,-7.25505232136232,9.5259318210584,0.0288502892861238,-156.618929893795,-108.622063185212,5.35796598880732,6.0914564651915,1.14221280746226,5.98340971100864,-0.324266268591977,-232.296157704088,18.3914207823777,74.7686479305309
3.88082697927928,-1802608.14016395,7.43859147567987,-5.11671600275349,5.39924628899475,0.132090672390791,-182.930556702466,-150.93917057155,7.72502263220412,4.25452565967776,0.720226596105568,4.19312082333895,-0.112045245570957,-217.021566374005,69.4258597722477,59.2543649745491,11.999118844163,-8.00468989457892,8.93889214209304,0.0548323558802088,-142.578198988045,-125.614967023857,4.89929273506991,5.9699980776206,-0.0394073475723062,5.96986801426556,0.0775955893696798,-236.177738745541,-24.8703349751696,78.2471072121158
3.88572083423423,-1801829.14171263,7.52260784566614,-5.96880684550682,4.57853400562983,0.160238589920099,-156.152826022477,-175.085071762255,3.27480888541334,4.4159626499666,-0.38918070856088,4.39877988787619,0.208615563215039,-219.43480719631,13.4781008161721,56.8340128007156,11.98941955064,-8.68083431124276,8.26978215081983,0.077843216636823,-127.246426232497,-141.426472534185,4.19196567420536,5.8629510329368,-1.21956457999315,5.73470636125694,0.45820480352918,-231.478349275769,-68.4421648304884,69.0002381396063
3.89061468918919,-1801395.6688822,7.60984472122857,-6.67824426297826,3.64839557137219,0.164838761244925,-126.285043496278,-194.551465068023,-1.42136358856002,4.57206390907774,-1.47412147585753,4.32790183150067,0.456294882436199,-208.493943806026,-39.1139261539601,38.8213287767799,11.9451080787025,-9.27715415690389,7.52462741675118,0.0967520126222624,-110.667448518303,-156.003517669404,3.28108051441981,5.78603126505039,-2.35419084033,5.28544636596067,0.767597970765742,-218.243960372944,-109.342560659176,52.981281443661
3.89550854414414,-1801252.2793148,7.69608068731794,-7.2316572804696,2.63301935494959,0.146024954034499,-94.1450426605484,-209.09650729906,-5.85573009888125,4.7098252504504,-2.47412014662114,4.00764062633659,0.596828850982838,-186.708598082709,-85.5815499389919,16.6662651810917,11.8665931461773,-9.78750879642579,6.70974697412579,0.110654021781021,-92.875275133561,-169.280093419063,2.2103836555966,5.7545737904463,-3.40200418372259,4.64128075466518,0.988017617965791,-197.266670000115,-145.608287392081,34.3945190394839
3.9004023990991,-1801200.53397349,7.77723195743575,-7.61969468958374,1.55743049838159,0.106281460256112,-60.5175984649672,-218.610864753201,-9.54839801817498,4.81861502573459,-3.34120745668462,3.47208633211075,0.622957534247116,-156.214296194576,-124.987892135141,-5.99506778908464,11.7546048824427,-10.2059069082395,5.83182648256055,0.118855849178228,-73.8973887941605,-181.17383073919,1.02090861046842,5.77803780954125,-4.32685754033115,3.82936349203986,1.11154316116058,-169.708190333654,-175.891081764062,14.7792244506827
3.90529625405405,-1801200.78646934,7.84956589918733,-7.83683326511927,0.446910707417581,0.0505409738527494,-26.1494045223301,-223.089287562433,-11.9663632260928,4.88842198496211,-4.0362631085669,2.75776170498518,0.536878173091992,-118.485894568073,-156.888716193789,-27.5790074910611,11.6102250884161,-10.5264826843674,4.89800866673389,0.120863107885705,-53.7586498755334,-191.582480792731,-0.247281661022658,5.85736590773558,-5.09908608705914,2.88236993702456,1.13580986247262,-136.928628212963,-199.300624231387,-4.89747220736611
3.91019010900901,-1801287.98194883,7.9099107104449,-7.88118873480704,-0.673462377242736,-0.0133821720048156,8.24915631112506,-222.61165939524,-12.5613708384461,4.90993321339171,-4.52606640236535,1.90319917017286,0.347167459336505,-74.5876060427046,-180.74081494536,-46.3559342812348,11.4349341800411,-10.7434934069948,3.91600167463325,0.116383032568002,-32.4861355821976,-200.380281981103,-1.55128639473101,5.98483603741817,-5.69614382246077,1.836357249726,1.06256843908692,-100.354007195718,-215.346422265472,-23.8796282579059
3.91508396396396,-1801694.77645951,7.95583991908968,-7.75434170200802,-1.77920588653482,-0.0750727345317114,42.0093580952588,-217.33072466703,-11.2055049160646,4.87565656216039,-4.78213916899395,0.95035355553158,0.0733188302796443,-25.6994839254244,-195.639727542389,-57.6008518651926,11.2306765140358,-10.8513440401894,2.89420584692286,0.105350243938395,-10.1153609435776,-207.41431241901,-2.84008246678206,6.14600273162576,-6.10262615901632,0.728905714369841,0.897013579893559,-61.3739330311023,-223.869880827718,-41.4946355801622
3.91997781891892,-1801309.37017311,7.98573967685552,-7.46109515385446,-2.84676962391304,-0.125437221165461,74.5215714229053,-207.456709879089,-8.35708943253214,4.78335707212893,-4.78306124161959,-0.0531981052510314,-0.228841059315421,25.9569589029378,-200.419582893829,-53.5379144740467,10.9999459921773,-10.8446470164306,1.84185855044315,0.0879822079001812,13.3015511743364,-212.501114327506,-4.04811650921979,6.32269753597076,-6.3098831527718,-0.402341558551179,0.647622083285299,-21.2917956786393,-224.964003501391,-56.999227223776
3.92487167387387,-1801200.0745076,7.99871322995048,-7.00912598777897,-3.85377298532571,-0.158643628857033,105.240854922609,-193.237450320145,-4.60629466809698,4.64372901264059,-4.52256957996457,-1.05384227340671,-0.462060314460822,77.4570677527809,-194.219779737242,-36.1180258114684,10.74589349174,-10.718328528446,0.769194703647796,0.0648690788461973,37.6850949712268,-215.424183823084,-5.08872010904455,6.49605498380632,-6.31554411580271,-1.52073432064407,0.327021307655799,18.6448596811693,-218.916390739309,-69.0917216647206
3.92976552882883,-1801348.84732773,7.99446574725766,-6.40868660462836,-4.77914412711449,-0.171500167846431,133.671101588858,-174.944822158617,-0.419228570784887,4.47767812717923,-4.00849056409178,-1.99539590262346,-0.590021317430105,126.286281459744,-176.627301507597,-13.3025496757749,10.4724561499628,-10.4677960667183,-0.312383287787697,0.0370950068097357,62.9143765348913,-215.933381348795,-5.85034556959694,6.64923689915958,-6.1234345559601,-2.59150546594426,-0.0432951333619078,57.0362517711136,-206.276433863806,-73.0435409915825
3.93465938378378,-1801328.3421408,7.97322892603199,-5.67241497189039,-5.60322120691188,-0.162835914564882,159.344357664729,-152.872862547028,3.82113079023187,4.3103060722545,-3.25970676536713,-2.82011528848269,-0.595085811218572,170.081683147936,-147.359894513994,12.0195604319197,10.1845046972652,-10.0891847630971,-1.39013910984016,0.00636562315022792,88.8095780369279,-213.747927374348,-6.20210951578138,6.77115752557322,-5.74518159809157,-3.58349865928212,-0.403414102260025,92.2035015871863,-188.073929203297,-66.9417345343548
3.93955323873874,-1801529.08857729,7.93573084733358,-4.81524302798107,-6.30787275258478,-0.133288859944112,181.803972343899,-127.346360566481,7.73293636896106,4.16644732475983,-2.30767373261243,-3.46899484776339,-0.469825713110909,205.93675243881,-106.430325642807,37.4686835823957,9.88799697343544,-9.57970028634906,-2.44986256153118,-0.0249260883480781,115.111448242919,-208.565269539762,-6.02409361455678,6.85970337193125,-5.20139954008824,-4.47224475797723,-0.712712478705456,122.983334658605,-165.51668856044,-55.5778873625527
3.94444709369369,-1802045.04457792,7.88321016892216,-3.8543752484514,-6.87668481257669,-0.0855065508752712,200.594530402162,-98.7383461728644,10.850980892326,4.06565145154878,-1.20033924097903,-3.88441854491075,-0.220398975394615,230.152444011988,-54.9774397696708,58.3510980609183,9.59011100120936,-8.9380702806679,-3.47579180523778,-0.0538753129953399,141.459821977588,-200.078434567099,-5.2602938325059,6.91606727292001,-4.51534825150552,-5.23866554488652,-0.959192975885552,149.070637739227,-139.523853481749,-42.4590070426958
3.94934094864865,-1802690.78970198,7.81747509969314,-2.80929772395945,-7.29525621431342,-0.0247790510208523,215.261433592972,-67.4946928844902,12.5650402448347,4.01877395010644,-0.00614929249254503,-4.0187692454601,0.113685267498275,238.883742974239,3.03116461285055,61.5072742706854,9.29930909531165,-8.16510206657319,-4.45064690720217,-0.0775290266731371,167.374178490183,-188.004585548128,-3.93471061750297,6.94237739819032,-3.71069316269597,-5.86748329279472,-1.13730254913241,170.423168163815,-110.754215357637,-28.469097512812
3.9542348036036,-1802094.38587776,7.74100330457446,-1.70176091252168,-7.55163174142159,0.0401438515730759,225.364487711271,-34.1589579162222,12.3030344172153,4.03319574679121,1.18849818876337,-3.85410689878225,0.394673767312239,230.389172275625,60.6273550808811,44.2321012354484,9.0252681701086,-7.26432849576607,-5.35583766071906,-0.0932224191703696,192.240915925085,-172.127246604176,-2.13302433307827,6.9409457944442,-2.81111656986737,-6.3462076984629,-1.24388395101367,187.0219849014,-79.7012986359468,-13.9698352741182
3.95912865855856,-1801863.44241492,7.65703361358271,-0.555652846846744,-7.63684579347564,0.0982512931513002,230.506930264799,0.622479685993124,10.0670105409725,4.11396975461023,2.2977424302637,-3.41249569465129,0.556006279852759,206.266732981888,111.464043289061,18.7029434368869,8.77859917554939,-6.24269290732234,-6.17191937324393,-0.0988592700039198,215.315480082188,-152.352555396888,0.00379237366025342,6.91396070810614,-1.84047331368197,-6.66449627915419,-1.2770009018736,198.795515765582,-46.7586385769792,0.833759061418242
3.96402251351351,-1801760.06180682,7.5694878936845,0.60330839012631,-7.54540694456166,0.140813956982801,230.366731655468,36.1162908451242,6.39769058296039,4.25144137287144,3.25116551858224,-2.73946646589164,0.581703201681108,169.898141425531,152.120750566338,-8.03857270841968,8.57028207117426,-5.11117369494418,-6.87936321468794,-0.093184495433767,235.750091544152,-128.774628205304,2.27668072160336,6.86333625381115,-0.823161412211553,-6.81379408423269,-1.23554636039949,205.587092394464,-12.2720617492491,15.7821497718244
3.96891636846847,-1801742.4303744,7.48272116477323,1.74801446970794,-7.2756828850244,0.162228198980904,224.72027921642,71.5134289979679,1.87936312318851,4.42162554985743,3.99672384451902,-1.89128818898791,0.475620552768562,124.800054125391,181.140143716975,-32.6829876585199,8.41078643781852,-3.88519199188081,-7.45966565529697,-0.0760924627878862,252.656414055508,-101.736960802332,4.42262871204999,6.7906339418815,0.215397610262662,-6.78721689664668,-1.11917940415535,207.137540481962,23.4105984301703,30.7022478428671
3.97381022342342,-1801863.86742868,7.40121871966324,2.85051118229051,-6.83027265458198,0.159607588214686,213.467216073019,105.932125900875,-2.95799420337566,4.59388723539424,4.49916605983615,-0.928065028721894,0.254873325095909,74.1743570241201,198.072567516563,-51.973444819285,8.30894673360738,-2.5846095543891,-7.89673282271126,-0.0489582083132672,265.204365372517,-71.8684889367661,6.12094672712273,6.6970391714336,1.24821399260807,-6.57968809993099,-0.928523881970819,203.077131351583,59.8822137714327,45.3389758365033
3.97870407837838,-1802340.79214886,7.32928423078154,3.88268663043813,-6.21636162601565,0.132648256947148,196.663463928257,138.427032295213,-7.56330154539575,4.73931139562259,4.73846741476022,0.0894374861777243,-0.0441138954242874,21.2707109058095,202.998631128158,-57.9301815987615,8.27079636161551,-1.23314833815565,-8.17835054466463,-0.0148829955166589,272.742938074826,-40.0703161685937,7.0377331233701,6.58342650346532,2.24616892377849,-6.18839475893235,-0.665789645790319,192.935022092234,96.5964402102005,59.1980328213932
3.98359793333333,-1801843.45620149,7.27075204242427,4.81714582157308,-5.44600233162985,0.0839745727607281,174.56052118255,168.012973352514,-11.2639881797187,4.83900602114768,4.71187316889425,1.10192128255969,-0.324428490891705,-30.3333995485032,196.646842598257,-47.759262965629,8.2986650383041,0.142819826359159,-8.2974359843972,0.0214191229204338,274.911718087858,-7.43861864346658,6.94479966358068,6.45064400557617,3.17756421353041,-5.61372369782898,-0.336543553756887,176.205287345405,132.731292306234,70.9666316505131
3.98849178828829,-1801898.70608987,7.22876675817801,5.62829184226363,-4.53623189249051,0.0200083751499605,147.643938499922,193.709367932145,-13.2005125071674,4.88847190504632,4.43513341927518,2.0559059121603,-0.521706525080578,-77.9467768450782,180.321240639272,-29.2129972674872,8.39081790321672,1.51596884272293,-8.2527367310993,0.0545650011191478,271.704006402236,24.8675073701557,5.87993956154222,6.30047288628683,4.00822179723254,-4.86108183587001,0.0438766707148118,152.651314508577,166.876860460346,74.9343141423088
3.99338564324324,-1801730.53344619,7.20566823290044,6.2935852065723,-3.5089086523084,-0.0480305523109458,116.653142792964,214.611343359767,-12.6604979643304,4.88913223221904,3.93240540044346,2.90513368895241,-0.616558463566577,-120.318185216756,155.238212868738,-8.0425681648315,8.54174167193993,2.85985989038152,-8.04876091069564,0.080218518535856,263.455679054113,55.7748403253056,4.11787117179727,6.13930081388845,4.70407735861618,-3.94495509322552,0.412799587666201,122.941713240469,196.835722151606,67.5528779389733
3.9982794981982,-1801700.8880199,7.2029361735823,6.79482327019328,-2.39011845889284,-0.106596604493343,82.546559071489,229.984486873889,-9.81171214286299,4.8440947057065,3.23195156710762,3.60828804084768,-0.602132206728893,-156.632888209031,122.162543087124,13.8759593532557,8.74298052142815,4.15052563326406,-7.69498832784624,0.0957437128371206,250.766397777813,84.4123195631088,1.99259420480068,5.98337005806433,5.23763892963724,-2.89272461435396,0.719405450104545,88.3939587162205,220.563241789114,53.1240591121821
4.00317335315315,-1801747.14872182,7.22099158613932,7.11905079728719,-1.20906378356951,-0.146147673739576,46.4144318990426,239.341175894011,-5.50027983678972,4.75693797770687,2.36607651835315,4.12675911982365,-0.47779887003402,-185.880721695111,81.533726801694,35.1632365077387,8.98427053692141,5.36752386815965,-7.20463771506455,0.100144460583863,234.387087675165,110.167362600655,-0.199672351163395,5.85245049148122,5.58801694577839,-1.73932267533438,0.944040178788022,50.335035802442,236.824824531198,35.6365498046398
4.00806720810811,-1801982.79205327,7.25896833624756,7.25896758918371,0.00329330004726791,-0.16159940286124,9.39091028570839,242.462981568129,-0.529214099589585,4.63184480305573,1.37314435015651,4.42362530886462,-0.250499841651506,-206.507250450667,33.8560911859568,53.1090037873,9.25467367262615,6.49439651001571,-6.59331470183969,0.0937469893254866,215.110828165463,132.684632491115,-2.22836925140885,5.76489665672589,5.74098928766166,-0.524476369041977,1.07577094815094,10.1617467544098,244.8359220575,16.4648196085004
4.01296106306306,-1802746.58185268,7.31466959605923,7.21295990014428,1.21556603211177,-0.151439814735471,-27.4122696337174,239.385577870444,4.43693811324982,4.47545376489392,0.301004013846481,4.46532003168322,0.0532911678389799,-216.293579897924,-19.3354735903402,58.3508392075637,9.54349312518128,7.51863214981428,-5.8777913901534,0.0778607680697742,193.690518374354,151.826491316501,-3.92524416406791,5.73364391811614,5.68963441332248,0.709036545240616,1.10868837487303,-30.6109812285255,244.167831624818,-3.46648449394266
4.01785491801802,-1802367.44777751,7.38473979791329,6.98484489284653,2.39714907875171,-0.117230021728742,-62.9553504598649,230.368270449153,8.78419039235162,4.30336608402017,-0.789791448822733,4.23027057296122,0.333008550424132,-213.034170721089,-74.459930565533,45.9280661426474,9.84088301976579,8.43130169375925,-5.07504978867468,0.0544945476848076,170.790011944951,167.617319053595,-5.17378023806876,5.76312226299589,5.4348794753764,1.9172019472062,1.04110610321152,-70.3996608799219,234.772388362752,-23.3185768030683
4.02274877297297,-1802323.84210812,7.46500846878254,6.58340639554563,3.5192487366033,-0.0635979108119552,-96.3051850532572,215.857568479675,11.857843700159,4.1461113247786,-1.82933769336441,3.72072072602789,0.512571829265454,-195.577701506656,-126.991311210949,22.9321607384388,10.1381701115696,9.22653226926379,-4.20161819961745,0.0261229656890866,146.96404126606,180.188304889061,-5.90384273127275,5.84810812463191,4.98563780452327,3.05676042886814,0.875502606842342,-107.644974369874,217.000341022737,-42.2195363021147
4.02764262792793,-1802384.26780493,7.55093501267687,6.02179304231396,4.55572476354846,0.00134841527284804,-126.658256939996,196.449766994229,12.9638911544388,4.03755649940951,-2.7455684638893,2.96035746085173,0.562330157808519,-164.058670577287,-172.761195594455,-4.03125249364424,10.4279564201768,9.90094210641986,-3.27316673978407,-0.00454387962791997,122.657780869141,189.731503444167,-6.09564318594519,5.97504454877162,4.35842973167766,4.08720535743357,0.618910740190369,-140.902176245351,191.590532277062,-59.1025617601123
4.03253648288288,-1802532.53026682,7.6380684894528,5.31682382614566,5.48374640654559,0.0660410007324328,-153.361501696166,172.848385417559,11.8273803758577,4.00160691536679,-3.46992439913728,1.99310877008334,0.472259304329011,-119.893881933374,-207.796588445627,-31.174253741877,10.7040797539484,10.4531100779552,-2.30430316517578,-0.0348334661703653,98.2172541036231,196.465707838584,-5.79549604811966,6.12532341920913,3.57661604206976,4.97266575163876,0.284476989241219,-168.88635322172,159.680158699759,-72.0493108722797
4.03743033783784,-1802899.95425336,7.72237139344725,4.4881780253523,6.28420861772405,0.119622219031425,-175.93298533344,145.805360547675,8.93043872687354,4.04199858999149,-3.94450728322304,0.882391576395457,0.250587620389749,-66.1745875806508,-228.57306032756,-53.5901791081038,10.9614954255177,10.8831146474561,-1.30850966139823,-0.0624988401091166,73.9044192446606,200.61309875096,-5.1057236057498,6.27969096673104,2.66956619946046,5.68400694443116,-0.101582368532428,-190.429795301518,123.063336250513,-74.791653578347
4.04232419279279,-1803327.84081587,7.80027889075139,3.55749397281126,6.94180001202234,0.155345388001168,-194.057127961886,116.063225330755,5.02125686980383,4.14201965206768,-4.13167027494379,-0.292621833192261,-0.0636424867520267,-8.17831709783132,-232.930773745259,-59.7197464757434,11.1961253949752,11.1921542704018,-0.298172177666183,-0.0858907022278633,49.913662706615,202.384373898293,-4.14147864724178,6.42476207267768,1.67231808905458,6.20329911414389,-0.463439546542251,-204.734338627035,84.2552988134564,-66.3510094826362
4.04721804774775,-1802493.6834823,7.86866924745786,2.54760674573344,7.4448408710316,0.169834787729463,-207.549584393038,84.3247763940645,0.681087793416296,4.27838534948889,-4.02629045420135,-1.44691616105713,-0.346609844367685,47.4199599343993,-221.391701272819,-46.2773590975192,11.4047072263569,11.3822512745222,0.715334077584699,-0.103913626581534,26.3877219130176,201.970241331376,-3.00324016590459,6.55615327632191,0.622222813190109,6.52655993256573,-0.765092463358791,-211.857521268437,45.3683011967595,-53.2831766959442
4.0521119027027,-1802204.18594162,7.92485251143721,1.48199812888088,7.78504777596298,0.162156265935331,-216.318788367765,51.2469578025011,-3.6471606407722,4.43394054188604,-3.65747067559979,-2.50653884592046,-0.526416077727219,95.7458908321275,-196.859870936028,-24.0394876070159,11.5846589868411,11.456031489532,1.72153023564757,-0.115923103886909,3.43162420300005,199.537479188056,-1.77084585129652,6.67192299474133,-0.446257123629785,6.65698212611149,-0.996271313501693,-212.450820997317,7.50983272661658,-38.8145939799873
4.05700575765766,-1802088.1632111,7.96659070394418,0.384418862055789,7.95731044905661,0.133363181321741,-220.337350328194,17.4478894187907,-7.56665703026353,4.59167386549079,-3.06883154588007,-3.41551487041741,-0.587004720437845,134.960939306516,-162.615281181272,-0.302280762786307,11.7339659295139,11.4165675165522,2.71070886946526,-0.1216220850945,-18.8758208466072,195.22795637831,-0.505900444580534,6.77043227519442,-1.50228539678306,6.60165825983189,-1.15323840315866,-207.195242590853,-28.6881687948795,-23.8564389906992
4.06189961261261,-1802053.09171278,7.99214910043823,-0.721375374401057,7.95952667015089,0.086489695632696,-219.625151695996,-16.4792782842425,-10.6408183761774,4.73343047242904,-2.30786128253463,-4.13269165773317,-0.529438885355082,164.605963219689,-121.209325258645,22.347047412595,11.8510896390423,11.2672732810659,3.67380979943068,-0.120982108332715,-40.4728251360773,189.159389795388,0.742801652421085,6.84978531982327,-2.51820954953831,6.37010043816269,-1.23483570340869,-196.661743466513,-62.8124627182511,-8.80127640893443
4.06679346756757,-1802101.0828098,8.00037931273494,-1.81183265490417,7.79251766621418,0.0269549975599675,-214.243820494031,-49.9501107914842,-12.3379260996055,4.84138790621625,-1.42277191368319,-4.62760812300386,-0.363534246311894,184.533186421428,-74.5395143030331,41.9876277573754,11.9348981883134,11.0118392651915,4.60230276741914,-0.114194068570289,-61.3073107554152,181.427021048431,1.93360224678754,6.90770518438812,-3.46890283144819,5.97353363264938,-1.24125116724801,-181.291794651081,-94.547868568779,6.12654510388259
4.07168732252252,-1802376.12413348,7.99083284811009,-2.86381357934137,7.46002556223605,-0.0368895653633592,-204.300628023423,-82.3769019795129,-12.184920862765,4.89996574463484,-0.462529418320354,-4.8780868007635,-0.109562607781328,194.491338817934,-24.332219013987,54.7220982735647,11.9846152851265,10.6542001735118,5.48808000991499,-0.101646085864839,-81.3310192121901,172.105726334587,3.02701731931622,6.94155505232485,-4.33112749604912,5.4246217524749,-1.17357025236986,-161.408736352591,-123.604918089219,20.7576760536528
4.07658117747748,-1802149.27356885,7.96387097540049,-3.85483893513841,6.96874864641906,-0.0948942110676828,-189.953096575539,-113.173240353346,-10.2207226358851,4.89883596733872,0.522141474496155,-4.87093031314373,0.183686736423753,194.187347724589,27.0558116663423,52.8918807272453,11.9997865536401,10.1985290730696,6.32336003076501,-0.0839238953771265,-100.494616503794,161.252308740883,3.98183408640456,6.94842055814441,-5.08299019497409,4.73748445175719,-1.03367440671148,-137.239858391413,-149.667474685472,34.9149173470891
4.08147503243243,-1801965.01753765,7.92065310171989,-4.76334454509676,6.32829315870259,-0.13909679172221,-171.406479148659,-141.767941045144,-6.94936647111284,4.83919202134853,1.47934405892554,-4.60752868410008,0.419356199491125,183.670391127929,76.8809687173972,37.6826765147188,11.9802615691717,9.64925400847382,7.10060309732382,-0.0618277450007935,-118.743441041201,148.907879675908,4.75279376101575,6.92524204802847,-5.70352607996325,3.92794700562018,-0.824421078898969,-108.948395405994,-172.347152326697,48.3372852287171
4.08636888738739,-1801951.97347128,7.86301840128355,-5.56890372662499,5.55106923596761,-0.164387875778811,-148.911753292847,-167.605796629033,-2.88776772893953,4.7319705392152,2.35884538577544,-4.10212062596975,0.56051350157094,163.262603715921,123.058979387514,17.14265898315,11.9261908190831,9.01109466265756,7.81243882752409,-0.036395957766969,-136.013619338934,135.100336294173,5.29093272057403,6.86904003872445,-6.17247414903403,3.01401292849022,-0.550301554424309,-76.6894439359804,-191.136811203651,60.4902045334223
4.09126274234234,-1802044.95775314,7.79336732886771,-6.25246207802522,4.65223519241225,-0.167974469011606,-122.773460034867,-190.137736423564,1.53122810903237,4.59217531756349,3.11197009608475,-3.37693889022494,0.590782789322625,133.16269876831,163.985413710797,-5.78830024561947,11.83803724912,8.28911781508448,8.45160646026555,-0.0089184177950532,-152.228348134135,119.84700081884,5.54782276698817,6.77738387070734,-6.47042051932306,2.01657889358368,-0.219519033564746,-40.7445615450069,-205.359972316617,69.7842171461557
4.0961565972973,-1802242.08106929,7.71456695520065,-6.79663832697366,3.64969187173198,-0.149075594688488,-93.3672579527371,-208.814741549146,5.89310972057773,4.43647862627923,3.69047237345854,-2.46226648886179,0.502630499114745,93.4644453282396,197.770245749238,-29.3153401666505,11.7166023639504,7.48881118131621,9.01090883571249,0.0190822699029126,-167.294202017595,103.157521036131,5.48584638651675,6.64964191757792,-6.5799197644841,0.960413205324051,0.147540617037248,-1.96358293659987,-214.143059641723,70.5304313723759
4.10105045225225,-1802522.25620629,7.62988056552874,-7.18613465755259,2.56408777692079,-0.109043371805828,-61.1651231401809,-223.091735667421,9.71189295433389,4.28169965152111,4.04661454936714,-1.39923643273256,0.297629387656119,44.6359069396413,221.801162852425,-50.4782716627463,11.5630669265229,6.61617579490853,9.48318167062686,0.0459400460701143,-181.097371703386,85.0371485882178,5.09367414008543,6.49125714764556,-6.49005634868906,-0.124851702833559,0.485785280159013,38.056162016416,-216.666628045722,61.6254559223985
4.10594430720721,-1803505.9525797,7.54292219934108,-7.40828955837547,1.41877451505776,-0.0519566651451485,-26.7652152870331,-232.445853961775,12.3372238190024,4.14403605478909,4.13683144285495,-0.244254860337537,-0.00215221751271766,-11.254182558739,232.726158160805,-59.8403796068234,11.3790459991986,5.67783746428235,9.86128032159467,0.070019011303767,-193.499645666852,65.4907355801778,4.38684653101774,6.31562252535838,-6.19935814431994,-1.20625307513317,0.763795176261233,77.7333697555402,-212.467783686882,48.0346879171584
4.11083816216216,-1802895.69651301,7.45763769478011,-7.45378681042292,0.239629237303039,0.0143288663841962,9.08131562896489,-236.413542767748,12.9833301518032,4.04204884593608,3.93407272377975,0.928025148875492,-0.300774408412115,-69.0589086403603,227.731325473592,-49.4060684436466,11.1666597111472,4.68117933824001,10.1380890264286,0.0898085113802917,-204.333976208918,44.528086427706,3.39594653472473,6.13967289346665,-5.71272265113365,-2.24952953970238,0.966132159330597,115.848620415735,-201.361973613832,31.8798348373356
4.11573201711712,-1802710.84241351,7.37829032704678,-7.31747640208582,-0.945360912619713,0.077876636372883,45.4702099114893,-234.645681745726,11.3215997421984,4.00123890994191,3.44624235645135,2.03305839439838,-0.496212901949184,-122.282913769976,206.425324152802,-25.6384180312308,10.928621917944,3.63449770219317,10.3065611858717,0.103978476651014,-213.399812226814,22.1713658712112,2.16055169826382,5.98146895318231,-5.04087194016259,-3.21987281127148,1.08259352463459,151.205770871169,-183.314843527396,14.0054606620349
4.12062587207207,-1802631.55520928,7.30930292494191,-6.99908471130803,-2.10682758015422,0.12754486380618,81.3896595777035,-226.961964908514,7.81336752308755,4.0378919931984,2.71124358607999,2.99227839040351,-0.557158588724422,-165.961301268424,170.916986885642,1.74155119555316,10.6683477550204,2.54718121597186,10.3598026851408,0.11141402836293,-220.458747901457,-1.53468797974039,0.727710480759484,5.85780209684911,-4.20066494242196,-4.08267797497634,1.10618676595095,182.530726095422,-158.478677879841,-4.96541648478439
4.12551972702703,-1802610.18928114,7.25483633924071,-6.50357980630879,-3.21498056170485,0.156010311603759,115.780761874169,-213.385111073304,3.19207778819075,4.1468441960499,1.78662934376711,3.74222826325481,-0.478797389993652,-197.025755577124,124.639533961,28.2759120422735,10.3900786878589,1.4299102231786,10.2912143060743,0.111255581458609,-225.231474237594,-26.508915849646,-0.844426942827183,5.78140207757799,-3.21556467920837,-4.8046595900699,1.03293935978674,208.478408367196,-127.275380287053,-24.3781383909337
4.13041358198198,-1802711.78777966,7.21830131204604,-5.84127709256634,-4.24067869088727,0.159465641688088,147.586371928398,-194.158502964828,-1.87700516349571,4.30295425104885,0.740986030308748,4.23867373001352,-0.274399468301687,-213.969046183941,71.6005735802239,49.8590169771046,10.0990191316913,0.294866473595922,10.0947135266443,0.102969758934658,-227.397690637545,-52.6154884531823,-2.4782677728891,5.75826374314313,-2.11588085875,-5.35543177784687,0.862405382041609,227.707922546679,-90.4851311420331,-43.413856822178
4.13530743693694,-1803219.56060613,7.20195096829012,-5.0277160870248,-5.15656559135313,0.137240259968801,175.79974633667,-169.754429348163,-6.75880175232028,4.4721921407116,-0.353061118072304,4.45823399905705,0.0197927797773932,-216.617164264764,16.2295034162871,57.8957064309812,9.80147101571692,-0.844066683196857,9.7650594215425,0.0864729037297181,-226.601567242573,-79.6409007348909,-4.06462248147111,5.78612734746828,-0.938485453741577,-5.70951090149023,0.598800791564965,239.011707166828,-49.3242102083051,-60.8693464827819
4.14020129189189,-1802572.37837788,7.20664032280811,-4.08327962919964,-5.9382229843689,0.0918776241648849,199.518485729518,-140.870768764902,-10.7542567729687,4.62597882538107,-1.42518561233889,4.40096876417639,0.304557596008125,-206.229259400719,-36.7611562639138,48.364906778337,9.5049406151536,-1.97114919882981,9.29830451929539,0.0623235341199471,-222.466449965098,-107.266970503441,-5.44924687951195,5.85509962803796,0.274236212918284,-5.84867387992992,0.253711917213789,241.499347849372,-5.5460448774871,-74.2703615733928
4.14509514684685,-1802473.35537188,7.23180882540911,-3.03253122972962,-6.56527327900215,0.0296976922391141,218.001219478909,-108.411881784209,-13.0325548394975,4.750486866815,-2.4153537120795,4.09062243641791,0.503441847560763,-185.077233510577,-84.0120910637328,29.2251076437058,9.21817498511708,-3.06873118284784,8.69238971650809,0.0319804349345986,-214.623324628004,-135.042920173232,-6.42649750901699,5.95104785869975,1.47650802475215,-5.7649713502651,-0.143902824168963,234.955465046403,38.2107485426352,-76.0211462666555
4.1499890018018,-1802314.09329413,7.27569318443045,-1.90326743441056,-7.02234180221099,-0.0384479242300901,230.722628458138,-73.4457161193272,-12.8761764250256,4.8385470866242,-3.27595794744466,3.56084785353906,0.596808672445183,-155.308064229995,-124.229803694428,7.69947680540682,8.95106475581687,-4.11738244510985,7.94787531756307,-0.00194144097022281,-202.756980608075,-162.363542217101,-6.76024162703452,6.06363147299407,2.62379086338231,-5.46656639450357,-0.506499545452766,220.281613223422,78.7966526373303,-65.5284787950814
4.15488285675676,-1802291.73795892,7.33567527654899,-0.725304945148244,-7.29973044019542,-0.0990640720111417,237.416731769342,-37.1179798244838,-10.4013427411393,4.88481556557213,-3.96843435437945,2.84832439947363,0.580436615614831,-118.409484003715,-156.921173903389,-13.9727174088092,8.71433135951711,-5.09630098892858,7.06875429433708,-0.0356219813357466,-186.669902760127,-188.465384095622,-6.27864241494299,6.18934594842021,3.67932415698637,-4.9770048238918,-0.799187612119778,199.101320162222,114.151880239996,-50.5586636036898
4.15977671171171,-1802341.31842477,7.40850243682775,0.47089988328286,-7.39352160045583,-0.142461351641483,238.080735250805,-0.541644849470348,-6.44247580890859,4.88453531871001,-4.46005278748181,1.99163611450516,0.457081498357091,-75.3769220520152,-181.584532355453,-34.3607039867432,8.51891341348361,-5.98408147271112,6.06322147660685,-0.0647278651196527,-166.355803644857,-212.454981521021,-4.97775823038567,6.32474926240903,4.61480406500454,-4.3250475921036,-1.01208618148966,172.971816139611,143.628777123448,-34.3349271230417
4.16467056666667,-1802539.72749008,7.4903844551607,1.65550240735981,-7.30514688869012,-0.163488830100228,232.93112207277,35.2786781145576,-1.79433211034774,4.83375833539548,-4.7222035748996,1.0324790759191,0.236829575747399,-27.1051591427138,-197.368553768675,-50.9823289017532,8.37501355069896,-6.75985902537716,4.94420447912687,-0.0853995636396033,-142.06626664435,-233.376956878033,-3.01327037313494,6.46486009508565,5.40904231838248,-3.54071705265732,-1.14253688335019,143.170216432458,167.128434470661,-17.8941233512463
4.16956442162162,-1803128.07546288,7.5771451763096,2.80021110401056,-7.04073481931025,-0.160404672744961,222.343106812955,69.4737421720332,2.93582743445797,4.73113843248531,-4.73110437890895,0.0179505768184121,-0.0527417906604409,24.8428257123843,-203.00671174481,-55.707966071702,8.29090147686821,-7.40474413915462,3.72945190782651,-0.0948605688510022,-114.348513953882,-250.318266479932,-0.637124561068196,6.6032338255245,6.04650622932912,-2.65376324739699,-1.19102741500213,110.703488413172,184.759447873911,-1.72543851394395
4.17445827657658,-1802795.3965774,7.66443985091382,3.87893347548936,-6.61040946696979,-0.134130555755648,206.798358049689,101.310882725601,7.23804386234315,4.58365001876684,-4.47377531777576,-0.997588041529007,-0.320250084969621,77.5597884660637,-197.28913940717,-44.551096216345,8.27172512158948,-7.90334416491598,2.44102181432756,-0.0917708092502852,-84.0328012795521,-262.531158436715,1.84544617947323,6.73245320514273,6.51607720251419,-1.69312257391821,-1.15979126848963,76.3594257709143,196.689525624789,13.877598715502
4.17935213153153,-1802753.07851222,7.74800584578732,4.86819468450745,-6.02762599205424,-0.0880242341215291,186.847191243354,130.182758257205,10.6019174039253,4.41223585328386,-3.95550649424831,-1.95494081725329,-0.498252752823891,127.723423657668,-179.574541621613,-23.8652612188342,8.31867421196146,-8.24507215195014,1.10414032345936,-0.0764061070562699,-52.1598381195934,-269.543817047103,4.10784939617685,6.8446516551848,6.81010048703826,-0.686867991149099,-1.05225142784711,40.765533887718,203.07034582798,28.6902051079073
4.18424598648649,-1802812.33266891,7.82391911489894,5.7474053879229,-5.30858188439774,-0.0281113817163951,163.085027068481,155.591909318101,12.4556615665234,4.24506615848938,-3.19654108119907,-2.79333345774514,-0.558902697157963,172.356909608209,-149.708596063192,0.873640651910939,8.4287831024152,-8.42494254611192,-0.254416356143472,-0.0506923152885168,-19.8603376399719,-271.224733277369,5.83514886121554,6.93195738289036,6.92373254139137,0.337580884361592,-0.872889217410561,4.44900294402393,203.998622317463,42.4723202167826
4.18913984144144,-1802964.18798104,7.88883691801525,6.49904495519226,-4.47170689887323,0.0365323815437044,136.137570921363,177.138747477091,12.3323328297522,4.11072176443134,-2.23193739816622,-3.45202677788521,-0.489516346304782,208.238459524206,-108.047502379155,26.7592730348776,8.5954444086074,-8.44367552834986,-1.60810700931433,-0.0180546184441145,11.7813860532923,-267.780809807337,6.77242047675975,6.98686911988746,6.8545905164785,1.35311823202553,-0.62752822567928,-32.097710550614,199.501049806585,54.8390087407322
4.1940336963964,-1803308.84305725,7.9401834348144,7.10878109713653,-3.53719440962683,0.0952119465811271,106.639527558574,194.519318941517,10.3422550468583,4.03084815229074,-1.11415648595701,-3.87380848153669,-0.291309966809187,231.67665570662,-56.1222833019835,49.8092056385577,8.80944534285085,-8.30712868557899,-2.93222445421684,0.0170318894790807,41.8427385609175,-259.693545224395,6.79986628998828,7.00266819887154,6.60275543588523,2.33259138242744,-0.324499130003239,-68.324361449929,189.550740869114,64.8531154272298
4.19892755135135,-1804272.42754994,7.97616182192624,7.565440230778,-2.52651370945806,0.139954932012288,75.2063802824621,207.521307356837,7.07907977782168,4.0141460393998,0.0848291588999766,-4.01324961090504,0.00857571008079516,239.162631077482,2.12973561667003,59.5004195541319,9.06018707621818,-8.02524814274068,-4.20504246155829,0.0499440444557683,69.6317281035301,-247.617966640837,6.01168440943829,6.97417315085381,6.17134690197921,3.24862564071667,0.0210029285930173,-103.417532107089,174.186473705296,68.6387094108795
4.20382140630631,-1803268.03221713,7.99564081035588,7.86084489996115,-1.46198133605846,0.166002744359344,42.4213939703289,216.004861260492,3.10646227461352,4.05878936684568,1.2774698248178,-3.85251112536999,0.303694228732132,229.339193044163,59.8591102688367,48.7059181648851,9.3367706069887,-7.61081140454369,-5.40840412062521,0.0771487335734636,94.7022668149274,-232.276399480487,4.656371336645,6.90002008436765,5.56858011481435,4.0744561194804,0.361887964105555,-136.087151655439,153.800224807648,63.542842196835
4.20871526126126,-1802883.61093195,7.99805416530174,7.98965417048129,-0.366465096853143,0.171019554758423,8.84252827262992,219.879294243602,-1.14231847638521,4.16122917868335,2.37822108934161,-3.41465850821667,0.495634891729647,204.174134103897,110.509093034912,25.6561072749129,9.62878668373597,-7.07822547459141,-6.52780645636315,0.0965077578222183,116.825984875024,-214.373304066204,2.99243232049444,6.7861977557061,4.81047538542483,4.78662788879315,0.656431350561368,-165.116673032361,129.005530553927,52.6812890074477
4.21360911621622,-1802701.45021845,7.98334439822412,7.94927018268745,0.736811606377565,0.154579559595492,-24.9819857758845,219.088412034528,-5.29441524955926,4.30876786234264,3.31921116585678,-2.74742019502086,0.560255301481262,167.374350478432,150.684094554997,0.182491924779166,9.92679435930615,-6.44255155579345,-7.55213716128725,0.107073056778408,135.941774045461,-194.54234333429,1.22658420633629,6.64259817045662,3.91741338449074,5.36451142501966,0.888700854180032,-189.764432514677,100.305098413707,39.2326340881038
4.21850297117117,-1802624.89601732,7.95195195921578,7.73983431272244,1.82441902349214,0.118075402262831,-58.4949919957308,213.606720149614,-8.95386397269529,4.47863650282869,4.05196459412593,-1.9078175626667,0.497459810977438,122.506024347937,179.241658742319,-24.0322876031644,10.2225430624591,-5.7188077341368,-8.47322988970606,0.108773599885581,152.102631511958,-173.322741856279,-0.492259656925531,6.48112384061399,2.91283106027806,5.78967887293021,1.04875769144241,-209.419421793472,68.1326157578379,24.0498346218468
4.22339682612613,-1802661.17463943,7.90484949741534,7.36432026273014,2.87287880787371,0.0650409198685389,-91.1115987881537,203.44680343094,-11.6196154029126,4.64353685591431,4.54427140933615,-0.95500360759767,0.319932425449618,72.5413122854835,196.01003211237,-44.2800843899181,10.5090154665089,-4.92152524067387,-9.28536457985004,0.102150460209153,165.430429057303,-151.156017186762,-2.0600460954935,6.31476683690318,1.82321916655602,6.04583758259804,1.1291992003985,-223.435830788127,32.9490054461941,7.56044943327988
4.22829068108108,-1802993.59043588,7.84362182189364,6.8287183248409,3.85888705780154,0.00187924823370486,-122.204134400179,188.677872515605,-12.6646798831875,4.77766379494583,4.77737771698077,0.0522827584569973,0.0546589670782574,20.1947318027147,201.168066045525,-55.3017129776892,10.7803627404852,-4.06450344356377,-9.98479006157367,0.0881731389306462,176.081936533983,-128.394239932091,-3.40253773346341,6.15666741327697,0.678472752396794,6.11916892739215,1.1243621857752,-231.093947221665,-4.67653243252891,-9.88230734450769
4.23318453603604,-1802458.10810466,7.77058106882501,6.14227891872836,4.75965753302976,-0.0616058789633365,-151.101067702768,169.450244248895,-11.6933636443429,4.86242312042153,4.7462187273633,1.05667705285758,-0.233084704327274,-31.4324377026496,195.268300391732,-50.7468459489389,11.0317864215331,-3.16070587533404,-10.5693069791709,0.0681250828745185,184.225462039612,-105.313354585856,-4.46407869122463,6.01886526319799,-0.487720305660637,5.99907225827275,1.03037612695342,-231.615649206309,-43.982145753119,-27.8602620993568
4.23807839099099,-1802293.91850563,7.68883278329994,5.31770764781322,5.55338950029049,-0.115054388209724,-177.109579996844,146.010568388749,-8.94052461585882,4.89272243475656,4.46305333995427,2.00496576237432,-0.452809492411132,-79.5412276566014,179.366568288013,-34.3213597401684,11.2594026216127,-2.22224882316764,-11.0379236074322,0.0435323520183999,190.025961576444,-82.127595729257,-5.20217484623686,5.91075255061346,-1.6376837396663,5.67934746986096,0.845759564781637,-224.231808221869,-83.9231930313401,-45.7580569308539
4.24297224594595,-1802285.72814436,7.60215077016027,4.37118311875991,6.21976321691725,-0.151011125121925,-199.542892371066,118.707096418705,-4.98666885708812,4.87168608623689,3.95080645079728,2.85034273573771,-0.576298301728958,-122.549455360294,154.574023704074,-13.9836106319483,11.4601092667442,-1.2604462595696,-11.3905829364635,0.01610333441215,193.636271092435,-59.0029081520487,-5.5884741659895,5.83755615042206,-2.73003838787933,5.15984032795935,0.572795557644885,-208.324505627161,-123.078421658851,-62.475658929643
4.2478661009009,-1802388.56464892,7.51474172502351,3.32227872410256,6.74046046447754,-0.164921076780605,-217.735839218063,87.9998959779362,-0.373369157077621,4.80513267135911,3.23755878635133,3.55070599941505,-0.592645598730615,-159.471890986712,121.623181464453,7.79421476528826,11.6314665715763,-0.285886112243298,-11.6279526889527,-0.012352389641495,195.192445573968,-36.0684813085011,-5.61529734400907,5.79957120163258,-3.72092879593791,4.44856325327246,0.221002975485207,-183.719038460724,-159.541950520716,-75.2705523306922
4.25275995585586,-1802508.25455797,7.43098175859707,2.19382472657928,7.09976217669661,-0.154744816692701,-231.061849582855,54.4782891987991,4.39516130961955,4.69980606773757,2.35608754093016,4.06657455038224,-0.498356154076075,-189.17492745424,80.9418372527226,29.5386956411061,11.7715944466906,0.691478196170078,-11.7512677495485,-0.0400496390279407,194.811655598216,-13.4262012126119,-5.30711812955146,5.79350278000266,-4.56722877248657,3.56442082275219,-0.179909965662037,-151.432471506126,-190.741692607216,-75.8800056834217
4.25765381081081,-1802635.73733049,7.35514970482563,1.01166022827401,7.28524335646553,-0.12096946368441,-238.962613117652,18.8790740565888,8.76306355697436,4.5631006761719,1.34580951180893,4.36012437194228,-0.297258642319554,-209.985470749174,33.0189604822657,48.864639969664,11.8790868639962,1.66223044373887,-11.7622147010788,-0.0654235709370096,192.591547726501,8.84165390851996,-4.71536020532389,5.81939034441519,-5.23525351099917,2.5411463272003,-0.53779708134901,-113.963210257764,-214.188826905439,-63.8476964837299
4.26254766576577,-1803391.49475131,7.29118247047609,-0.195801404597241,7.28855291726249,-0.0671141811229573,-240.99362776897,-17.9017576718461,12.02178636176,4.40422414295941,0.256232833438429,4.3967641552049,-0.009709754379435,-219.549213755667,-20.7081715992906,57.9883737972747,11.9529430685143,2.61739367343509,-11.6628512104633,-0.0872032410811797,188.610426024903,30.6658740777371,-3.89888236558334,5.88148449914378,-5.70686087506421,1.42253255369779,-0.818386930499336,-74.0009881927041,-228.78798259151,-47.2958476676039
4.26744152072072,-1802896.86633549,7.24248719316171,-1.39827604941569,7.10622577974707,-0.000751600066810174,-236.884446491372,-54.8143820134802,13.2880688674972,4.23907110893797,-0.849682625747748,4.15304265594937,0.282625095653193,-215.493837021919,-76.551997941965,49.1383839035731,11.992516063409,3.54833470398789,-11.4555559603015,-0.104412394592843,182.927945157561,51.9845795857303,-2.91358250086994,5.98062843984788,-5.97526339292621,0.253266501285201,-1.01075555802505,-33.5251130741148,-234.707513446763,-29.3566825994322
4.27233537567568,-1802803.70678326,7.21183216891806,-2.56464586951096,6.74040909712769,0.0657665075520151,-226.601838351599,-90.6990349559712,12.045441332266,4.09768434357458,-1.89870553678077,3.63124417578525,0.481674084656296,-196.688470274924,-129.444051736555,26.9613703702968,11.9974777161965,4.4466731250107,-11.143005414606,-0.116339066089879,175.586139157465,72.7381329404143,-1.80867149199928,6.11243785034693,-6.04211200580536,-0.924542580769837,-1.11195375649366,5.99904072413062,-232.598076845202,-11.2365534363378
4.27722923063063,-1802820.56830187,7.20122028618097,-3.66429443293169,6.19923543018736,0.11970281325585,-210.383525274003,-124.384926640648,8.70202490898777,4.01306088947983,-2.81656732849699,2.85860213858382,0.55223879935616,-163.655113542014,-174.742899743532,0.112651729685757,11.9677995943786,5.30419609556255,-10.7281746308973,-0.122499109512836,166.61068023324,92.8645017040803,-0.627039704108872,6.26790227496333,-5.9152729856849,-2.07271426716682,-1.12312109238843,43.501596428033,-223.280248409816,6.39734066496514
4.28212308558559,-1802886.77239273,7.21157999064781,-4.66848112225099,5.49655983072122,0.152786756641893,-188.723418443435,-154.797763598282,4.12098721162806,4.00584564911363,-3.5352566722009,1.88381517834993,0.482800601953154,-118.377243073177,-208.471186374876,-27.1572098773238,11.9037488536796,6.11277992734311,-10.2143603975652,-0.122609463130968,156.012342541113,112.294850337182,0.59202905678172,6.43493231336056,-5.60709604152503,-3.157345064868,-1.04798034984401,78.2116660365849,-207.592089525303,23.0947419314672
4.28701694054054,-1803060.07460514,7.24249052864983,-5.55152861736603,4.65125779420454,0.160912685372131,-162.327358160993,-181.026466310267,-0.940805791092919,4.07450909273137,-4.00033975922875,0.773890274835063,0.280666700582923,-64.355085971171,-227.529729842936,-50.2331327537507,11.8058990105336,6.86431952097368,-9.6052261275255,-0.116578818945019,143.788734877468,130.949132602455,1.80901043392797,6.60003542195262,-5.13315632531905,-4.14863516241985,-0.892173673073755,109.564764940188,-186.315339760988,38.4821217146873
4.2919107954955,-1803645.73819055,7.29211555835231,-6.29175470386092,3.68629516761855,0.143378698730964,-132.060087760492,-202.358101147168,-5.83338145048836,4.19710503074577,-4.17880753191261,-0.391482120079438,-0.0195307255843531,-6.74202368482676,-230.362220380547,-59.0277694483313,11.6751560801523,7.55066727611778,-8.90486907154067,-0.104519358791688,129.926464600592,148.731470080746,2.97970465445054,6.74970898680331,-4.51144839212315,-5.02049846247788,-0.663159132697134,137.116249431385,-160.15656590125,52.1225047504787
4.29680465045045,-1802776.35107462,7.35736699303243,-6.87212949497096,2.62767678273286,0.102578870867247,-98.891217783875,-218.294175369673,-9.92011675566566,4.34588899538357,-4.06775999607702,-1.52973192897041,-0.309610993900391,48.2352096916504,-217.862671436198,-48.5258711475708,11.5128012396375,8.1635841669796,-8.11791142671804,-0.0867817724005131,114.404006927244,165.525139145338,4.05054059647028,6.87149234674117,-3.76199383100521,-5.75020082143235,-0.370948625568968,160.46050046122,-129.784875129053,63.1745342655204
4.30169850540541,-1802582.47929232,7.4342573085298,-7.28066688169967,1.50335341392182,0.044177531174307,-63.8446995568454,-228.553081488694,-12.497995591624,4.50213751497954,-3.69645543499611,-2.57010883444142,-0.504789437060061,95.9798968568406,-192.974386295763,-27.5801870174464,11.3205517678873,8.69470734539022,-7.24961768008729,-0.0640139528269854,97.1956821037791,181.187060388509,4.95440405027231,6.95494428397893,-2.90684338751095,-6.31834721376841,-0.0314137900419297,179.143479277242,-95.9939221940027,68.5922347192339
4.30659236036036,-1802359.85168891,7.51836571892832,-7.51057649053941,0.342145967845919,-0.0224010850489931,-27.9515728229267,-233.062865737585,-12.8994542682018,4.65052626091376,-3.10796102750861,-3.45947579192804,-0.585412864074855,134.784938593825,-158.854877308536,-4.5459606750096,11.100642323892,9.13554098801739,-6.30604082283295,-0.0372377318977901,78.2772790629925,195.541816880314,5.6090435349356,6.99350286514779,-1.97055903823278,-6.71014004337238,0.314973721623372,192.632905816883,-60.0521089743263,65.0855457133785
4.31148621531532,-1802307.06462965,7.60531034369432,-7.56018260992894,-0.827275243454029,-0.0848170115077112,7.80678344509881,-231.944349757026,-11.087593699864,4.77602172004185,-2.34860604905786,-4.15865760752678,-0.550249043810157,164.275070486268,-117.872568880705,17.8850544060473,10.8559282511418,9.47748013602014,-5.29419951128415,-0.00792351747762941,57.6339729700514,208.375456384325,5.9217170666007,6.98800021117514,-0.980514329342114,-6.91886830351167,0.619441667091856,200.623417715185,-23.296952027392,55.1578387712483
4.31638007027027,-1802341.73914313,7.69102661833148,-7.43250865608842,-1.97729752972434,-0.133277022047633,42.5609328156661,-225.474930258316,-7.73364743168106,4.86412934300491,-1.46521032264593,-4.63820148073509,-0.406562320014382,184.318640390942,-71.7255451277763,37.9762061242031,10.590010780355,9.7118807177179,-4.2222862589897,0.0219794387682169,35.2711977252493,219.429682951201,5.80798805264946,6.94320121617785,0.0356751389190693,-6.9431095636463,0.866552109335855,203.143933797727,13.4382512842195,42.8596189190865
4.32127392522523,-1802554.26782772,7.77180874799133,-7.13457328177228,-3.08202454603719,-0.162153485824522,75.5821869926708,-214.035763926671,-3.56786953474086,4.90203806336942,-0.505419645148439,-4.87591305880454,-0.170486982568126,194.616337691724,-21.8979567142071,52.6791724229212,10.3073795709824,9.83019211327263,-3.09990268177214,0.0501563630488652,11.2289889889521,228.397492265035,5.22506210236115,6.86539808150779,1.05092500863516,-6.78448579066948,1.04803785628272,200.279927628516,49.6074195683713,29.1658342031436
4.32616778018018,-1802739.37956477,7.84431198584205,-6.67668678616171,-4.11765516899105,-0.168955717395042,106.270704172016,-198.064388255799,0.864039490044019,4.88093470272549,0.480953054271312,-4.85718104787716,0.12022940421483,194.718332335405,29.5617343824963,53.8930200768178,10.0135597548504,9.82417060760742,-1.93831133633935,0.0742300597918283,-14.3994598805245,234.921677231888,4.18129913740546,6.76163020115731,2.03847441520423,-6.44703536796258,1.15821045136729,192.058767181797,84.7301957339465,14.4694575952275
4.33106163513514,-1802510.74672646,7.90557848958437,-6.07186624005212,-5.06266842859518,-0.153513090924082,134.129996244472,-178.025051637406,5.13041317392032,4.80185290699885,1.44176367820561,-4.58029571497958,0.368443218200053,184.441956341329,79.9030377861712,40.6626659574164,9.71524326118116,9.68619751446739,-0.750685909453259,0.0919693544229198,-41.4441688241454,238.598433526925,2.72264183327753,6.63928004235768,2.97151268045313,-5.93718383333001,1.192732432235,178.436423336335,118.296702990486,-0.990993526228905
4.33595549009009,-1802498.39686522,7.95309021903782,-5.335386823717,-5.89790568536511,-0.117651585655838,158.741224428873,-154.395408506022,8.82012407826543,4.67717272202173,2.3253726176846,-4.05815067001545,0.526856063788993,163.954215802199,126.710483737878,20.6708104046452,9.42037204413516,9.40972891936597,0.447672998929908,0.101456478124604,-69.6299458014896,238.989727847374,0.928160733127485,6.50572907526312,3.82283864856759,-5.26406833805773,1.148300516105,159.313958137653,149.703006228545,-16.9989972025382
4.34084934504505,-1802575.90463127,7.98484744237839,-4.48445399576338,-6.60662251365541,-0.0653118501414274,179.742110715386,-127.665870470072,11.4607726273511,4.52456400637536,3.0813058362276,-3.3131908776008,0.575151322246505,133.417634567263,168.098182313076,-2.3255791862744,9.13812239892497,8.98989805645249,1.63921136902048,0.101250961754195,-98.5457561938813,235.649243514574,-1.08567503441623,6.36796794762253,4.56465226182966,-4.44015377104457,1.02274246020961,134.575830520809,178.193775297424,-33.2782250353672
4.3457432,-1802749.78589269,7.99947345759562,-3.53796571656314,-7.17456439006583,-0.0030438593823271,196.813390031296,-98.3473799730985,12.5035397577024,4.36385498634041,3.65954896335723,-2.37716884688469,0.503600271926249,92.9796054200464,201.929742158156,-26.2891438494554,8.8787212866061,8.42427135742716,2.80416543407565,0.0905997277804414,-127.618002083641,228.166677974093,-3.15264716830182,6.23214472570663,5.16859695377567,-3.48213058508348,0.81551826575133,104.161236358235,202.806870666086,-49.3743246687874
4.35063705495496,-1803132.10638652,7.99633846640132,-2.51632009545043,-7.59009631338639,0.0597235474355968,209.676128841883,-66.9779596205079,11.6405836909561,4.21462912376937,4.01110189042806,-1.29389345601924,0.31225988375195,43.2764229681575,225.375705778908,-48.2224998343553,8.65301862880368,7.71371803561608,3.92087814876142,0.0697244900711764,-156.098360208768,216.232605712247,-5.04263511476713,6.10314324000093,5.60626462541202,-2.41208506438371,0.52899921352174,68.2023207732357,222.326323291462,-64.3370047342977
4.35553090990991,-1804176.47750109,7.97563807971797,-1.44120442814431,-7.84434398627091,0.113361977527234,218.097819671687,-34.1142985406677,9.13799353927142,4.0941736332998,4.09231319303881,-0.123411789095611,0.021375273582696,-13.3450637378697,234.988597599294,-59.3163784190174,8.47176230454656,6.86328775533948,4.96649149119812,0.04017337663277,-183.080611218037,199.719398515784,-6.46017110087365,5.98452197628189,5.85062016150803,-1.25886735216886,0.172148218408353,27.3359392005007,235.277225578015,-75.3068947193703
4.36042476486487,-1803485.11655467,7.93832545337906,-0.335341898733557,-7.93123929879307,0.151103482828311,221.893777092855,-0.320130738925538,5.54869534034668,4.01886793046446,3.87765125304936,1.0559925199737,-0.280903900438223,-71.3713530665749,228.136138930421,-50.4623746480878,8.34459288888162,5.88291192343571,5.91807213391926,0.00512277906243992,-207.560216589726,178.762436003543,-7.08583874387899,5.87992317938351,5.87962401741702,-0.0593128086035646,-0.224069733671964,-16.4782692292394,240.135656501194,-74.4104077779057
4.36531861981982,-1803168.70020816,7.88598987372709,0.777733342784245,-7.84754529366017,0.1688489309307,220.921295421562,33.8292377212477,1.35231008730874,4.00895025606801,3.37859966237306,2.1579496002086,-0.483248472898182,-124.014086143844,204.932197221967,-27.2080274772305,8.27888967405877,4.78768558944222,6.75411585123355,-0.0306850108060199,-228.540513814649,153.813545053805,-6.71173965909264,5.79948526403846,5.68583746921564,1.14248921284307,-0.571955859370704,-60.1382110047551,236.064212344187,-61.6054518297801
4.37021247477478,-1803010.94805405,7.82075672083678,1.87387105548207,-7.59294692158059,0.164626583701398,215.078506681895,67.7316151057361,-3.04397441879674,4.07424093068657,2.63751039161093,3.10531449219337,-0.552984175210528,-166.404037315702,168.061188582156,-0.228856956217181,8.27871285966126,3.59750678528922,7.45620758445731,-0.0619946175284865,-245.168242759658,125.635534814864,-5.39248100928334,5.75812072190619,5.27824190736947,2.30132931483831,-0.840124251969765,-100.963216816164,223.290332502516,-44.4000427269525
4.37510632972973,-1802918.45768923,7.74521826889439,2.92851840960319,-7.17022914260281,0.138409186742733,204.314029245315,100.740903862962,-7.22645602230101,4.20407752524511,1.71455928921604,3.83856148603016,-0.485537042460354,-195.929182356037,121.263690246408,25.9283917975751,8.34413324487836,2.33600316184564,8.01047119938218,-0.0846098208988533,-256.857735246832,95.2261166370015,-3.40094190747973,5.76716315031074,4.676205301054,3.37539253786824,-1.01595628664023,-137.180383399621,202.705462585784,-25.4398213905609
4.38000018468469,-1802934.02548024,7.66239434560997,3.91701134793522,-6.58553788295098,0.0923620234783883,188.648992269684,132.153028712559,-10.6838744558116,4.37089060406146,0.678218568050556,4.31795139465745,-0.293700257234777,-211.572499934912,68.4738385967593,47.5043968412761,8.47118896680772,1.02892943282091,8.40846875082733,-0.0960040366032837,-263.361400200481,63.6913419191214,-1.07487945550467,5.83053736452967,3.90643807337327,4.32838394069615,-1.09452246587537,-167.557017232622,175.525347081328,-5.97794725806746
4.38489403963964,-1803318.71694538,7.57572330158509,4.81500833230003,-5.84869885547722,0.0315704421846174,168.21184649573,161.200045911186,-12.7282266884245,4.54105446554008,-0.401165710133075,4.52329987199775,-0.0104930740475926,-213.450831470349,13.7153266432992,57.1370217786189,8.65250443245885,-0.297610840159172,8.6473846185734,-0.0953586154539,-264.768566596842,32.1078029166839,1.26635152891391,5.94368064772619,3.00063512872778,5.13064600868152,-1.0757357592209,-191.300645865468,143.114403345339,13.1317136173667
4.3897878945946,-1802546.03101788,7.4890806624011,5.59912981289252,-4.97353742383912,-0.0349202434058564,143.281213558471,187.062196366989,-12.6539494823729,4.68708196722398,-1.45628974665293,4.45510466109044,0.277669960551412,-202.815911269298,-38.7518269576167,49.642760832906,8.87836464257131,-1.61875623314751,8.72954677999416,-0.0833405213141447,-261.443665469283,1.41139717858822,3.35565814084996,6.09474626933481,1.99343161471859,5.75952797414953,-0.963205329701706,-207.989273210581,106.855917388295,31.2006835816355
4.39468174954955,-1802311.76592168,7.40677773097391,6.24782046788474,-3.97807689180734,-0.0949690526391118,114.314283864155,208.912691070144,-10.3816966682925,4.79648919082778,-2.42932482282606,4.13578160242158,0.485934534281467,-181.758922051952,-85.7377292783699,31.4126795999073,9.13791980940245,-2.912047494852,8.66149859035928,-0.0618020340454004,-253.932359995848,-27.6661771688064,4.9872085429439,6.26720922392666,0.920742396621971,6.19920518256447,-0.763728923404549,-217.488259412068,68.0707836444393,47.5730362623856
4.39957560450451,-1802236.80195708,7.33335288363538,6.74227265153407,-2.88441051313767,-0.138737210088781,81.9439658103414,225.983142567932,-6.51065688953347,4.86435254770432,-3.27387896717245,3.59772736830674,0.591796756550485,-152.248122872451,-125.921808831183,10.3238540395604,9.42023847161677,-4.15807983310598,8.4528850083061,-0.0334684358847056,-242.86574606525,-54.6126542147338,6.02031219923221,6.44279145665777,-0.181450979402096,6.44023581059393,-0.48747496707785,-219.869468173442,28.0032722439573,61.3730938342665
4.40446945945946,-1802264.24271759,7.27313778023293,7.06726012598815,-1.71824546612802,-0.160075621534446,46.9630580742712,237.617677398162,-1.73433174966176,4.88788182342609,-3.95180605155057,2.87656351410976,0.589173074677072,-115.629507313891,-158.758899040066,-11.2734511655522,9.71506010803073,-5.3407049555045,8.11537204821194,-0.00159891205307832,-228.882646517683,-79.1154298393713,6.38997373369652,6.60406585920108,-1.27795228511245,6.47923790500405,-0.149997985061884,-215.378153141928,-12.0847295226175,70.4521591783581
4.40936331441441,-1802227.39420517,7.22978905400018,7.21190323227678,-0.508233739156053,-0.156080527585399,10.308269765457,243.314549754291,3.31955560618307,4.86488420476578,-4.43017404031135,2.01013837790609,0.479062244894963,-72.7853692068908,-183.670286640458,-31.9773151741744,10.0132271666058,-6.44690629828281,7.66173070991239,0.0304313014522596,-212.577243812616,-101.023711651816,6.13098832366277,6.73706034467252,-2.33523251082138,6.31938851536775,0.217046624705731,-204.576725964189,-50.5860501598184,69.762776468892
4.41425716936937,-1802343.99060941,7.20589330086713,7.17034282364272,0.714900031414896,-0.126880065472616,-26.964264697533,242.767087635411,8.01807866876904,4.79380073456318,-4.67965974361947,1.03986064770518,0.269399922935327,-24.508595678743,-199.697099116862,-49.5199791438819,10.3068534028176,-7.46647739363066,7.10513493169378,0.0597109711835494,-194.470353369189,-120.305982569027,5.37350256554276,6.83581372008496,-3.32371954475434,5.97337740340586,0.547629779627036,-188.403634355691,-85.904958438979,60.4051771751519
4.41915102432432,-1802981.27218758,7.20272316265766,6.94226058530145,1.91943713719805,-0.0758997408977086,-63.7174859097026,235.902739382686,11.6270523012988,4.67527853935416,-4.67525999709878,0.0131673867374644,-0.0161375465438559,27.7559050524753,-205.41434554507,-56.3813170324994,10.5893127804779,-8.39160983197471,6.45867088422212,0.0841663271076872,-174.999265114245,-137.010343037915,4.27988129220847,6.9005456962968,-4.21926885437829,5.46033893097796,0.82109839645725,-167.818540889362,-117.220283058352,48.1692929954982
4.42404487927928,-1802572.32428267,7.22020176093574,6.5331679645457,3.07392742524175,-0.0106095424596279,-98.7884113693245,222.913538918104,13.2769009687153,4.51743955424233,-4.40210069309472,-1.01428280774552,-0.294413247389666,81.0307975242575,-199.407491146767,-46.9294693218797,10.8551327217714,-9.21647004477311,5.73503150131464,0.102509784105634,-154.520267448159,-151.231587787438,2.99124411071368,6.93327703499894,-5.00190495364795,4.80117457282234,1.02932270958202,-143.547003833641,-144.292181373295,34.6883819565582
4.42893873423424,-1802517.9340482,7.25708296578376,5.95437647160821,4.14857252637909,0.0568692687894448,-131.065270377009,204.264245682286,12.4067502353092,4.34302299703595,-3.86495202185621,-1.9809075247302,-0.485432239762653,131.629154712424,-180.921991478051,-26.3297884329737,11.0998500276935,-9.93681250645629,4.94635500634775,0.114078768214824,-133.318025274946,-163.086675658378,1.61630842039838,6.93654901508766,-5.65473889271471,4.01741711724502,1.16798221602283,-116.130231761997,-167.007962458229,20.5105206226107
4.43383258918919,-1802583.64150178,7.31122103393714,5.2225152607756,5.11656988206462,0.113457959893464,-159.587281817875,180.652515409259,9.38296285398256,4.18262904277524,-3.08580914597048,-2.82350272252602,-0.557711131719403,176.180615346389,-149.897006208705,-1.18744910903012,11.3198626163002,-10.5496502975226,4.10416474473086,0.118672868309618,-111.617483219919,-172.697995589085,0.235158754160795,6.91295012592338,-6.16320727126792,3.13109494824005,1.23442791580812,-85.9840279966804,-185.245408062829,5.90195954601972
4.43872644414414,-1802739.46563934,7.37968444318028,4.35850365342945,5.95509768047168,0.15069889732927,-183.619386060974,152.926020330093,5.09745415605963,4.06605097889447,-2.10314586839232,-3.47987758681725,-0.497306730852954,211.214840804072,-106.981742283653,25.2486771708504,11.5122936387143,-11.0529873386555,3.21937505045689,0.116430355756432,-89.5957882665209,-180.182740980819,-1.09238642580818,6.86489670330533,-6.51457917268151,2.16496303661673,1.22700181148303,-53.4491207926191,-198.817850923969,-8.95836727374384
4.4436202990991,-1803050.15286454,7.45883570999999,3.38632140016586,6.64583008536555,0.164432501454061,-202.663777441806,121.9999285891,0.303157545157547,4.01322276815925,-0.973660737929757,-3.89332014536255,-0.305224360010899,233.034864035952,-54.1468573332839,48.9218635925454,11.6748748951824,-11.4456081801878,2.30233733492267,0.107749004051536,-67.3930668339863,-185.646615954429,-2.31862659372078,6.79451417724154,-6.69769847919411,1.14291643900036,1.14484424307069,-18.8384832531294,-207.4442726511,-23.9017504107759
4.44851415405405,-1803841.93280799,7.54450892731955,2.33186587901139,7.17509696636267,0.153730472780846,-216.434043859439,88.7978801391367,-4.41183155242805,4.02775943166216,0.227202771967206,-4.02134616015009,-0.00808809492750034,238.48311839743,4.29936374010249,59.8752863472232,11.805851370728,-11.7269180069953,1.36290889091261,0.0932440898192242,-45.1216913322185,-189.180417605813,-3.40152915008552,6.70357519400805,-6.7029640052128,0.0905203101057253,0.987984307375271,17.5100779736068,-210.729912653722,-38.7070266866545
4.45340800900901,-1802878.25982997,7.63226793375472,1.22198096157146,7.53380888675691,0.12031418592978,-224.819885386553,54.21520463798,-8.52527503776583,4.10078239433657,1.41117044604455,-3.85032650796153,0.293528503461332,226.807204257381,61.4512649972737,50.344476185913,11.9039062823972,-11.89682509351,0.410533158864535,0.0737337125506808,-22.8740792887573,-190.858436113178,-4.30042185421363,6.59350549533374,-6.52259769945804,-0.964382687536868,0.757773976204142,55.1631799914175,-208.158106392333,-52.988626281602
4.45830186396396,-1802536.86060492,7.71770253999022,0.0836670251458584,7.71724901274247,0.0684777224031876,-227.85346971022,19.0999281716016,-11.4879271769173,4.22290314430133,2.49527481454101,-3.40683351017735,0.49535666693163,200.466328148047,111.027688722533,27.8978521698525,11.9681050738209,-11.9556587998829,-0.545675470219171,0.0502398712770879,-0.729239360910638,-190.737956501667,-4.97438521020438,6.46554025780807,-6.15133220529863,-1.9910607538176,0.458098044559251,93.4761195385976,-199.113513583606,-65.8503892979732
4.46319571891892,-1802491.04337815,7.79672796984543,-1.05655373553074,7.72480816847293,0.00543491416060694,-225.682535646025,-15.7547154898928,-12.7031257850728,4.37901723885555,3.41583372752502,-2.7400496207362,0.572507025159858,163.294100741468,150.055916611507,2.87781649666622,11.9978565715191,-11.9041174871191,-1.49684640615214,0.023989860448637,21.2416781301041,-188.859398687587,-5.38417661387804,6.32131334459188,-5.58783650407207,-2.95551782337293,0.0992700832244098,131.349991847018,-183.026607685725,-74.1109066748349
4.46808957387387,-1802314.93509618,7.86585718866319,-2.1731583313144,7.55970185784354,-0.0585535354475407,-218.549827089683,-49.6183195257431,-11.8658203740174,4.54709222992842,4.1282158219557,-1.90627434406228,0.524134831898292,118.690818499506,177.738463598814,-21.1398998921637,11.9928895974545,-11.7432420185819,-2.43426945709504,-0.00360189486169244,42.9705806944464,-185.246801906696,-5.49789514533493,6.16499472686841,-4.83783228682845,-3.82132683067485,-0.283011022189098,166.742903500787,-159.937514323866,-71.3711219757952
4.47298342882883,-1802307.0014871,7.92236834638328,-3.24205200642757,7.2286249732155,-0.113223289579567,-206.769546275909,-81.8433794119003,-9.32099556931046,4.70233526943038,4.60274191252007,-0.962664984748058,0.36110802623822,69.3310755465185,194.070712191291,-41.783653553682,11.9532435148418,-11.4744116801746,-3.3493144252191,-0.0309890910047123,64.3881678257777,-179.908464009017,-5.30342475182075,6.00971252729963,-3.9204074690642,-4.55489296661159,-0.614441136533542,197.255872454454,-130.713610668873,-58.605328151357
4.47787728378378,-1802556.59205914,7.96426619405077,-4.24085379407348,6.74126806372454,-0.151763491140645,-190.697868294972,-111.877129471558,-5.71711529693837,4.82164952614418,4.82152657742088,0.0344327778506243,0.106298296361472,17.5593244253793,199.232463136013,-54.8892771936365,11.8792713108387,-11.0993603403241,-4.23335409718521,-0.0566361423798999,85.4199459796402,-172.837628744984,-4.8147982259023,5.87459995971088,-2.86527356228391,-5.12846293736358,-0.869064303702668,221.183360964467,-96.5350520839696,-41.918306183091
4.48277113873874,-1802246.1136851,7.99017077494769,-5.14903068937729,6.10985367849992,-0.170394442548951,-170.709922821302,-139.247052832844,-1.58107669416336,4.88801451085432,4.77833515677387,1.02965964661207,-0.187784745698144,-33.8658639427341,193.609208212713,-52.9520920105458,11.7716545387382,-10.6202122203782,-5.07769071266893,-0.0791370732637353,105.982076479392,-164.013275677552,-4.06301269638614,5.77860820560107,-1.70857385941953,-5.52024348745128,-1.03362419836445,237.432694154507,-58.6709889471174,-23.1735225368526
4.48766499369369,-1802032.33681608,7.99923622791492,-5.9479530222865,5.3487975353961,-0.167574258082279,-147.190874897192,-163.536229324835,2.67884567270011,4.89684318446903,4.48286793799354,1.97052485997776,-0.423222623743986,-82.1523510443392,178.037087145508,-37.7699736485302,11.6314316707913,-10.0395395755302,-5.87348685396073,-0.0972662693437613,125.976670720705,-153.401226135405,-3.08596488859787,5.73622079639594,-0.490946620738843,-5.71517282683476,-1.10079952907119,245.281217127483,-18.5467303163062,-3.41082809425541
4.49255884864865,-1801987.24543579,7.99111457826619,-6.62093943834921,4.47449138525157,-0.14360598582195,-120.538983508955,-184.361957456072,6.69098211378586,4.8531051829736,3.95681164633047,2.81003051806715,-0.565484482183447,-125.503866594715,153.489819277354,-17.7526413028323,11.4600417286217,-9.36044551317115,-6.61170297402298,-0.109996722149714,145.286370926687,-140.955862358079,-1.92383398150559,5.75404434210983,0.744238311855302,-5.70571079061434,-1.06773247930701,244.376681643597,22.2876623538079,16.5072672748302
4.4974527036036,-1802004.53825322,7.9659642587887,-7.15334285737605,3.50517796083538,-0.10066443694442,-91.1777918574551,-201.361187424344,10.036626355976,4.76517288125413,3.22782927204639,3.5054230527513,-0.600749036772309,-162.787516727291,120.626233026633,4.2117589726165,11.2593851457443,-8.5866758662633,-7.28304547754152,-0.116504609158817,163.76809576915,-126.622866378464,-0.618362046908074,5.82913581086165,1.95282019569713,-5.49229620329668,-0.935726856322892,234.762419179494,62.2408854461387,35.7329168680471
4.50234655855856,-1802086.63826724,7.92450369089447,-7.53271735692376,2.46087951100813,-0.0432397222621893,-59.5752424471537,-214.184659851561,12.1769514267297,4.64268816172912,2.32893647905756,4.01629284833349,-0.523366892457282,-192.733750148348,79.8324982645433,26.582323150248,11.0319037010546,-7.72276455547965,-7.87793163780762,-0.116180342618795,181.245889367201,-110.343552223518,0.784248844698471,5.94975397101214,3.09186250365025,-5.08330193615296,-0.710403310626535,216.874887148998,99.7746398884148,53.3103587859076
4.50724041351351,-1802330.83727527,7.86810968979444,-7.74909528184759,1.36333136231977,0.0211050773228769,-26.2652480639869,-222.502330816289,12.5154636507302,4.49594550650729,1.30049177056291,4.30374803539673,-0.334925805269829,-213.517450562445,31.5839687145334,47.1221197688298,10.7806808296767,-6.77421697259129,-8.3864809997767,-0.108662120711833,197.502953004616,-92.0615976511487,2.22752147738665,6.0982218326278,4.12156906718711,-4.49454980441253,-0.402623268463816,191.533447628685,133.462128885618,67.7928104216561
4.51213426846847,-1803196.95177374,7.79893704634275,-7.79536983756363,0.23585620284524,0.0819149142451125,8.14341931144575,-226.021434649733,10.8827467919598,4.33646353695069,0.193761973433114,4.33213253547882,-0.0521456947689841,-222.614160081651,-22.6775455147512,59.017966168982,10.5095622194283,-5.74773502543349,-8.79854761431911,-0.0939051278449282,212.273241553525,-71.7332610541584,3.6364432272143,6.25496828059971,5.0071969799371,-3.74868064729677,-0.0324752064099743,160.054218016494,161.954453816512,74.9075451618655
4.51702812342342,-1802531.8753747,7.7199368947537,-7.66766108873313,-0.896882984177563,0.129932545242475,42.979368492813,-224.508166722827,7.69876799101551,4.18073355146588,-0.925649830253599,4.07697258024922,0.255253856419991,-217.517839855204,-79.0641650661418,52.5335623437222,10.2232935415133,-4.65148455705605,-9.10381361031828,-0.0722976884396896,225.233575211589,-49.3424217097017,4.90764115681022,6.40376548665105,5.72211124735205,-2.87500526624741,0.34645218315484,124.60943647041,183.966576330481,70.5156466330426
4.52192197837838,-1802364.26821531,7.63470359784831,-7.3655761526355,-2.00922546438303,0.158902594155268,77.5195433045147,-217.803159551498,3.52903612035744,4.05809915317206,-1.98141642511893,3.5414908848174,0.473189928668238,-197.223333008566,-131.994143351207,30.666594881679,9.92766622100783,-3.4953992733176,-9.29197183141612,-0.044828716276826,235.998162655904,-24.9218225512275,5.90132201835311,6.53819474077267,6.2532913446412,-1.90901488399196,0.672681259920452,87.4848684214474,198.922458132249,58.4781364170322
4.52681583333333,-1802351.47827558,7.54726324486195,-6.89246565568798,-3.07491457969255,0.165222906446049,110.986895827748,-205.837046579938,-1.12467214384757,3.99986844221865,-2.89788316033926,2.75703114673715,0.561919805236781,-162.722823316532,-176.462638180427,3.58557317006092,9.62965161376757,-2.29150293049701,-9.35303183583056,-0.0132844682561585,244.118796596632,1.4186655198568,6.44419634765328,6.65616163869841,6.59695993156653,-0.885780684924923,0.931233547325162,50.1112702402848,207.147295198551,44.4098510624046
4.53170968828829,-1802391.61218834,7.46185024995672,-6.25570719435802,-4.06759593018241,0.147655872716792,142.548226864335,-188.655155083262,-5.7739430827192,4.02238284252401,-3.60864465828425,1.77686450301313,0.509045660368847,-116.550065650989,-208.639640807007,-24.0731166537747,9.3374867741052,-1.05421130735127,-9.27778517621755,0.0196132471997067,249.095514332411,29.4577282809804,6.36432340776247,6.75635749902129,6.75440404704405,0.162458067993555,1.1167797705445,13.3139317426568,209.210605024262,29.6128698409348
4.53660354324324,-1802523.1367827,7.38268606393164,-5.46698338704463,-4.96146613052517,0.107483475618857,171.322030240027,-166.452224834012,-9.848561098872,4.1183539182225,-4.06338381684915,0.670634738667083,0.321188638699034,-62.4931708242486,-225.942207255029,-48.0096082108347,9.06065009115483,0.199452212827101,-9.05845455302075,0.0503587658214662,250.403296831271,58.8267016394554,5.57402267469505,6.83735744190007,6.73009924899309,1.2063253653177,1.22736224573451,-22.3655216714208,205.635883562483,14.585404766134
4.5414973981982,-1803040.6804419,7.31377918563012,-4.54248689195775,-5.73211817852253,0.049170261728072,196.403264919886,-139.613671599759,-12.5994856477957,4.26098939908694,-4.23357636652673,-0.482557569537162,0.0289495782604994,-5.46379988762881,-227.38141808373,-59.8986896349084,8.80963726259411,1.44982166096144,-8.689518159823,0.0753534739466572,247.539062322149,88.9797871295687,4.10991158313427,6.89737839592966,6.53074883032984,2.21881690361838,1.26263381820584,-56.5280278217123,196.8387839385,-0.412860115927807
4.54639125315315,-1802101.72664821,7.25877247376501,-3.50295073784578,-6.35760284652276,-0.0185113808590995,216.912397120364,-108.753206503022,-13.1623028671338,4.41908225750414,-4.11802181572544,-1.60317944217022,-0.27779825765005,48.8021006279268,-214.12258477359,-52.6389529137694,8.5954485736029,2.67484283604859,-8.16865668172507,0.091457881652809,240.089743553434,119.180576850148,2.10496961137807,6.93424811169553,6.16481897077597,3.17471320470269,1.22323364457523,-88.8348082121029,183.120537409154,-15.2045128977127
4.55128510810811,-1801820.27823727,7.22083658574266,-2.37336292075411,-6.81965024355276,-0.0824527669432661,232.074866296601,-74.7170094882632,-11.2599086920366,4.57311976416927,-3.74555536024746,-2.62378341727306,-0.497439950877195,95.947130905223,-189.09225486796,-32.8057101887878,8.42874419252913,3.85071909649578,-7.49771239132152,0.0964031700604379,227.815994145559,148.518025721852,-0.23377367260199,6.94545654750888,5.64240074820881,4.05002227770992,1.11058868922871,-118.949106429598,164.678744409613,-29.6247936954303
4.55617896306306,-1801738.25470864,7.20245793425941,-1.18220207487977,-7.10477294140539,-0.131110467779466,241.309800658064,-38.5286551885841,-7.49623718134921,4.71011571255593,-3.15855050667321,-3.49410199084982,-0.605855359537928,134.344606619385,-155.320056250319,-10.17954166619,8.3187194706216,4.95300277750418,-6.68347642450655,0.0891201449267891,210.736104302973,175.964006948666,-2.63803752521282,6.92825781011115,4.97532790648,4.82150064879882,0.92698570762093,-146.486559303725,141.627843258493,-43.4593513210881
4.56107281801802,-1801725.78407984,7.20504636371694,0.0397350858265304,-7.2049367954386,-0.157415138756758,244.28416507521,-1.30794212877735,-2.70629091277821,4.81843586943795,-2.40210929405361,-4.17698397977625,-0.599235367539095,163.699464346988,-114.99475083543,12.3860694224111,8.27189173766289,5.95808013952551,-5.73807232183486,0.0700227948083097,189.184884030059,200.474553096942,-4.79094426064242,6.87984327060321,4.17753515517156,5.46630071029486,0.67599517601783,-170.964194583999,114.035737733914,-56.3219752591972
4.56596667297297,-1801775.39930602,7.22862603800697,1.26063957587233,-7.11785236269317,-0.158173376907248,240.925327642596,35.7985633251137,2.39380005984362,4.88695487966754,-1.52155586320333,-4.64404949920411,-0.481994665313817,183.907889822947,-69.6147008236213,33.3589743175529,8.29111068819512,6.84485161780478,-4.67873089353713,0.0412107023203649,163.820579167602,221.119124241394,-6.3561536386667,6.79768018645676,3.26568596064001,5.96185802613796,0.363765955028957,-191.738473755338,82.0080210301395,-67.2378194235741
4.57086052792793,-1802049.04017004,7.27174560995009,2.44898836225249,-6.84695116218746,-0.133477138158322,231.411701622508,71.6766896876748,7.15858892538158,4.90554878203746,-0.563030395824141,-4.87313098801247,-0.265645624363566,194.640586695635,-20.4090673977655,50.5328296476128,8.375108960303,7.59628593120153,-3.52688107942091,0.0064612584216427,135.565310804062,237.205035019554,-7.04442254915684,6.6803341974108,2.26015041761818,6.28638092059625,0.00361698178208841,-207.919576332648,45.9563855249159,-72.1186046245796
4.57575438288288,-1802471.0982768,7.33162872992285,3.57475659209741,-6.40108546581642,-0.0865874876534319,216.150070121845,105.29526031908,10.9190425898513,4.86671970268557,0.424850003753021,-4.84814017318177,0.0233336311623113,195.299410564975,30.9781842618531,56.8152623981072,8.5187471430747,8.2005047258454,-2.30668054334158,-0.0292335231712036,105.48826266988,248.359380923121,-6.73864029910277,6.53011622921663,1.18649019731353,6.42142188138712,-0.357420091216839,-218.403051682219,7.1402752371696,-67.0558467838798
4.58064823783784,-1802006.64765789,7.40452758155715,4.61048906347094,-5.79399855899666,-0.0242867122598088,195.743746633944,135.747206785757,12.9262560694814,4.77034113427957,1.3899637098256,-4.56334914539394,0.302506999617506,185.441594061856,81.8476477361105,47.6659325585007,8.71384907749401,8.65116855790034,-1.04328727018971,-0.060925144569385,74.6643431817202,254.544068410227,-5.5829608150344,6.35823933739168,0.0761199007959923,6.35778367296795,-0.66694148605671,-222.314309306424,-32.7941096079451,-54.7825234791791
4.58554209279279,-1801903.35688271,7.48620111994555,5.53219405843685,-5.04361339795885,0.0426750730413816,170.950992019619,162.284488751796,12.6130153399002,4.62960503138088,2.27926594437158,-4.02966369582066,0.499992956747318,165.079198158206,129.333897545474,28.554247098023,8.95033332116638,8.9471481576626,0.238760140760687,-0.0850631313215476,44.0521503393554,256.005361401407,-3.87786532827839,6.18103205841728,-1.03665289575072,6.09348078530767,-0.90524532600863,-219.207310225356,-72.5358208645331,-39.3407455389283
4.59043594774775,-1801914.44572908,7.57237810100921,6.31999898366713,-4.1711536714787,0.101843441139193,142.620956116232,184.352256457372,10.1921772772322,4.46532884414282,3.04075569140767,-3.27001016993919,0.588049470597736,134.405650222525,171.171974860502,5.28709489114701,9.21734280106737,9.09169006129389,1.51676634382436,-0.099703797852169,14.4218325785074,253.184450277162,-1.91885837739992,6.0167661215896,-2.11595320145757,5.63242546432262,-1.06034894144599,-208.842869115379,-110.890026957801,-21.8805956785167
4.5953298027027,-1802015.6022275,7.65897919276233,6.95840361959917,-3.20009083338513,0.144596845813703,111.615761582211,201.600754909618,6.45003496448958,4.30131720458351,3.62332244659684,-2.31794394721564,0.552863905658788,93.6894276213646,205.014367110635,-19.7438363915241,9.50416722428212,9.09136648344767,2.7706046435323,-0.104251715095547,-13.6646845576161,246.623053373892,0.0596767268017504,5.88321152455029,-3.12508158690451,4.98458051572966,-1.1240512827938,-191.15183014609,-146.594033071956,-3.08860964664433
4.60022365765766,-1802272.85992165,7.74216247446072,7.43615659948923,-2.15514612238252,0.166343790784089,78.7561544144689,213.856305486219,2.08252481992868,4.16050159715058,3.97764996762131,-1.21986649883284,0.390611106682495,43.7290346490052,227.937707664543,-43.8563637392755,9.80087052878728,8.95504321571773,3.98299687756328,-0.0991070305841515,-39.836612118433,236.886729319393,1.88822592285365,5.79483606975691,-4.02747150291848,4.16648513360306,-1.09123503791244,-166.299939229908,-178.286494777563,16.3937792084133
4.60511751261261,-1802965.33987478,7.81836412189336,7.74596516374386,-1.06152777852294,0.16542209401299,44.8011218671775,221.075402048582,-2.39283160619546,4.06079593908466,4.06061279308689,-0.0385668705702125,0.114300268266033,-13.0856914069094,236.541803668732,-60.5252143159654,10.0986349120417,8.69300036226334,5.13947193672623,-0.0853694558670103,-63.8788596785839,224.513552508194,3.4480346164445,5.75992205168527,-4.78808097920358,3.20171556795402,-0.960113490709663,-134.776603463862,-204.552441016973,35.8216488801925
4.61001136756757,-1802580.11565359,7.88436392001645,7.88416781816101,0.0556078981032999,0.142415474722134,10.4474338714008,223.305870532861,-6.54627425548452,4.01373954346048,3.84679305355222,1.14555153785447,-0.21464103647716,-71.2312293889285,228.346298673753,-57.3263400781074,10.3898856640381,8.31625461893189,6.22813240264523,-0.0646266844197064,-85.6923069352038,209.98599086773,4.65632075846435,5.77855111386147,-5.37523753755709,2.12096072343333,-0.733018549110511,-97.4777006342234,-224.024262875194,54.2015412490334
4.61490522252252,-1802180.2555215,7.93737268207894,7.85043950245787,1.17153092680566,0.0999593514581448,-23.6603352999313,220.660408014856,-9.94326806780326,4.03121257257789,3.3483004991976,2.24489611616732,-0.458963132515041,-123.553615976176,203.875060626322,-36.0021572666089,10.6682722550727,7.8360772929113,7.23933184540354,-0.0388062482823667,-105.257804058615,193.719863944185,5.4577885135718,5.84251336107904,-5.76285798554582,0.961472939202079,-0.418098078219329,-55.787595031437,-235.524064972841,69.856883561787
4.61979907747748,-1802132.5039991,7.97513920150301,7.6475644651617,2.26221197825186,0.0429827940441016,-56.9152904742307,213.302621227191,-12.0732075482559,4.11806298038298,2.61125689379046,3.18430214411769,-0.574662609143248,-165.032989163957,166.389258635947,-9.41996438773005,10.928569369395,7.26367657834574,8.16533104208708,-0.0100487992839884,-122.607142547857,176.06401924853,5.82470574661317,5.93773717369059,-5.93311348787146,-0.234279926295077,-0.034449713492641,-11.784449099237,-238.27133331189,77.7541109182735
4.62469293243243,-1801774.57830719,7.99607606288865,7.28128659771556,3.30455713907758,-0.0207727240244142,-88.7354206255527,201.443620012313,-12.4160924214679,4.26165851578138,1.69797060755803,3.90878870252678,-0.553162776392341,-193.519519665232,119.891997432445,17.1790248778708,11.1665426274329,6.61000586743274,8.99997203788883,0.019440809183765,-137.80134930407,157.305716555106,5.76528805873892,6.05000709709197,-5.88070247653819,-1.42124039391682,0.359443030963405,31.4182541386312,-232.332296207611,72.7915955589371
4.62958678738739,-1801696.39453581,7.99938512550923,6.76021025890617,4.27664817837499,-0.081178130170577,-118.563750593752,185.341062238099,-10.884333175528,4.43505305018302,0.676061697138136,4.38322211844214,-0.402872360364541,-208.513330353285,68.0999360024602,40.6317350531032,11.3788063889139,5.88566308530504,9.73838820763814,0.0476040813034008,-150.915269227552,137.67837370003,5.33256438502574,6.17363082115971,-5.61893094648515,-2.55760288837119,0.69346624209673,70.9986290864423,-218.786049242997,59.1669023918907
4.63448064234234,-1801870.82323143,7.98508417478115,6.09564909177805,5.15796776145857,-0.129616055779694,-145.88023753336,165.290754268081,-7.9277414141622,4.60608829836052,-0.387162695974812,4.58978806255138,-0.14684542586131,-210.37175527189,14.3654623859719,56.5882709222848,11.5626884212196,5.10085317515722,10.3767557748891,0.0727664530340224,-162.026844903826,117.369973380644,4.60697769638219,6.30570496301705,-5.17071618567376,-3.60910088634679,0.951112054882312,105.672452607415,-199.111191222155,43.389075814795
4.6393744972973,-1801648.430834,7.95390197306397,5.30140788357257,5.9295557210558,-0.160455544312199,-170.202935671271,141.617514428182,-4.08968429474386,4.7466634894384,-1.42765585558076,4.52687674230186,0.163010348858307,-200.151596781909,-37.7810879816354,56.4144833644271,11.7161109010163,4.26539463626678,10.9120879414446,0.0936738582672227,-171.209697719266,96.5314483421463,3.66863834945956,6.44240124173982,-4.562206420411,-4.54871480059274,1.12735700024468,135.030483028457,-174.633668770066,27.0309518268277
4.64426835225225,-1801312.86960764,7.90716442989851,4.39361973506534,6.57414290574038,-0.170512898727133,-191.074919956735,114.676781173791,0.186791891829576,4.8421624866112,-2.38867866379391,4.21197718273503,0.417299407782962,-179.668421824251,-85.0849927150368,41.4374744485942,11.8374923997313,3.38875619796456,11.3420702583106,0.109452836528618,-178.52816654992,75.2845518919083,2.58716113497846,6.57846901139665,-3.8204113553892,-5.35543757404746,1.22142157315059,158.996848198565,-146.432479260367,10.7284966957665
4.64916220720721,-1801222.44894575,7.84671402895442,3.39065868400522,7.07632353279371,-0.158587625393903,-208.052367272992,84.8667361334511,4.51109133908424,4.88973844467937,-3.22434007382327,3.67602681515149,0.577385093344249,-150.833727016022,-125.771837169791,21.357319766381,11.9256711753461,2.48011297076758,11.6649334603637,0.119545469617007,-184.03416152408,53.7289038404593,1.41963006856249,6.70752141345539,-2.97223793842536,-6.0130395931964,1.23464196720234,177.622516767277,-115.360473386232,-5.17697300731608
4.65405606216216,-1801206.43915682,7.77486499269177,2.31309606233542,7.42281026707489,-0.12540198533629,-220.700724913252,52.6482205424048,8.46122882296244,4.89023295069702,-3.89701593395413,2.95425881103712,0.630872605446772,-114.988205852409,-159.171809941043,-0.317956412062831,11.9798482887074,1.54841458272376,11.8793592967152,0.123649137214243,-187.765258991662,31.9481781444326,0.212892979548021,6.82248700520639,-2.04418618771643,-6.50904230790977,1.16965184307743,190.983750781343,-82.0907061223587,-20.4562774714795
4.65894991711712,-1801237.20352297,7.69439314126547,1.1836514348727,7.60280573821776,-0.0739753371642789,-228.60235950665,18.5702202565475,11.4931552517084,4.84542692501204,-4.37422213234736,2.08430871574106,0.574205529223621,-72.9746184630997,-184.695322309605,-22.1234555646542,11.9995486247848,0.602460380850954,11.984415241808,0.121674399412488,-189.743594058721,10.0155619416395,-0.992450784894258,6.91603365740961,-1.06240043061192,-6.83394665441999,1.03007919248755,199.126283010709,-47.1682846865101,-34.9067418847293
4.66384377207207,-1801354.33749719,7.60856063386216,0.0270724672689215,7.60851246964037,-0.0104704328192066,-231.379287906193,-16.7032710429493,12.8928617228198,4.75742087344181,-4.62676211858512,1.10730558794108,0.40963804980023,-25.4533110107303,-201.396869447597,-42.5100787444892,11.9845981799168,-0.349021357863445,11.9795149161316,0.1137246293653,-189.97524575955,-12.0012989758966,-2.15771044691886,6.98092576728097,-0.0529233576093406,-6.98072515477487,0.820584424230135,202.034078540459,-11.0655745098671,-48.2712267616934
4.66873762702703,-1801765.98386741,7.52116614659306,-1.13014144418923,7.43577302778826,0.0549532800639188,-228.732704881947,-52.3788604241939,12.1099875752659,4.62928966615215,-4.62875524245466,0.0703400212650969,0.149104741778729,26.5381157604782,-207.80245252075,-57.5110854102479,11.9351165696364,-1.29729207674454,11.864402252049,0.100097294943299,-188.449937454424,-34.0356180379701,-3.24191201646063,7.01036034813765,0.957940354792663,-6.94460239951866,0.547366924870616,199.617367550003,25.7497784123719,-60.0637096090214
4.67363148198198,-1801937.64613104,7.4365356868885,-2.26025458155055,7.08472386539843,0.110629442933453,-220.488637447427,-87.5560161863805,9.30830873438956,4.46810240952124,-4.36138096098034,-0.970718937266423,-0.165472804302249,80.4329826202409,-202.211682114409,-56.7886745784734,11.8515244141049,-2.23352073240768,11.6391587357519,0.0813055092006941,-185.140987205368,-56.0167897940899,-4.19809256447087,6.99842897195186,1.94325031789069,-6.72322737065116,0.21994732813992,191.737375823559,62.6970325444055,-68.8824129859233
4.67852533693694,-1801813.55085904,7.3592664986057,-3.3350278186635,6.56021286592446,0.148036367407814,-206.632196688146,-121.272992388995,5.14677217304704,4.29367703035779,-3.82442541625225,-1.95177679987899,-0.418782004006005,132.03329770285,-183.635552054052,-39.3750133798724,11.7345659610811,-3.14870194879823,11.3042343541081,0.0581163692985903,-180.005544919762,-77.8654630147193,-4.97086622515664,6.94117470403646,2.87531411302826,-6.3176320740746,-0.141457204988616,178.380262166777,98.7680388022066,-69.7223127921075
4.68341919189189,-1801788.9261516,7.29380404717278,-4.32657654843201,5.87199394150847,0.162097164663923,-187.330399670395,-152.54486293694,0.271903834679041,4.13855528564857,-3.04104798395185,-2.80707445780694,-0.559222938100973,177.084146519412,-152.221082250744,-14.6065565833734,11.585347911939,-4.0335761816053,10.8605041056047,0.0315968469491277,-172.985250435508,-99.4881364141096,-5.49690344114282,6.84013324462448,3.72705293955847,-5.73554698262909,-0.477275799781154,159.874616353615,132.534105661674,-61.7856810163682
4.68831304684685,-1801885.75905717,7.24400243074659,-5.20833181536745,5.03476423655505,0.150755405754605,-162.951789781649,-180.398674338718,-4.71642286758696,4.03556650850134,-2.05358395105814,-3.47398762238643,-0.56484756983974,211.849940336942,-109.095091643136,12.8919329993197,11.4053957679742,-4.8785544531533,10.309352989967,0.00314733488716205,-164.00753973024,-120.771098390814,-5.71041434371799,6.70374410022654,4.47406027656441,-4.99229101745787,-0.759314015152298,136.697825943692,162.826298243483,-49.6794491327433
4.6932069018018,-1802069.08109268,7.21274868663805,-5.9560944462485,4.06800719812129,0.114932935988053,-134.081206248947,-203.918305406717,-9.17745394852889,4.00570813985996,-0.922548580582423,-3.89802537423831,-0.430303608107775,232.878802357453,-56.61763538612,39.5023286064948,11.1967288655711,-5.6736515789077,9.65279312169655,-0.0255072964880521,-152.987908967524,-141.57361505399,-5.5590864392848,6.54361793770007,5.09403119899538,-4.10728400019425,-0.974070291108587,109.243160215436,188.895057731893,-35.3024147648858
4.69810075675676,-1802486.02823235,7.20172147154736,-6.54914387785692,2.99558118248788,0.0589808662693159,-101.523260920914,-222.300632818369,-12.3350300651673,4.04952617431949,0.275204072516391,-4.04016397624763,-0.169824283774792,237.536945654134,1.13293750725582,59.2195958465481,10.9619542491014,-6.40843354282854,8.89361683942713,-0.052443529505686,-139.833532656161,-161.720353702425,-5.0240017304537,6.3731117770869,5.56649187871877,-3.10334044013893,-1.11233816280116,77.8896024182305,210.044687734552,-19.3020795396903
4.70299461171171,-1802342.48482196,7.21134031399338,-6.97132705545764,1.8450008699376,-0.00841736466361988,-66.285427263012,-234.919881747605,-13.3051275494989,4.14934865822976,1.45282087595892,-3.88669599916575,0.161892350357706,225.321470394827,57.9864618988842,59.6747868964154,10.7043775514704,-7.07198690546931,8.0355895846723,-0.0757473137925891,-124.448982242495,-180.992848481635,-4.11934723457196,6.2063410642975,5.87292722317769,-2.00683712284873,-1.16709108650549,43.0799470179203,225.52221647237,-2.07489697025388
4.70788846666667,-1801767.30366987,7.24090653747352,-7.21199815048704,0.646382365011829,-0.0740704092256734,-29.5204006198644,-241.391982603472,-11.7457070137976,4.28562400952587,2.52841877646466,-3.46029935725879,0.426923585189362,198.794298674478,107.62149786548,41.5856677514354,10.4281291102331,-7.6529233652535,7.08368835461078,-0.0936370018514056,-106.745274431381,-199.119953232503,-2.8804984101394,6.05696360668113,5.99729134889797,-0.848118275415235,-1.13308713250369,5.40109618966751,234.497400786155,15.9955599998461
4.71278232162162,-1801575.21193558,7.28876823946421,-7.26653106165628,-0.568918956097115,-0.125874434801596,7.58307077083582,-241.612652699713,-8.2489332041336,4.44270857985756,3.4407638627037,-2.81048102051095,0.57774902787206,162.017339040686,146.668985045189,17.8316566882075,10.138300099986,-8.13943964978313,6.04439005234727,-0.104552297893983,-86.6537708884706,-215.76802394181,-1.35984835484348,5.93657584830673,5.92693818507436,0.338136885012816,-1.00713548650703,-34.3284509341496,236.095306257093,34.4177102867994
4.71767617657658,-1801522.39452081,7.35233841510682,-7.13616744277868,-1.7697441619853,-0.156559741267009,43.9075093804642,-235.742077736552,-3.70132976690948,4.60274872577882,4.14859216687151,-1.9936095068069,0.605240152071438,118.427064393953,174.49357501072,-6.41006040376397,9.84107580220273,-8.5194610741382,4.92600811519268,-0.10723548539984,-64.146590867491,-230.532583659991,0.370945446969499,5.85290205239929,5.65400683955647,1.51283478715569,-0.788910029635701,-74.9667212052206,229.486411055803,52.4406372345304
4.72257003153153,-1801563.41655605,7.42816392041769,-6.82745596785164,-2.92633973346264,-0.162887732470691,78.4646870381622,-224.151671467982,1.18390272163519,4.74619120041749,4.62503450664323,-1.06554527040375,0.51364842383442,70.4748335370248,191.329572369226,-28.9738943794488,9.54384113635813,-8.78090555845804,3.73906421574736,-0.100842843424288,-39.2649859633913,-242.934590497603,2.21159439983315,5.80834132698612,5.17727097302216,2.63300099557084,-0.482729114161725,-114.952930050272,214.062355996508,68.6478638838297
4.72746388648649,-1801809.59216803,7.51212535852852,-6.35152057239706,-4.01126087666512,-0.144720714050658,110.417277425005,-207.365697451109,5.82816241227448,4.85400497882506,4.85334050224176,-0.0803137831146368,0.31550120827695,20.0102465457783,197.470773145479,-47.7693640644031,9.25521709565931,-8.91211093377211,2.49666221021666,-0.0851195414015089,-12.1560715173859,-252.426211065765,4.01845891077263,5.79983411779908,4.50447753905375,3.65345834712078,-0.102431390797404,-152.172971874995,189.805006159954,78.8823804548479
4.73235774144144,-1802051.95270247,7.59973273174199,-5.72328319360159,-4.99999670797373,-0.104606108347946,139.080656593476,-186.011619079824,9.68698894302141,4.91004309350952,4.82513697210101,0.909162461051041,0.035954783190389,-31.0937966727565,193.099323938114,-57.3727822252303,8.9849679970317,-8.90246627363189,1.21480210508971,-0.0606582543165619,16.8843111891009,-258.412784284676,5.58933378827626,5.82180432034355,3.6555412542722,4.53105105717038,0.306094690386754,-183.804362410814,158.144310374304,75.7998070639987
4.7372515963964,-1801473.24754709,7.68646551558295,-4.9607140064623,-5.87137706746336,-0.0478508246204434,163.914104442105,-160.783000894894,12.1676415486333,4.90493988184287,4.5424025355142,1.85067945626651,-0.258226613975353,-80.2505804850555,178.645968281466,-51.6927985561168,8.74370530393339,-8.74326782188111,-0.0874656326301013,-0.0292262035187463,47.369735415748,-260.298188558837,6.66152366938146,5.87486706428565,2.66643391494561,5.23490145086382,0.655566679842583,-207.527129869235,121.715346560105,61.6941741877398
4.74214545135135,-1801329.36648754,7.76811373601018,-4.08414214918054,-6.60782671692267,0.0170703071383874,184.5094393495,-132.413019864321,12.6882377966064,4.84230732711524,4.02263116725046,2.6956221438657,-0.480973202370779,-124.898483258094,154.953525895311,-34.5041130016229,8.5423175193201,-8.42876891947442,-1.38817978049865,0.0059569823772527,78.5964753462832,-257.557655553703,6.95360690125425,5.96146864187998,1.58026995557985,5.74820452277143,0.923036432264152,-222.65530504229,82.9363168798067,44.5600559823799
4.74703930630631,-1801314.47768595,7.84107201786203,-3.1156196129673,-7.19550726610657,0.0790315533456211,200.584982704978,-101.645687596998,11.1672342814566,4.73371527191806,3.29341770293326,3.40021471521962,-0.603267743991582,-163.36791067482,122.824999004693,-13.0611760529306,8.3910944350911,-7.95730306841827,-2.66304218816714,0.0403098654937961,109.652204014251,-249.832328565494,6.30580125459816,6.08019741063201,0.439880864522707,6.06426461966189,1.10116723966638,-229.502801459754,43.5669831756199,26.5620166183916
4.75193316126126,-1801359.035348,7.90246792344516,-2.07829232213076,-7.62428359289265,0.128742649952953,211.979050587787,-69.1970034247691,8.14894941001293,4.59389425984905,2.38895206050226,3.92387213391263,-0.611584962900085,-194.247722497558,82.796460360237,10.3253130204978,8.29859930245423,-7.33224687933191,-3.88650306615359,0.0690149949232343,139.476869534233,-237.024577527271,4.78935828980278,6.22504466775261,-0.714758059017682,6.18387435452763,1.18865659844807,-228.729578377466,4.9037189574894,8.6270647073896
4.75682701621622,-1801485.69288133,7.95009268965654,-0.995829107089434,-7.88747730035426,0.16052104744575,218.627555444891,-35.7291399669868,4.27457302647058,4.43875438913875,1.35094047795768,4.22817931882199,-0.500014613786604,-215.738085577261,35.3980719597872,33.9644170532184,8.27048034401338,-6.56253437307595,-5.03328796343984,0.0882034483918239,166.973269221882,-219.362729697684,2.65019243016936,6.3863448775252,-1.84741491925195,6.11330180923678,1.18743788674028,-221.093201713304,-32.1100206137258,-8.71372583566627
4.76172087117117,-1801843.12533863,7.98230541512671,0.107983232318149,-7.98157499256251,0.171488380217659,220.532905448308,-1.85144320920035,0.0339265530088286,4.28411604174629,0.231571204729649,4.27785285351051,-0.271940792367901,-225.398348361133,-18.2275155382038,54.6013618041069,8.30855295174301,-5.66251418711309,-6.08013036313043,0.095516919224928,191.142904985735,-197.408109325146,0.206765005042553,6.55223497264264,-2.92569007615072,5.86277414839037,1.10151934009141,-207.330063289145,-66.7878896387163,-25.0959000464662
4.76661472612613,-1802861.66034298,7.99797445583905,1.20949994739365,-7.90599173244627,0.160860312975839,217.741058444874,31.8652270561377,-4.18120521973594,4.14545861996001,-0.903043005653645,4.04590416343995,0.0459990042544647,-220.534762924478,-75.0102531847133,61.2630582273084,8.41046977429603,-4.6511053232186,-7.00736905669131,0.0902710984422494,211.210739444492,-171.995331086117,-2.21248163158857,6.71004032332197,-3.9207155521434,5.44542291284962,0.936478886275616,-188.102660846393,-98.6124743429651,-40.208249253248
4.77150858108108,-1802288.78921044,7.99646231411601,2.28539381676689,-7.66292272200114,0.129676328020299,210.330511703958,64.8700193194116,-7.99147321298888,4.04237748187472,-1.97377642451513,3.52775032166337,0.340689789905183,-199.91578217296,-129.065800953464,47.8828536391576,8.57010465016002,-3.55040679266817,-7.80008367399159,0.0733921029090422,226.704103520184,-144.121238268143,-4.30533306455491,6.84735238651091,-4.80671668461465,4.87664940496072,0.699436847558926,-163.991855660792,-127.155240444602,-53.6699877211618
4.77640243603604,-1802105.84362072,7.97765365760105,3.31280506443323,-7.25729153925215,0.0809455808459498,198.412714079264,96.6133173864235,-10.9475588335904,4.00176848544165,-2.90220082738324,2.75524615390531,0.524827540646041,-164.971206887738,-174.165657991209,23.0596014173679,8.77851302141258,-2.38406428801676,-8.44858143937273,0.0472177677967003,237.468430205553,-114.81595924899,-5.82118376861933,6.95283012249902,-5.56063410875132,4.17387050840359,0.399779009063998,-135.536453175567,-152.000361800054,-64.7219163914403
4.78129629099099,-1802081.2746846,7.94202741490331,4.26952095755953,-6.6967895481369,0.0202007396843951,182.143100787869,126.530819272144,-12.480266034335,4.03977718643876,-3.62348849339251,1.78609374175128,0.571285804078863,-118.99620972647,-206.282320445551,-4.76676390037702,9.02515268186992,-1.17572249061263,-8.94824326648149,0.015180265222849,243.626280977714,-85.030925677167,-6.59009754711858,7.01700191365668,-6.16208121637032,3.35664578696018,0.052217683644523,-103.38556197932,-172.652915903166,-70.5958952046368
4.78619014594595,-1801904.89283216,7.89076957408657,5.13423607231192,-5.99198334653071,-0.0438570794974002,161.739037837346,154.037010749277,-12.1032342368162,4.15033094376677,-4.09216292464794,0.692422949449801,0.477159901642271,-66.0461548457339,-223.419287918137,-31.3951261462648,9.29903720094263,0.0521985217603853,-9.2988906961444,-0.0186832076744854,245.502446786211,-55.56514225414,-6.56528895579119,7.03397287883773,-6.59448972854452,2.44734134937193,-0.30617994298237,-68.6769623793775,-188.468567316452,-67.6009376237279
4.7910840009009,-1801958.99756813,7.8258792812686,5.886911335933,-5.15641944064413,-0.100831602683767,137.491190384387,178.538063724429,-9.88397827033118,4.30732176625231,-4.28395004184985,-0.448099137430091,0.257334542616215,-10.3732740208881,-225.177288652045,-52.5938001427315,9.58961040965857,1.27930197724948,-9.50389468902289,-0.050472624335063,243.540587484924,-27.0335671799821,-5.85941597130536,7.00524263729828,-6.8488508401641,1.47196011379566,-0.623791692592756,-32.7011577416763,-198.981585825213,-57.8001699531932
4.79597785585586,-1802393.24486798,7.75012991692842,6.50914797615579,-4.20660270928643,-0.142696862200712,109.763789529892,199.452731536276,-6.34755910380563,4.47628335302922,-4.19589566485682,-1.55934993707065,-0.0487780997850443,43.6101287942638,-212.587876261413,-59.0029412767004,9.88727813480487,2.48760439660963,-9.56922636794422,-0.0772773673875391,238.230088942202,0.129583011773223,-4.68257604974624,6.93660651208126,-6.92150130596128,0.457525491119803,-0.884181642514301,3.69758616041344,-204.091811680461,-45.4587814718298
4.80087171081081,-1801706.2746582,7.66690874964732,6.98454923123192,-3.16189212528137,-0.164307193721823,78.9989944413279,216.222071002212,-2.0247121128803,4.62939545328128,-3.84784875390722,-2.57397790004422,-0.332694870150789,91.6423104410295,-188.18689728154,-47.780676688107,10.1836496712369,3.6616028666715,-9.50259885890516,-0.0972983848325254,230.052770624364,25.6447265876714,-3.23780827899372,6.83559462905161,-6.81187497855996,-0.568958003008949,-1.07837950731105,39.9584804508045,-203.790484752235,-31.5851931827089
4.80576556576577,-1801515.13829015,7.58003378240528,7.29913792056907,-2.04438199926431,-0.162943983329515,45.7319784897407,228.315505574945,2.61551219023101,4.75362260391788,-3.27947256044653,-3.44121890988605,-0.526584866666114,131.19204428723,-155.067452763476,-28.0385366304017,10.471583626094,4.78813210285326,-9.31277910206751,-0.109655450177476,219.450899413717,49.3516563333676,-1.68440918944868,6.71066269172213,-6.52191650145323,-1.58037935640254,-1.20003357434139,75.5780240492451,-198.022782403847,-16.5786688148764
4.81065942072072,-1801459.69858215,7.49357012982431,7.44186901612932,-0.878737069531927,-0.138152071819513,10.6109969989052,235.246779807368,7.09064983841313,4.84186844594796,-2.53592831103491,-4.12465242767898,-0.613080236454806,161.678263530545,-115.592131105586,-6.22688523977198,10.7451202847936,5.85611186080867,-9.00908229557149,-0.114142476727012,206.812385144385,71.1752460340488,-0.137373126526298,6.57074058666665,-6.05609473806751,-2.54918582704742,-1.24416619545982,110.014125350574,-186.668736378768,-0.683744264004931
4.81555327567568,-1801462.10725654,7.4116538761631,7.40524789055812,0.308085798809371,-0.0920374849453837,-25.5833803360267,236.60492503664,10.8067678795598,4.88858220736519,-1.66268992514108,-4.59714022094191,-0.588853719063834,183.042288686572,-71.2874545790646,15.5893916209865,10.999359299638,6.85625595429711,-8.60102664172702,-0.111029181442739,192.467400801111,91.0967680042557,1.32150429761843,6.42478916484417,-5.42177524794749,-3.44706672019022,-1.20687101698144,142.620173029833,-169.558623730845,15.8738323501003
4.82044713063063,-1801525.66339644,7.33833765933508,7.18603521276906,1.48731218083447,-0.0300843930239152,-61.9275499474945,232.102174485759,12.9753549452103,4.88870178294589,-0.705505424169188,-4.83752697346962,-0.457186320244941,195.061319544452,-23.2253426100829,36.0111717264253,11.2303200783713,7.78078586881979,-8.09811461552893,-0.100927433750828,176.691523690862,109.131879975935,2.63167102877092,6.28124184709727,-4.62989300776918,-4.24477206435587,-1.08542787195881,172.586361587705,-146.513155668775,32.8059324172949
4.82534098558559,-1801750.4284678,7.27747399642965,6.78597239108318,2.62910754366696,0.0377160645067197,-97.3676746128991,221.635135491358,12.8211071741676,4.83796887212795,0.287923270303434,-4.82939364704274,-0.228742001799582,197.142918291988,27.5046987146539,52.4633008676583,11.4348062189331,8.62317119120572,-7.50970784196768,-0.08471247115503,159.712003115452,125.314631215875,3.74453737907882,6.14731280344807,-3.69591163207044,-4.91219827687797,-0.878811692808491,198.884593314945,-117.418782695594,49.6510506107921
4.83023484054054,-1802346.40959758,7.23260128197762,6.21235846664006,3.70366353574805,0.0981266787177609,-130.782422848891,205.336816024378,10.3200659645336,4.73484810617703,1.26592375875069,-4.56247998632308,0.0674466884316423,188.489167645133,79.0110338364703,56.4903154252564,11.6102846710542,9.3779058999743,-6.84496830337018,-0.0634820599600397,141.71508898484,139.686271300374,4.61785785543911,6.02828797868877,-2.64104707461973,-5.41895989131181,-0.588917365850894,220.224918105845,-82.3688472683778,65.4924912991873
4.8351286954955,-1802126.10092888,7.2066417983031,5.47814816259426,4.68247570391074,0.140916724152055,-161.082262824333,183.590546713875,6.20171289446392,4.58660380244532,2.17281494675477,-4.03928330867804,0.336161152452983,168.741080837912,128.131928147381,44.5642613136921,11.754783837315,10.0403220810541,-6.11284512896393,-0.0385338926006389,122.853293079806,152.287629167088,5.214389746796,5.92717675806629,-1.49366245101199,-5.73588674956175,-0.223886779816618,235.054874501273,-41.965211965696,77.7669639108878
4.84002255045045,-1802161.30577481,7.20145518696006,4.60153583839674,5.53956900288681,0.1601438076624,-187.29151172947,157.00969646683,1.25665850084831,4.41454421616217,2.95333456712981,-3.28116070484928,0.513089301568563,138.187177908854,171.530062159886,23.5135810944981,11.8668111998089,10.6064388307724,-5.3220920116993,-0.0113381624920797,103.252036829864,163.154022493204,5.50511011159268,5.84583437108282,-0.290498329606998,-5.83861201096877,0.188752273257985,241.747781648982,1.86403858604136,78.1551700222295
4.84491640540541,-1802150.15261094,7.21750443621489,3.60523304529957,6.25257266857904,0.153483309160538,-208.600457154875,126.40250307113,-3.83165796691734,4.24696282638904,3.55468672584331,-2.32398268707918,0.571296963397964,97.4650395065992,206.345310319714,-1.46523374523909,11.9452891782112,11.0728424493528,-4.48130490403189,0.0165172085152879,83.0154763047887,172.311883567432,5.47703514012271,5.79140231832922,0.923815365477828,-5.71724636370134,0.557664920405677,239.374614788754,45.8601979515277,65.8704330879047
4.84981026036036,-1802293.40334442,7.25374312534581,2.51553126684798,6.80359403359811,0.121827227993227,-224.401948641283,92.7280222283218,-8.41219749682021,4.11240533828534,3.9279849621958,-1.21770760165213,0.498436964116172,47.7577442602557,229.594827982646,-27.5469682568164,11.9895071188084,11.4365935938203,-3.59897317602498,0.0434321889091474,62.2314779933402,179.776483539203,5.14407784179895,5.77651792377052,2.10324781828054,-5.38001003145349,0.847456604137032,228.188602900624,87.1381048206307,48.7516633482038
4.85470411531532,-1802631.37115185,7.30774861960373,1.36121355888673,7.17985289086226,0.0693613341923363,-234.315111787167,57.0461298142692,-11.7744739592809,4.03236162219144,4.03226416844586,-0.0280344072527186,0.2958272808298,-8.49906404817273,238.138729518066,-50.7755573218514,11.9990870451764,11.6951572292862,-2.68354006863986,0.0679579869332774,40.9759815258767,185.550246922328,4.54295266287639,5.81024372006156,3.20570139448407,-4.84586531549503,1.04518155388771,209.183072164761,123.922024751646,29.8688781273546
4.85959797027027,-1803521.47562596,7.37606988519876,0.172380148976316,7.3740553317408,0.00408248840041778,-238.196264777829,20.4638518322812,-13.1365964323457,4.01531515398944,3.84299432171407,1.16367969352852,-0.00931860910234122,-66.5840214504254,229.643203286934,-60.5118568018073,11.9739625520658,11.846353409079,-1.7434707068017,0.0888617155379113,19.3171592290201,189.621313930334,3.71832601184538,5.89447402156656,4.19507853992816,-4.14078978393703,1.14614538541058,183.637504645997,155.068776946325,10.5248645288794
4.86449182522523,-1802596.47608222,7.45470603543836,-1.02074908889156,7.38449140918507,-0.0620046301311211,-236.135579806508,-15.9283390943065,-12.1080354876303,4.05936423908658,3.36642395394161,2.26839762561662,-0.309291287188274,-119.507204975963,204.641527429934,-49.5715528760778,11.9143714002704,11.8883288215764,-0.78732692933652,0.105141247051731,-2.6803684574028,191.962248057445,2.71525682897145,6.02334872775891,5.04207644094404,-3.29517754603177,1.15043019917651,152.912389447558,179.897417262697,-8.46452328194894
4.86938568018018,-1802231.82253805,7.53953238271618,-2.18897564908877,7.21477194079773,-0.116997866475885,-228.428807883488,-51.1372726090455,-9.14645225381339,4.16127409104305,2.64792227195444,3.21009496782787,-0.50503413786312,-161.462125763793,166.806725102277,-26.3145462170497,11.8208622840066,11.819549724505,0.176151773772749,0.116014283827626,-24.9511001075488,192.528892594892,1.57610174683848,6.18470644957457,5.72420243440374,-2.34181561131006,1.06150015259109,118.323503950677,198.077930656341,-26.4911458865666
4.87427953513514,-1802057.6378402,7.62646911171595,-3.30503716772644,6.87311868309462,-0.153469152669255,-215.520355149471,-84.3267425951825,-5.07960810135331,4.30866202106784,1.75180269630367,3.93646487663939,-0.57243674935877,-190.193471699717,120.624359838157,-0.631575314253375,11.6943164727376,11.6388178205009,1.1379619966124,0.120902264520116,-47.4237956568541,191.259418019134,0.340997703491198,6.3625581145126,6.22531148045081,-1.31439823946836,0.885518740310843,81.0760994361301,209.52585639309,-43.0275373734932
4.87917339009009,-1801986.88309204,7.71154736155357,-4.34417920058347,6.37150451484591,-0.167793947489418,-197.940993752848,-114.824467329202,-0.563842263934588,4.47889983852508,0.745987554957275,4.41633856620944,-0.511349891005653,-205.580543324493,69.8225025633683,23.8234655058815,11.535985383654,11.3453117679364,2.08874595396408,0.119424260862538,-70.0159387778604,188.073676138951,-0.949178288231101,6.53961293907437,6.53496342876504,-0.246557047379166,0.631224778856157,42.2591546162934,214.310412676584,-57.4642835701325
4.88406724504505,-1802041.25954984,7.79099246799472,-5.28444710525492,5.7248740098026,-0.159107575308601,-176.262362635872,-142.10004648033,3.90309861835872,4.64464941134417,-0.304002736941259,4.63468990227307,-0.334202094299955,-208.267446870556,17.2861373636651,44.4096647499735,11.3475455715907,10.9386584327223,3.01869875800191,0.111410481637805,-92.6272159160858,182.87309642538,-2.24819369435317,6.69935579730631,6.64790302661374,0.828705887297482,0.310875904609517,2.91220964695789,212.599877174402,-68.6186467835243
4.8889611,-1802475.70881101,7.86133138320968,-6.1068028269422,4.95050405004261,-0.128762961305831,-151.07091467081,-165.736941535406,7.88401517146259,4.77990460085442,-1.33668691374829,4.58919993984609,-0.0672532435059184,-199.151538354726,-34.4536716877203,56.0928463786584,11.1311729738606,10.4190396087756,3.91747691821789,0.0969423239190061,-115.131684996282,175.541542226874,-3.49858269164927,6.82784885435217,6.56408552523462,1.87944172436485,-0.0549616889790862,-35.7348586767517,204.715251207642,-71.9644247126643
